gene_id,gene_name,A549,H9,HEYA8,Hct116,HepG2,K562,MCF7
ENSG00000000419,DPM1,3.126,2.8295,3.1975,3.2698,3.5391,2.7053,2.9059
ENSG00000001036,FUCA2,3.6907,3.6857,3.8117,4.1222,4.0337,3.4208,3.4454
ENSG00000001084,GCLC,0.41939,-0.034929,-1.7653,1.2885,0.011837,-1.6886,-0.72712
ENSG00000001167,NFYA,2.8055,3.34,3.6464,3.5094,3.538,2.9865,2.7458
ENSG00000001497,LAS1L,1.1005,0.96533,1.6519,1.6067,1.2492,2.1022,0.083919
ENSG00000001629,ANKIB1,0.74815,-0.65237,1.5733,0.80281,-1.0424,0.36665,0.51926
ENSG00000001630,CYP51A1,0.51865,0.71737,0.73373,1.9723,1.1649,1.9528,0.39977
ENSG00000001631,KRIT1,-2.3845,-2.4886,-2.5945,0.96437,-0.83728,-1.5537,-0.024629
ENSG00000002330,BAD,1.9976,1.27,0.79182,1.7198,1.2525,1.0343,0.67209
ENSG00000002549,LAP3,2.1759,2.9785,2.9129,3.2046,3.4766,2.7845,1.4094
ENSG00000002586,CD99,0.054753,0.51025,0.90529,0.76065,1.3767,-0.86804,-0.36368
ENSG00000002834,LASP1,3.6486,3.342,3.0181,3.3271,3.292,2.4581,2.756
ENSG00000002919,SNX11,3.2892,2.8882,3.5464,3.393,3.553,2.6534,3.1769
ENSG00000003056,M6PR,3.7349,3.7997,4.321,4.1104,4.0331,3.2933,3.5406
ENSG00000003249,DBNDD1,-2.247,-2.5836,-2.3375,-2.4648,-1.9693,-2.5026,-2.4241
ENSG00000003393,ALS2,1.5872,2.7983,2.5031,3.2875,2.2919,2.8515,2.4131
ENSG00000003509,NDUFAF7,2.001,2.4595,2.1512,2.1139,2.5623,2.5114,2.41
ENSG00000003756,RBM5,0.94396,2.8778,0.92613,2.1832,2.0151,2.0322,0.94099
ENSG00000004059,ARF5,2.0492,3.3981,2.7721,3.8822,2.2745,3.4932,2.3772
ENSG00000004142,POLDIP2,4.8883,4.7116,4.8656,5.0147,4.9555,4.5874,4.5173
ENSG00000004399,PLXND1,3.3047,3.7077,4.1288,3.6608,3.9155,3.2949,4.0389
ENSG00000004455,AK2,3.0968,2.8483,3.3072,3.5978,3.2659,3.3685,3.1598
ENSG00000004478,FKBP4,2.2672,2.9453,2.0126,3.1316,1.0986,1.8928,1.0658
ENSG00000004487,KDM1A,2.8455,3.954,3.6695,3.9443,3.4142,3.6245,3.2237
ENSG00000004700,RECQL,-0.6057,-0.063089,0.85909,0.02832,-0.65106,-0.37878,-0.98901
ENSG00000004779,NDUFAB1,2.4502,2.2897,2.1587,3.2052,2.6794,3.0106,1.3107
ENSG00000004864,SLC25A13,2.4096,3.3938,2.2743,2.0387,3.0579,2.4298,2.5884
ENSG00000004897,CDC27,2.9596,3.09,3.3733,3.3448,2.4373,2.7342,2.3327
ENSG00000004961,HCCS,1.8686,2.3832,2.2507,2.0086,0.90464,2.417,0.24115
ENSG00000004975,DVL2,1.3398,3.1362,2.5241,3.142,1.5171,2.3182,1.7438
ENSG00000005007,UPF1,3.7101,4.502,4.7045,4.2722,4.1759,3.6475,4.1967
ENSG00000005022,SLC25A5,3.3387,3.6688,4.299,4.0568,3.013,4.2653,3.1736
ENSG00000005075,POLR2J,2.0826,1.8794,1.565,1.8132,1.5328,1.8252,1.8402
ENSG00000005100,DHX33,1.6241,2.4968,2.4752,2.4363,1.6817,1.3725,-0.082101
ENSG00000005156,LIG3,3.0704,3.7267,3.1491,3.4583,3.0,3.2718,2.3769
ENSG00000005175,RPAP3,2.4657,2.78,1.7061,3.0629,2.1151,2.4535,2.1001
ENSG00000005194,CIAPIN1,3.7369,4.2335,3.7977,4.3014,3.886,3.8452,2.8968
ENSG00000005339,CREBBP,3.1402,3.5176,3.2331,3.836,3.6303,3.3114,3.2928
ENSG00000005436,GCFC2,-0.88039,-0.76893,-1.2101,-0.71024,-1.1876,-0.37138,-0.36295
ENSG00000005486,RHBDD2,2.0532,2.2563,2.1139,1.8575,2.3982,1.8679,1.5646
ENSG00000005700,IBTK,-0.47985,-2.0202,-1.9983,-1.6916,-0.9754,-1.8982,-2.0081
ENSG00000005812,FBXL3,-0.86105,-0.84668,0.12014,0.44889,-0.28598,-0.4667,-1.3001
ENSG00000005893,LAMP2,0.86071,0.59729,0.74105,2.0367,1.4127,0.88975,0.6462
ENSG00000006007,GDE1,3.6087,4.0978,3.9038,3.93,4.0913,3.5444,3.4289
ENSG00000006015,REX1BD,1.0303,0.5569,0.89988,0.9189,-1.2492,0.54013,0.12309
ENSG00000006125,AP2B1,3.2809,3.395,3.332,3.4159,3.0342,3.1867,2.3225
ENSG00000006194,ZNF263,3.2984,4.0814,3.9474,3.7817,4.0391,3.1187,3.9105
ENSG00000006327,TNFRSF12A,2.9428,3.3449,3.5523,3.8155,1.7282,2.1536,1.1072
ENSG00000006451,RALA,1.4861,3.2754,3.4707,3.0423,2.9516,2.812,2.4092
ENSG00000006453,BAIAP2L1,2.9756,3.0785,2.1207,3.6619,2.7637,2.8942,3.4259
ENSG00000006530,AGK,3.0203,3.1658,3.2717,3.3963,2.8356,2.8025,3.0989
ENSG00000006607,FARP2,-1.126,-2.0116,-1.9048,-0.66891,-1.1651,0.79776,-0.59538
ENSG00000006625,GGCT,0.60067,1.7887,0.44561,2.1472,0.66394,0.93977,1.0291
ENSG00000006634,DBF4,3.0875,3.6985,3.2484,3.8271,3.3193,3.2005,3.5701
ENSG00000006652,IFRD1,0.51012,0.33952,-0.62532,1.0637,-0.75257,0.37906,-0.26642
ENSG00000006695,COX10,0.75631,0.82744,1.0687,1.1869,0.87553,-0.099933,1.0467
ENSG00000006704,GTF2IRD1,1.4555,0.35695,2.298,1.0894,1.5393,1.6414,1.0141
ENSG00000006712,PAF1,3.2638,2.9792,3.1588,3.4973,3.3125,3.0543,3.0047
ENSG00000006715,VPS41,3.12,2.7688,2.8868,3.3751,2.7834,1.8186,3.2129
ENSG00000006744,ELAC2,3.5348,4.0964,4.1395,4.2867,3.8069,3.3318,3.5283
ENSG00000006757,PNPLA4,0.99026,-0.056021,-0.72403,0.47163,-0.19736,1.3952,-0.20839
ENSG00000006831,ADIPOR2,3.3411,3.8546,4.16,4.1959,3.8706,3.4561,3.2265
ENSG00000007047,MARK4,0.55096,0.27666,-0.087756,-0.50444,-0.66047,0.18298,-0.17768
ENSG00000007080,CCDC124,2.4159,3.6635,3.418,3.8076,2.2112,2.9537,2.7016
ENSG00000007168,PAFAH1B1,3.3481,3.5947,3.692,3.8951,3.787,2.671,3.3775
ENSG00000007202,KIAA0100,3.8152,4.079,4.0279,3.9585,3.7648,3.5141,3.6428
ENSG00000007255,TRAPPC6A,2.655,3.3563,2.6777,2.9762,2.7019,3.7396,3.3699
ENSG00000007376,RPUSD1,3.9261,4.7683,4.4043,5.061,4.2089,3.4058,4.0302
ENSG00000007520,TSR3,4.4232,4.8796,4.617,4.9023,4.3433,4.43,4.2698
ENSG00000007541,PIGQ,3.3968,2.7872,2.7095,3.0121,2.6704,2.9681,2.9921
ENSG00000007923,DNAJC11,3.5039,3.919,3.4999,4.2904,3.7891,3.6035,3.3428
ENSG00000008018,PSMB1,4.0335,4.5725,4.764,5.0217,4.5725,5.2857,4.3489
ENSG00000008130,NADK,2.463,3.1172,2.8905,3.185,3.4627,3.1359,3.3042
ENSG00000008282,SYPL1,1.2263,0.19842,0.95533,2.449,0.025438,1.0245,-0.2004
ENSG00000008294,SPAG9,-0.76264,-2.0749,-1.5494,-0.64496,-1.1848,0.4241,-1.4975
ENSG00000008324,SS18L2,2.7802,3.9279,3.665,3.5963,2.9588,3.5016,3.0013
ENSG00000008394,MGST1,1.8765,1.4698,1.384,1.5776,1.4879,0.13094,0.65929
ENSG00000008405,CRY1,-1.9514,-1.9902,-1.6565,-2.0697,-2.0892,-2.2795,-1.1383
ENSG00000008838,MED24,2.1616,2.9191,3.3036,3.3295,3.2047,3.2558,2.3717
ENSG00000008952,SEC62,3.5767,3.9566,4.3979,4.0951,4.15,3.4319,3.9573
ENSG00000008988,RPS20,2.9029,2.5653,3.3622,3.3736,3.1373,2.69,2.3987
ENSG00000009307,CSDE1,1.2923,2.1262,1.5528,1.8313,1.6232,1.6209,1.8477
ENSG00000009335,UBE3C,3.5095,3.6781,3.102,3.6627,3.3158,3.1273,3.3456
ENSG00000009844,VTA1,1.2012,2.6728,2.3325,3.1058,2.7453,0.94537,2.0407
ENSG00000009954,BAZ1B,1.6647,2.2779,1.5655,2.4657,1.925,1.8136,2.1939
ENSG00000010017,RANBP9,1.3007,2.1168,1.7768,2.8929,2.3238,2.3397,0.47839
ENSG00000010165,METTL13,3.3826,3.6872,3.6773,3.8156,3.4856,3.0521,3.1299
ENSG00000010244,ZNF207,3.5034,3.9703,3.992,3.9375,3.6497,3.567,3.2864
ENSG00000010256,UQCRC1,1.7717,1.2877,2.1198,2.6023,1.7181,0.57563,0.18834
ENSG00000010270,STARD3NL,2.0328,2.3676,3.3184,2.7334,2.3435,2.8391,0.86855
ENSG00000010292,NCAPD2,2.726,3.501,3.3637,3.3877,1.5829,3.2125,2.4883
ENSG00000010404,IDS,2.4216,0.85791,2.3984,2.5962,0.32744,1.4591,2.5175
ENSG00000011007,ELOA,3.19,3.8552,3.798,3.5747,3.5015,2.7596,3.0916
ENSG00000011009,LYPLA2,2.4382,3.8156,2.302,3.1896,2.4586,1.9245,1.9341
ENSG00000011052,NME1-NME2,1.7032,2.2031,2.492,3.4567,2.3743,3.0592,2.2333
ENSG00000011260,UTP18,3.0256,4.0055,4.0858,4.3299,2.8634,3.5132,2.705
ENSG00000011275,RNF216,2.2468,3.2232,2.9267,3.1146,2.9083,2.8267,2.6622
ENSG00000011295,TTC19,1.2549,0.66549,0.075514,1.4542,0.32305,0.48412,0.90684
ENSG00000011304,PTBP1,4.1482,5.1343,4.8733,5.0009,4.4208,4.3137,4.2533
ENSG00000011405,PIK3C2A,1.0192,1.2343,-0.29114,1.0236,1.1141,0.68322,0.96088
ENSG00000011426,ANLN,0.64412,0.059452,0.78074,1.1413,0.30389,-0.24206,-0.38223
ENSG00000011451,WIZ,-1.719,-1.2033,-1.3567,0.24056,-1.9432,-0.6955,-1.5888
ENSG00000011454,RABGAP1,0.33082,0.63683,0.89674,1.6137,-0.14984,0.13789,0.074243
ENSG00000011485,PPP5C,1.4171,1.0232,0.38824,1.484,-0.0044963,0.64993,0.108
ENSG00000011566,MAP4K3,-0.24044,0.6717,-0.63647,0.14263,0.066819,-0.91156,-0.95486
ENSG00000012061,ERCC1,3.6794,3.1858,3.9742,3.8981,2.2399,3.2355,2.7206
ENSG00000012174,MBTPS2,-1.1535,-0.19245,-1.137,-0.51969,-1.1299,-1.7661,-1.5159
ENSG00000012232,EXTL3,2.7267,3.6476,3.2695,3.5574,2.695,2.9478,2.3278
ENSG00000012660,ELOVL5,1.4436,2.7255,2.2783,2.0006,2.3559,1.9397,0.43064
ENSG00000012963,UBR7,0.90768,1.9043,1.7323,2.9058,1.1256,1.2192,1.0611
ENSG00000013275,PSMC4,2.2375,1.6798,1.3578,2.3629,1.9679,0.96574,1.0214
ENSG00000013306,SLC25A39,3.0016,2.4467,3.5064,3.3828,3.641,2.8763,2.2954
ENSG00000013374,NUB1,2.7294,2.934,3.3095,3.6271,3.2934,3.5863,3.2875
ENSG00000013375,PGM3,2.7104,3.0526,3.2101,2.9084,3.0881,2.9534,2.151
ENSG00000013441,CLK1,1.3619,1.6152,1.6163,1.9512,1.5721,1.9042,0.60639
ENSG00000013503,POLR3B,-1.5668,1.0651,0.6723,1.0384,-0.013714,0.6434,0.14697
ENSG00000013573,DDX11,3.0312,3.3726,3.6168,3.5811,2.9015,2.9746,2.9765
ENSG00000013583,HEBP1,1.4634,2.6968,3.687,2.378,2.6731,2.2799,2.5788
ENSG00000013810,TACC3,3.5104,3.956,4.159,4.3142,3.1437,3.2087,3.2722
ENSG00000014123,UFL1,-1.1869,-0.49267,-0.34391,-0.10968,-0.3453,-0.40696,-1.8122
ENSG00000014164,ZC3H3,3.4736,3.5903,4.0095,4.0772,3.5964,3.4411,2.718
ENSG00000014216,CAPN1,4.1966,4.2145,4.5458,4.8532,4.2636,3.7849,4.1904
ENSG00000014641,MDH1,1.4707,1.9428,1.7316,2.2942,1.6303,1.0337,0.60389
ENSG00000014824,SLC30A9,2.4209,3.2836,3.1248,3.1404,2.86,2.6576,2.1009
ENSG00000014919,COX15,2.9107,3.4282,3.6169,4.0961,3.1569,3.0652,3.041
ENSG00000015475,BID,0.98624,0.40407,1.667,2.2914,1.6768,1.3297,1.214
ENSG00000015479,MATR3,2.2976,3.8372,3.8951,3.7288,3.3903,2.9604,2.7656
ENSG00000015676,NUDCD3,3.6288,4.0555,4.1585,3.8651,3.3913,3.3044,3.4186
ENSG00000016864,GLT8D1,3.1681,3.3627,3.5679,3.7425,3.8354,2.8711,2.9556
ENSG00000017797,RALBP1,2.9514,3.8011,3.9396,3.8236,3.3034,2.634,2.8108
ENSG00000018610,CXorf56,-0.70839,0.57741,-0.88448,-0.13432,-0.90135,-0.88913,-0.35262
ENSG00000018699,TTC27,1.3872,0.36353,-0.43831,0.57914,0.82157,0.3013,-0.48726
ENSG00000019995,ZRANB1,2.5408,2.6277,3.0433,2.745,2.8254,2.5748,2.1796
ENSG00000020426,MNAT1,0.619,1.2157,2.089,2.6713,1.9866,2.931,1.3864
ENSG00000021355,SERPINB1,3.1552,2.8021,3.4913,3.3038,3.6616,3.8886,2.9787
ENSG00000021574,SPAST,0.22104,-0.47409,-0.59548,1.3828,1.2417,0.94423,-0.049085
ENSG00000021776,AQR,2.074,2.8149,1.953,2.229,1.8821,1.7376,0.56346
ENSG00000022277,RTFDC1,2.8598,2.9608,3.2293,3.1379,2.7118,2.4794,2.8485
ENSG00000022840,RNF10,1.2279,2.3479,1.8987,1.9219,1.9481,0.771,0.64228
ENSG00000023041,ZDHHC6,0.1969,-0.37705,0.94138,1.0649,0.11772,-0.028818,0.43892
ENSG00000023191,RNH1,3.5072,3.6538,3.9536,3.2866,3.0206,3.3727,1.9979
ENSG00000023228,NDUFS1,1.7788,0.27343,1.6912,1.4853,1.9171,1.3931,-0.15126
ENSG00000023287,RB1CC1,2.4798,2.1727,3.3084,2.3776,3.196,2.6753,2.4554
ENSG00000023318,ERP44,-1.1049,-0.81962,-1.0806,-0.7721,-0.75861,-1.0561,-1.2756
ENSG00000023330,ALAS1,-0.21533,0.30293,0.57129,1.1914,0.25106,-0.32855,0.95876
ENSG00000023516,AKAP11,0.12058,0.57233,-0.0089988,0.79054,0.30601,0.40244,-0.87185
ENSG00000023572,GLRX2,1.4017,-1.0941,-0.7061,0.90121,0.26055,1.1445,-0.50732
ENSG00000023608,SNAPC1,-0.49616,2.6629,4.3081,1.0051,1.8981,1.7024,0.27115
ENSG00000023697,DERA,1.4936,1.9985,2.6484,2.226,2.1183,1.5991,1.6664
ENSG00000023734,STRAP,0.6406,1.017,1.5184,1.4464,0.57595,0.282,-0.029727
ENSG00000023909,GCLM,-0.060584,-1.3944,-1.2875,-0.55957,-1.2934,-0.43616,-1.3165
ENSG00000024862,CCDC28A,-0.60135,1.3906,2.862,2.1192,1.5229,1.4083,2.3189
ENSG00000025156,HSF2,2.2984,2.828,3.0034,2.9669,2.8943,2.7667,2.679
ENSG00000025293,PHF20,0.75292,1.8154,1.3268,0.55239,0.40637,1.6745,0.27098
ENSG00000025770,NCAPH2,1.8908,2.6374,2.6852,2.5062,2.3301,2.6103,1.6866
ENSG00000025772,TOMM34,1.6209,2.0611,1.2553,1.9203,1.3412,1.7726,0.42372
ENSG00000025796,SEC63,2.3745,3.5266,3.0597,2.9472,3.6575,2.5568,2.3571
ENSG00000025800,KPNA6,2.5841,3.0175,2.9154,3.4189,3.0721,2.6891,3.2012
ENSG00000027001,MIPEP,-0.28072,-0.93575,-1.7358,-0.87564,-1.1644,-1.3231,-1.1626
ENSG00000027697,IFNGR1,2.505,3.4692,3.4415,3.4722,4.5711,3.5745,3.4841
ENSG00000027847,B4GALT7,3.9037,4.2043,4.2906,4.3124,4.1958,3.8412,3.877
ENSG00000028116,VRK2,0.73087,1.0041,-0.17787,1.4226,1.8566,-0.3047,-1.1245
ENSG00000028203,VEZT,1.336,1.6686,1.0727,1.3257,0.9529,1.4456,1.3662
ENSG00000028528,SNX1,-0.14152,1.6376,-0.30639,1.3305,0.64523,-0.43946,0.52946
ENSG00000028839,TBPL1,2.8355,3.5419,3.218,3.1453,2.5683,3.8648,2.6367
ENSG00000029363,BCLAF1,2.5075,3.4047,3.5311,3.9897,3.6028,1.754,2.8578
ENSG00000029364,SLC39A9,1.1039,2.3248,2.5664,2.8169,2.624,1.84,2.2136
ENSG00000029639,TFB1M,2.6502,3.2237,3.7765,3.4585,3.8621,2.8627,2.0658
ENSG00000029725,RABEP1,2.5219,2.583,2.2905,2.6188,2.3754,1.7379,2.5366
ENSG00000029993,HMGB3,1.8478,2.4901,0.81029,2.679,1.2449,1.5804,1.3368
ENSG00000030066,NUP160,2.9291,3.8351,3.6002,3.5803,3.6366,3.4029,3.2892
ENSG00000030110,BAK1,1.5748,2.9733,2.5522,2.6828,2.5379,2.1577,0.96589
ENSG00000030582,GRN,2.4913,3.3421,3.5608,2.922,3.2183,2.5153,2.1114
ENSG00000031691,CENPQ,-0.67835,-0.070686,-0.0021178,-0.63122,0.075152,-0.19424,-0.66336
ENSG00000031698,SARS,3.6464,4.1388,4.3524,4.4399,4.4068,4.8135,3.733
ENSG00000031823,RANBP3,3.3952,4.0453,3.7923,3.6657,3.4887,3.1195,2.3826
ENSG00000032389,EIPR1,2.4319,2.7438,2.6862,3.2716,2.898,2.7594,1.2919
ENSG00000032444,PNPLA6,1.7854,2.0959,2.0449,2.5385,2.2276,2.109,1.0703
ENSG00000033011,ALG1,3.4414,3.7164,3.3193,3.8976,4.2232,2.1245,2.848
ENSG00000033030,ZCCHC8,2.4801,2.4143,2.7941,2.4719,2.9226,2.538,2.2505
ENSG00000033050,ABCF2,4.2144,4.1662,3.8559,4.7275,4.2908,4.229,4.0062
ENSG00000033100,CHPF2,3.4973,3.5115,3.6985,3.9667,3.7644,2.8848,3.6145
ENSG00000033178,UBA6,0.38104,0.29448,1.4362,1.8071,0.50714,1.4495,1.1206
ENSG00000033800,PIAS1,3.0899,3.4882,3.4899,3.5003,3.6149,3.1167,3.0264
ENSG00000034510,TMSB10,6.0586,6.1384,6.5468,6.2838,5.8298,6.4013,5.7707
ENSG00000034677,RNF19A,1.9749,-0.51749,1.3198,1.1562,-0.2931,0.93614,0.11543
ENSG00000034693,PEX3,-1.3714,0.20954,-0.019663,-0.83474,-1.3016,-0.50426,-0.39622
ENSG00000034713,GABARAPL2,1.6834,1.3269,1.5371,1.8991,1.7634,2.767,1.6618
ENSG00000035141,FAM136A,3.6895,4.2653,3.7401,4.2208,4.0303,3.1275,3.5885
ENSG00000035403,VCL,1.5758,2.2487,2.1988,2.0142,1.4274,1.9071,1.3452
ENSG00000035499,DEPDC1B,2.5806,3.2556,2.8913,3.1242,2.7488,2.1495,2.0392
ENSG00000035681,NSMAF,1.9219,2.4401,3.4648,3.1293,2.2934,2.2621,1.9911
ENSG00000035687,ADSS,2.8459,3.3703,3.0248,3.2044,2.8964,2.7628,2.685
ENSG00000035928,RFC1,1.5371,2.5281,2.0586,3.1628,2.3938,2.0514,1.5583
ENSG00000036054,TBC1D23,2.0963,2.4713,3.3442,2.9089,2.5602,2.8413,2.3107
ENSG00000036257,CUL3,3.7177,3.8035,3.9269,4.1024,3.5815,3.3617,3.9152
ENSG00000036549,ZZZ3,0.86855,2.7201,2.9739,2.9267,2.3294,2.2497,1.7911
ENSG00000037241,RPL26L1,2.212,2.2817,2.5054,3.0526,2.4273,1.4756,2.243
ENSG00000037474,NSUN2,3.8246,4.1484,4.0405,4.3743,3.928,3.8494,3.1863
ENSG00000037637,FBXO42,2.9789,4.1113,3.7802,4.068,3.2985,4.412,3.5776
ENSG00000037757,MRI1,-1.4403,-1.4895,-1.4337,-1.8071,-1.3722,-1.7157,-1.9551
ENSG00000037897,METTL1,3.5606,3.6646,3.6507,4.0382,3.0564,3.0044,3.091
ENSG00000038002,AGA,-0.26172,-0.99861,-1.1126,-0.47912,0.47953,0.28157,0.034822
ENSG00000038210,PI4K2B,1.6236,2.5152,2.4181,2.6706,2.4266,1.4919,1.6721
ENSG00000038219,BOD1L1,1.7893,0.7228,1.9797,1.6404,1.9344,0.92478,0.99199
ENSG00000038274,MAT2B,0.22727,1.0009,0.34951,1.2314,1.1105,0.49994,-0.71617
ENSG00000038358,EDC4,0.71649,2.4098,0.71916,0.79605,0.57664,1.4509,0.9249
ENSG00000039123,SKIV2L2,0.89228,1.8649,1.833,0.90049,0.53606,0.54403,-0.8149
ENSG00000039560,RAI14,2.1424,2.7472,3.2241,2.1418,1.1891,2.0855,-0.016917
ENSG00000039650,PNKP,0.11202,0.9241,0.39117,1.6778,0.80808,1.4855,0.21212
ENSG00000040275,SPDL1,2.458,2.4158,3.0695,2.7965,2.1915,2.2901,2.1041
ENSG00000040341,STAU2,1.7992,0.70818,1.7238,0.11652,0.77448,1.3557,0.12816
ENSG00000040531,CTNS,2.8235,2.8544,3.0442,2.7238,3.0646,2.2974,2.3044
ENSG00000040633,PHF23,3.9525,4.4097,4.3285,4.4423,3.9804,3.4222,4.1423
ENSG00000041357,PSMA4,3.5401,3.4697,3.2389,4.1268,2.7037,3.4295,3.2413
ENSG00000041802,LSG1,3.0699,3.5504,3.685,3.8324,3.379,2.8258,3.4163
ENSG00000042429,MED17,-2.0026,1.4764,1.2102,0.88707,-0.19417,0.50581,-0.86542
ENSG00000042445,RETSAT,-1.8149,-0.12182,-1.4238,-1.2855,-0.39754,-0.63951,-0.66393
ENSG00000042493,CAPG,1.1211,2.1965,3.3594,2.6592,1.771,2.5829,-0.16162
ENSG00000042753,AP2S1,3.0582,3.4427,3.5978,4.0967,3.4376,3.3998,3.0115
ENSG00000043093,DCUN1D1,0.54608,1.0747,0.61547,2.4262,1.0082,-0.35577,1.7073
ENSG00000044115,CTNNA1,4.1232,4.8722,5.2201,4.7033,4.6432,4.0195,4.3123
ENSG00000044446,PHKA2,3.0788,3.4877,2.8611,2.8246,2.9727,3.1376,3.1381
ENSG00000044574,HSPA5,5.1097,5.3765,5.6521,5.6995,5.5957,5.7828,5.0847
ENSG00000046604,DSG2,0.056233,0.98537,0.39321,1.2449,0.085661,-1.0386,-0.084829
ENSG00000046647,GEMIN8,3.1027,3.2655,3.0071,3.4469,2.7237,3.0443,3.1891
ENSG00000047188,YTHDC2,-0.0059227,1.0496,0.81104,0.9447,0.88911,-0.89334,-1.4815
ENSG00000047230,CTPS2,-3.6923,-3.2761,-2.9154,-3.1138,-2.7349,-2.9894,-2.7397
ENSG00000047249,ATP6V1H,-0.82518,-0.053576,0.83674,-0.039529,0.50402,0.34994,0.0175
ENSG00000047315,POLR2B,0.82937,1.2249,2.0824,2.6335,0.885,2.0063,0.87412
ENSG00000047410,TPR,1.9864,1.148,0.24376,1.3268,0.17663,1.8928,0.82371
ENSG00000047578,KIAA0556,-4.0973,-4.0048,-3.9419,-4.1108,-4.2063,-4.5204,-4.0434
ENSG00000047579,DTNBP1,2.295,2.4526,2.6011,2.8273,2.436,3.0624,2.4983
ENSG00000047849,MAP4,1.5072,2.2885,2.2282,1.788,1.463,1.8244,0.29323
ENSG00000047932,GOPC,0.60249,1.1624,0.97588,1.6267,1.2581,1.2798,0.72262
ENSG00000048028,USP28,0.65547,1.2764,0.043717,0.96659,0.86515,0.58843,0.8043
ENSG00000048140,TSPAN17,3.5602,3.9935,3.4754,3.9255,3.412,3.3727,3.4929
ENSG00000048162,NOP16,4.1391,4.5475,4.0575,4.5678,4.1035,3.6207,3.5392
ENSG00000048392,RRM2B,-0.39435,1.2577,1.8697,1.118,1.7345,-0.85047,0.95747
ENSG00000048544,MRPS10,2.0193,1.9011,2.8702,2.4328,2.8157,1.3115,0.89926
ENSG00000048828,FAM120A,2.5629,2.7751,4.1136,3.8821,3.4463,2.5467,3.2453
ENSG00000048991,R3HDM1,0.60823,1.7951,1.5847,1.9392,2.0066,1.2146,0.59606
ENSG00000049245,VAMP3,1.818,1.4553,2.3782,2.6902,1.5712,2.2169,1.2945
ENSG00000049541,RFC2,3.6588,3.7984,3.5675,4.2246,3.1908,3.7832,3.0824
ENSG00000049656,CLPTM1L,4.7558,4.6064,4.4805,5.2567,4.8106,4.7159,3.837
ENSG00000049860,HEXB,0.527,-0.257,0.45188,0.88752,0.3109,0.39437,-0.26575
ENSG00000049883,PTCD2,1.3117,-1.5377,-0.060208,1.124,0.24683,-0.92479,-0.62386
ENSG00000050130,JKAMP,3.3058,3.1326,3.4065,3.4982,3.102,2.4888,2.9615
ENSG00000050344,NFE2L3,2.6609,4.167,3.7093,3.4994,2.9519,2.744,2.7916
ENSG00000050393,MCUR1,2.0549,2.0587,2.0776,1.8215,1.4718,2.4069,1.1494
ENSG00000050426,LETMD1,2.1379,1.0287,2.3775,1.7113,2.4283,2.9776,0.92939
ENSG00000050748,MAPK9,1.0378,2.5076,1.6379,2.5913,2.4827,2.7038,2.5841
ENSG00000051108,HERPUD1,3.3583,3.25,4.4398,4.2487,4.6475,4.1599,3.4106
ENSG00000051180,RAD51,2.1479,3.153,2.9424,3.1759,2.224,3.1964,2.6584
ENSG00000051382,PIK3CB,2.6335,2.935,2.9531,2.9373,2.7395,2.3541,2.5863
ENSG00000051523,CYBA,2.8649,1.9045,3.3461,3.3532,2.942,2.3823,2.8734
ENSG00000051596,THOC3,2.1467,3.6988,3.8749,3.4429,2.4545,3.2437,2.4453
ENSG00000051620,HEBP2,0.52869,1.4304,0.81983,2.1113,1.8956,1.6972,1.0198
ENSG00000052723,SIKE1,-1.0723,-0.35682,0.57637,-0.29501,-0.15289,0.18738,-1.7967
ENSG00000052802,MSMO1,3.1821,4.0643,4.4977,3.7056,4.0442,4.0388,2.7714
ENSG00000053371,AKR7A2,0.091962,1.2846,0.7808,1.0203,0.48951,0.71219,0.48182
ENSG00000053372,MRTO4,4.1996,4.4347,4.5749,4.8971,4.2321,4.2159,4.0536
ENSG00000053501,USE1,1.4429,2.2096,0.93783,2.3543,0.85915,1.0853,1.3401
ENSG00000053770,AP5M1,0.23218,0.95457,-0.16552,1.6801,1.0883,0.90389,-0.22251
ENSG00000053900,ANAPC4,2.4454,2.6417,2.4499,3.2234,1.7362,2.5254,1.7284
ENSG00000054116,TRAPPC3,3.6268,3.7453,4.0571,4.1599,3.7307,3.8579,3.6138
ENSG00000054118,THRAP3,3.0122,3.663,3.6469,4.5215,3.4219,3.5324,3.5721
ENSG00000054148,PHPT1,2.3538,2.0967,2.906,2.5383,3.1043,2.7626,1.8568
ENSG00000054267,ARID4B,2.85,3.0901,2.459,3.1386,2.6432,3.0287,2.6091
ENSG00000054965,FAM168A,1.4318,1.9282,2.1989,2.5376,1.2969,0.99618,1.9719
ENSG00000055044,NOP58,-0.16139,0.031907,0.15387,1.2115,0.1236,0.015262,-0.15415
ENSG00000055070,SZRD1,3.265,3.811,4.0592,3.8851,3.6584,2.421,3.2957
ENSG00000055130,CUL1,4.2016,4.425,4.0252,4.5373,4.4668,4.1237,4.2502
ENSG00000055208,TAB2,0.59513,0.77689,0.70748,2.2555,2.0586,1.6459,0.46157
ENSG00000055211,GINM1,3.2873,3.3311,3.8074,3.5777,3.6035,3.4072,3.6289
ENSG00000055332,EIF2AK2,0.33588,0.99079,0.32446,0.88221,1.0826,1.6623,1.0264
ENSG00000055483,USP36,0.91161,1.0901,1.29,2.1523,-0.92398,-0.21248,-1.1374
ENSG00000055917,PUM2,1.582,2.4936,2.4706,2.1413,2.741,2.3089,2.3844
ENSG00000055950,MRPL43,4.0727,4.1368,4.1863,4.6914,4.1399,3.6029,4.094
ENSG00000056050,HPF1,1.9569,2.335,2.1411,2.931,1.1745,2.8572,1.7954
ENSG00000056097,ZFR,-0.56426,-0.86973,-0.66633,0.40388,-0.065571,-0.42641,-1.3016
ENSG00000056586,RC3H2,-1.6092,-1.6323,-2.1104,-0.41083,-0.88348,-1.6808,-1.5188
ENSG00000057608,GDI2,3.2768,4.0506,3.6449,3.796,3.9087,3.4069,3.3874
ENSG00000057663,ATG5,2.3867,3.1398,2.7932,2.9616,3.0352,2.8046,2.3712
ENSG00000057757,PITHD1,1.0257,3.4017,3.3147,3.5486,3.2501,3.3041,2.3171
ENSG00000057935,MTA3,-1.5714,-0.62808,-1.3894,-1.0984,-0.75678,-1.4121,-1.1553
ENSG00000058262,SEC61A1,4.5596,4.7761,5.3746,4.9167,5.1482,4.2006,4.6158
ENSG00000058272,PPP1R12A,0.38938,1.0009,1.2467,0.72029,0.3401,-0.087546,-0.23912
ENSG00000058600,POLR3E,2.1407,3.9184,3.3977,3.2984,3.6106,2.6986,1.3941
ENSG00000058673,ZC3H11A,1.5098,2.4483,1.7571,2.8487,2.1239,2.602,2.6695
ENSG00000058729,RIOK2,3.0855,3.2347,3.688,3.5793,2.9775,3.1436,2.4433
ENSG00000058804,NDC1,3.4097,3.9585,3.9131,4.3951,3.4127,3.5258,2.8988
ENSG00000059573,ALDH18A1,3.3985,3.891,4.3631,4.0512,4.6812,3.6824,3.5022
ENSG00000059691,GATB,-0.32451,1.7598,1.798,1.059,1.8653,1.4867,1.3085
ENSG00000059758,CDK17,0.058654,1.3536,2.3856,2.0695,0.78872,1.9693,0.12396
ENSG00000060138,YBX3,3.7113,4.3348,5.0044,4.5601,3.9402,3.5806,3.6028
ENSG00000060237,WNK1,0.95421,0.51441,0.58601,1.3163,0.34928,0.73758,0.29584
ENSG00000060339,CCAR1,1.6092,2.345,1.906,2.9073,2.266,2.1527,1.2594
ENSG00000060491,OGFR,4.0844,4.6269,4.9936,5.0405,4.7731,4.2039,4.9192
ENSG00000060688,SNRNP40,2.2054,3.504,3.4922,3.9606,3.1526,3.6694,1.5892
ENSG00000060749,QSER1,-0.37289,1.0054,0.15671,1.1908,-0.076304,0.009728,0.091976
ENSG00000060762,MPC1,-0.44151,-1.4215,-1.2496,0.37074,0.136,-1.0647,-1.485
ENSG00000060971,ACAA1,1.4209,0.12824,2.3347,1.6121,2.2386,1.5377,1.3151
ENSG00000061273,HDAC7,3.2853,3.582,4.2191,3.2382,2.96,3.5969,2.5864
ENSG00000061676,NCKAP1,2.9065,2.9037,2.3894,3.0543,2.7339,2.6186,2.4142
ENSG00000061794,MRPS35,3.8408,3.7568,4.1614,4.2813,4.1553,3.6755,2.9885
ENSG00000061936,SFSWAP,0.82466,1.5567,1.1871,2.4608,1.8661,2.0998,1.5454
ENSG00000062194,GPBP1,3.1271,3.8222,4.1326,3.4971,3.1967,3.1493,2.8207
ENSG00000062485,CS,3.2773,3.9808,3.8726,4.1674,4.0382,3.7928,3.4226
ENSG00000062582,MRPS24,3.3142,3.4838,3.9286,4.2525,3.3431,4.1621,3.1163
ENSG00000062716,VMP1,2.4315,2.5281,2.7218,2.3918,2.5197,1.5025,3.5402
ENSG00000062725,APPBP2,2.7423,2.3981,3.2758,3.4992,3.4005,2.5978,4.3281
ENSG00000062822,POLD1,1.9437,1.4712,1.9272,2.0229,0.80719,1.3011,1.5039
ENSG00000063046,EIF4B,3.2087,4.2615,3.9211,4.2043,3.7703,3.2943,3.3006
ENSG00000063177,RPL18,1.8511,2.6179,2.2861,2.3095,2.0242,2.2633,2.2442
ENSG00000063241,ISOC2,3.6221,4.4797,4.0122,4.2413,4.408,4.47,4.2485
ENSG00000063244,U2AF2,3.6189,3.8318,3.8648,4.1549,3.7913,3.4869,3.3436
ENSG00000063245,EPN1,3.1529,3.8499,3.6389,3.4139,3.6289,3.2995,3.1014
ENSG00000063322,MED29,-2.9841,-2.7517,-2.6062,-2.2681,-2.5386,-2.8704,-2.6085
ENSG00000063601,MTMR1,2.9185,3.1926,3.5411,3.1198,2.7866,2.9552,3.1996
ENSG00000063854,HAGH,1.6381,2.4746,1.3596,2.0859,1.976,1.6148,1.4795
ENSG00000063978,RNF4,3.1213,4.2163,3.4279,3.9622,3.7121,2.8099,3.3093
ENSG00000064102,INTS13,3.001,2.8755,2.6466,3.4306,2.2484,2.7713,1.9213
ENSG00000064115,TM7SF3,3.3082,3.6153,4.0116,3.7125,3.6463,2.9376,3.0615
ENSG00000064313,TAF2,2.6465,2.8695,3.5383,3.5495,2.8398,2.5619,2.6383
ENSG00000064393,HIPK2,-0.70499,-1.2984,-2.016,0.073389,-0.060137,-1.4117,0.54317
ENSG00000064419,TNPO3,1.6286,2.7928,2.3413,3.0655,2.1725,3.1877,1.804
ENSG00000064490,RFXANK,2.2743,2.3179,2.5992,2.1851,1.3957,3.0821,1.5768
ENSG00000064545,TMEM161A,3.7157,3.8696,3.8967,4.4334,3.6568,3.6638,3.0044
ENSG00000064601,CTSA,3.0342,3.4462,3.637,3.9064,4.2427,3.416,3.3636
ENSG00000064607,SUGP2,1.5169,2.4698,2.7491,1.9533,2.7285,2.7676,2.357
ENSG00000064652,SNX24,1.7955,2.6285,3.163,2.7621,2.8668,1.7379,2.7649
ENSG00000064666,CNN2,0.90152,2.2102,1.3804,2.3355,1.4898,0.99293,1.047
ENSG00000064703,DDX20,3.0534,3.556,3.2619,3.8264,3.4676,3.2841,3.0761
ENSG00000064726,BTBD1,2.5919,2.9853,3.4879,4.1703,3.2682,3.0736,2.6027
ENSG00000064961,HMG20B,0.83829,2.6768,3.1278,2.6585,2.2724,3.443,2.3589
ENSG00000064995,TAF11,2.7837,3.7704,3.4451,3.7693,3.5885,3.4519,3.4723
ENSG00000064999,ANKS1A,1.8925,2.452,2.2338,2.1567,2.0937,2.118,1.9148
ENSG00000065000,AP3D1,3.3784,4.1144,3.7909,4.0348,3.9522,3.3927,3.2232
ENSG00000065054,SLC9A3R2,4.1466,3.8164,4.4944,4.2544,4.0129,3.9915,3.9528
ENSG00000065057,NTHL1,4.0096,4.0997,3.6957,4.0434,3.5671,3.4551,2.9244
ENSG00000065060,UHRF1BP1,-1.5974,-0.24091,-0.51287,-1.0826,0.4775,-0.94821,-1.0825
ENSG00000065135,GNAI3,3.2128,3.9928,3.9979,4.0831,3.6615,3.9004,3.6568
ENSG00000065150,IPO5,3.4207,4.4487,3.9123,4.1983,3.9039,2.9511,2.9512
ENSG00000065154,OAT,1.4514,1.451,1.17,2.4419,2.4604,1.7119,1.7067
ENSG00000065183,WDR3,3.196,3.9993,4.0031,4.239,3.9008,3.5379,3.3388
ENSG00000065268,WDR18,3.996,4.7896,4.5901,4.963,4.5155,4.3197,3.5419
ENSG00000065308,TRAM2,3.1523,3.18,4.0936,3.3439,4.155,2.8054,3.0372
ENSG00000065427,KARS,2.0835,2.2132,2.0098,1.9746,2.4838,1.2012,1.6717
ENSG00000065457,ADAT1,-0.23191,0.91163,-0.28975,-1.1451,1.7683,-1.995,-0.43316
ENSG00000065485,PDIA5,0.9076,1.2063,1.8473,1.7911,0.69782,0.79575,0.075925
ENSG00000065491,TBC1D22B,-1.12,-1.241,-0.37811,0.71873,-1.3943,-1.105,-1.2445
ENSG00000065518,NDUFB4,1.8487,1.7062,1.8971,2.2085,0.67666,0.63687,-0.50563
ENSG00000065526,SPEN,3.28,3.4415,3.5566,3.8452,3.4458,4.0577,3.4535
ENSG00000065548,ZC3H15,2.899,3.3026,3.3634,3.4522,3.1567,3.7161,2.7232
ENSG00000065559,MAP2K4,1.8717,2.1018,1.3672,2.7612,1.3219,2.1652,1.2232
ENSG00000065613,SLK,-0.46433,-1.2723,-0.088404,0.48482,-0.99958,-1.745,-1.3654
ENSG00000065615,CYB5R4,-1.4417,-1.6154,0.51569,-0.68141,-1.4098,-0.70074,-0.61734
ENSG00000065802,ASB1,2.8564,2.6426,3.5277,2.5534,2.9764,2.8799,2.0029
ENSG00000065911,MTHFD2,1.4917,1.6625,1.4855,2.4295,1.6726,2.0491,1.0021
ENSG00000065970,FOXJ2,-1.5969,-1.8728,-2.6778,-1.8339,-1.4193,-2.4565,-2.62
ENSG00000065978,YBX1,3.0829,3.5077,3.8354,3.5748,2.8467,3.272,2.7664
ENSG00000066027,PPP2R5A,2.4279,3.3162,2.887,3.3275,2.7132,3.1793,2.1133
ENSG00000066044,ELAVL1,2.4346,3.7209,3.7191,3.9413,3.821,3.2407,2.6306
ENSG00000066084,DIP2B,-0.73567,-0.56206,0.43819,0.38834,-0.69736,0.14708,0.0091048
ENSG00000066117,SMARCD1,0.69458,2.0257,1.3271,1.014,1.144,0.17143,0.36139
ENSG00000066135,KDM4A,3.1917,3.9355,3.7287,3.5435,3.7784,3.6222,3.462
ENSG00000066136,NFYC,2.0303,3.6579,3.7844,3.973,3.718,3.7098,3.0139
ENSG00000066322,ELOVL1,4.0032,3.4591,4.6882,4.3353,4.0995,3.9922,4.1145
ENSG00000066422,ZBTB11,2.0984,2.7164,3.1541,2.8882,3.1712,2.5068,2.0501
ENSG00000066455,GOLGA5,2.6348,2.639,2.5022,2.4745,2.8182,2.2983,2.7109
ENSG00000066557,LRRC40,-0.15713,1.0197,1.3298,0.9814,-0.068889,0.89945,0.43219
ENSG00000066583,ISOC1,3.103,4.0751,3.6293,4.2227,3.7856,3.6116,3.5467
ENSG00000066651,TRMT11,0.16755,0.90459,1.4129,0.021501,1.7102,2.0296,-0.1696
ENSG00000066654,THUMPD1,3.219,3.788,3.6603,3.9217,3.9428,3.0052,3.2099
ENSG00000066697,MSANTD3,3.3467,3.1748,3.9918,3.2809,2.4966,3.1066,2.6855
ENSG00000066777,ARFGEF1,1.471,2.9242,3.3665,1.8221,2.536,1.8153,1.9557
ENSG00000066855,MTFR1,0.67682,0.70363,-0.64371,-0.15886,-0.93535,0.5554,-1.8595
ENSG00000066926,FECH,3.4699,3.0813,3.2047,3.4521,3.0321,3.9121,2.3435
ENSG00000067064,IDI1,0.58203,1.7838,1.6217,2.1954,1.1532,1.42,0.33189
ENSG00000067082,KLF6,0.73219,0.41423,0.95412,-0.6607,-0.16001,0.045417,0.61718
ENSG00000067167,TRAM1,1.2256,0.38303,1.7192,1.6067,1.8486,1.5887,0.96598
ENSG00000067182,TNFRSF1A,5.4581,4.6127,5.8205,5.1163,4.9572,4.1174,4.8418
ENSG00000067225,PKM,4.8487,4.9632,5.3218,5.267,4.3121,4.8184,4.5866
ENSG00000067248,DHX29,2.8248,2.5593,3.1354,3.1288,2.1368,2.6933,2.0144
ENSG00000067334,DNTTIP2,3.1843,3.7166,3.5109,3.8491,3.1339,2.4704,2.6418
ENSG00000067365,METTL22,0.32809,0.24186,-0.22914,-0.23651,-0.035619,0.03059,1.3804
ENSG00000067533,RRP15,3.2765,3.5206,2.708,3.9111,2.1017,2.9186,2.8426
ENSG00000067560,RHOA,2.2192,2.2247,2.5553,2.6639,1.6586,2.03,1.0533
ENSG00000067596,DHX8,3.2742,3.3204,3.8583,3.7658,3.8001,3.2427,3.0852
ENSG00000067704,IARS2,2.819,2.354,2.3245,3.0561,2.7476,3.243,2.1097
ENSG00000067829,IDH3G,1.5084,1.3933,1.3287,2.7545,1.0356,1.4264,0.82165
ENSG00000067900,ROCK1,2.6492,2.8071,3.0443,3.2495,3.1118,1.9362,2.2731
ENSG00000067955,CBFB,1.3411,1.1668,1.8456,2.9971,2.1613,2.0429,0.45376
ENSG00000068097,HEATR6,2.9906,3.665,3.0571,3.4737,3.1085,2.9611,4.2611
ENSG00000068120,COASY,3.5104,3.4875,4.025,4.0151,3.8,3.0302,2.4698
ENSG00000068308,OTUD5,3.0496,3.1209,2.9223,3.312,2.954,2.6067,2.3754
ENSG00000068323,TFE3,3.6414,3.7817,3.7915,2.7951,3.8318,2.7024,2.9951
ENSG00000068354,TBC1D25,3.1663,2.8577,3.216,3.4429,2.9219,2.8495,2.5167
ENSG00000068383,INPP5A,2.0182,2.3982,1.646,2.575,2.8938,-0.15198,2.1734
ENSG00000068394,GPKOW,2.2758,3.1452,2.465,3.4076,3.1641,3.1501,2.3737
ENSG00000068438,FTSJ1,1.7782,2.1173,2.6105,2.7615,2.1106,2.3351,1.6303
ENSG00000068489,PRR11,0.53338,1.1421,2.0038,1.9232,1.8694,1.5189,1.5516
ENSG00000068654,POLR1A,3.064,3.4627,3.0101,3.0744,3.3079,2.5078,2.1242
ENSG00000068697,LAPTM4A,2.3991,1.7227,1.5685,2.7541,3.2275,2.1558,1.9469
ENSG00000068745,IP6K2,3.3979,4.0525,4.4777,4.2783,4.3223,3.9744,3.5269
ENSG00000068784,SRBD1,2.5294,3.2624,2.8988,3.3244,2.5786,2.4807,2.6006
ENSG00000068796,KIF2A,2.2238,3.2702,3.2898,3.2527,2.8165,3.3301,2.3293
ENSG00000068878,PSME4,3.5446,4.0669,4.0986,3.51,4.3994,3.4506,3.6343
ENSG00000068912,ERLEC1,2.4631,1.6937,2.1828,1.8696,2.7443,2.5532,0.73222
ENSG00000069248,NUP133,1.0195,1.018,0.043577,1.2544,0.81511,1.0853,0.17517
ENSG00000069275,NUCKS1,2.0309,2.8425,2.0637,2.7347,1.2222,2.4457,2.4838
ENSG00000069329,VPS35,2.5733,2.4469,1.9894,3.4043,2.7268,2.4122,2.1458
ENSG00000069345,DNAJA2,3.6346,4.2478,4.1855,4.0899,4.4528,3.8814,3.9821
ENSG00000069509,FUNDC1,3.1356,3.3542,2.9431,3.3225,3.3049,3.1494,2.8544
ENSG00000069849,ATP1B3,3.5324,3.9465,3.9691,4.2203,3.7467,4.1286,2.9159
ENSG00000069956,MAPK6,2.9075,3.8298,3.7442,3.5808,3.5681,2.9818,2.9241
ENSG00000070010,UFD1,1.6715,2.1044,1.2605,3.3249,2.5928,3.447,0.80146
ENSG00000070061,ELP1,1.4147,1.8192,2.4349,2.4722,3.5033,1.5235,0.85644
ENSG00000070081,NUCB2,-0.66073,-0.74768,-0.26251,-0.50476,-0.92891,-0.54022,-0.20833
ENSG00000070367,EXOC5,2.4599,2.563,3.0444,2.8227,2.7255,1.4147,2.0903
ENSG00000070423,RNF126,2.9847,3.5184,3.4946,3.8333,3.5105,3.2763,3.3805
ENSG00000070444,MNT,1.5556,1.1227,1.1465,1.6412,1.2887,1.4788,1.0737
ENSG00000070495,JMJD6,2.4964,2.0726,1.8465,2.5884,1.6748,2.3424,1.9329
ENSG00000070501,POLB,-0.17737,-1.0923,-0.56163,-0.58556,-0.75991,-1.3084,-1.2947
ENSG00000070610,GBA2,2.9816,3.7228,2.8505,3.3448,3.6012,3.163,2.9648
ENSG00000070614,NDST1,2.5004,3.6329,3.6316,3.2607,2.527,2.694,2.3624
ENSG00000070669,ASNS,1.864,2.6237,2.4723,3.3229,3.027,3.7404,1.4834
ENSG00000070756,PABPC1,2.2977,1.765,3.5337,2.5994,1.9365,1.8889,1.4789
ENSG00000070761,CFAP20,2.9675,3.2484,3.4785,3.7519,3.6231,3.3585,2.122
ENSG00000070770,CSNK2A2,1.5456,2.6692,2.652,2.7913,2.5665,2.8488,2.5699
ENSG00000070785,EIF2B3,0.86048,0.29258,-0.95022,0.20643,0.73144,0.59194,-0.2044
ENSG00000070814,TCOF1,1.4694,1.6971,1.615,1.771,1.4451,0.48204,-0.18785
ENSG00000070831,CDC42,0.6239,1.1888,1.7548,2.3292,1.813,1.8499,1.8717
ENSG00000070950,RAD18,-3.3806,-3.5292,-3.1858,-3.4744,-4.0927,-3.2663,-3.7809
ENSG00000070961,ATP2B1,0.24966,-0.49878,-1.2984,0.4942,-0.16614,-1.1204,-1.1399
ENSG00000071051,NCK2,2.9962,4.2707,4.0953,3.9844,4.0401,3.7314,3.6374
ENSG00000071082,RPL31,3.1338,2.6839,3.1796,3.5209,3.3508,3.4859,2.7894
ENSG00000071127,WDR1,3.6639,4.581,4.4982,4.4662,4.3702,3.4918,3.4096
ENSG00000071462,BUD23,-0.35798,-0.067837,0.062744,-0.040845,-0.36281,-0.64694,-1.0782
ENSG00000071537,SEL1L,1.8705,-0.12818,0.70541,0.95383,1.0528,0.51842,-0.24839
ENSG00000071539,TRIP13,3.3453,2.9177,3.6781,3.5733,2.767,3.0319,2.2937
ENSG00000071553,ATP6AP1,3.605,3.9485,3.5736,4.1288,4.2032,4.3283,4.029
ENSG00000071564,TCF3,2.1405,3.3925,2.7657,3.2028,2.7264,2.7704,2.1911
ENSG00000071626,DAZAP1,3.7618,4.5341,4.5001,4.6486,4.1448,3.9429,3.5967
ENSG00000071655,MBD3,3.8479,4.3482,4.0707,4.3774,4.0955,4.1097,3.6159
ENSG00000071794,HLTF,-0.057618,0.51544,2.1834,2.0796,0.5088,1.1345,0.75672
ENSG00000071859,FAM50A,2.7323,2.0007,2.0569,1.9421,1.1793,2.8949,1.0973
ENSG00000071889,FAM3A,2.6254,2.1837,1.8209,1.8516,2.0926,2.597,2.6757
ENSG00000071894,CPSF1,0.73003,0.95557,1.9065,1.5528,0.59335,0.53625,1.1878
ENSG00000071994,PDCD2,2.5768,3.1974,3.7184,3.4508,3.355,3.6095,3.2165
ENSG00000072042,RDH11,3.0722,3.6955,3.2176,3.4978,3.3822,2.8519,2.5916
ENSG00000072062,PRKACA,2.5769,2.4861,3.0147,3.0375,1.7071,1.1327,2.087
ENSG00000072110,ACTN1,2.9686,3.7353,3.5454,3.3686,3.4523,1.9133,2.8986
ENSG00000072135,PTPN18,2.5524,2.7969,2.7622,2.9193,1.8068,2.725,2.0679
ENSG00000072274,TFRC,2.8734,3.1992,3.5093,3.777,3.4325,2.2763,1.8327
ENSG00000072310,SREBF1,3.7385,3.2625,3.4587,3.9918,3.342,3.1643,3.412
ENSG00000072364,AFF4,-0.24744,0.85202,0.37004,-0.17048,0.67913,1.3731,-0.33562
ENSG00000072401,UBE2D1,2.009,2.5196,2.1488,2.8677,2.6185,1.2773,1.9541
ENSG00000072415,MPP5,-2.5254,-1.656,-2.8898,-3.332,-3.2248,-2.9541,-2.6507
ENSG00000072501,SMC1A,2.1457,1.662,1.1043,2.6108,1.5033,1.7579,1.5516
ENSG00000072506,HSD17B10,0.80393,0.86134,-0.17601,1.16,-0.19897,1.2877,0.28006
ENSG00000072518,MARK2,0.89677,-0.61363,-1.772,0.84789,0.93919,0.86686,0.64046
ENSG00000072571,HMMR,1.0033,1.2191,1.048,1.1857,0.61186,0.64953,-0.095757
ENSG00000072756,TRNT1,2.9292,3.1343,2.8334,3.1692,2.9359,1.9103,2.6938
ENSG00000072778,ACADVL,0.46127,0.96707,0.6716,0.45161,0.19787,0.082912,-0.67695
ENSG00000072803,FBXW11,2.0373,2.9101,2.6641,2.8137,2.7302,2.2066,2.2441
ENSG00000072849,DERL2,3.9596,3.76,3.6692,4.0341,3.7165,3.5749,3.875
ENSG00000072958,AP1M1,3.4516,3.2449,2.7657,3.2247,3.2512,2.2392,3.019
ENSG00000073050,XRCC1,0.53294,0.15745,0.9532,0.65888,1.3301,-0.0229,0.14872
ENSG00000073060,SCARB1,4.0713,3.9511,4.0559,4.5004,4.8874,4.2995,4.4032
ENSG00000073111,MCM2,3.98,4.7704,4.7717,5.0755,4.1453,4.3765,4.3495
ENSG00000073169,SELENOO,1.7726,1.6357,3.0207,1.9334,1.3245,2.2033,1.4924
ENSG00000073536,NLE1,2.5266,2.3728,2.5533,2.1388,0.84108,0.81946,0.68801
ENSG00000073578,SDHA,0.71389,0.3722,0.99226,1.5709,1.9036,1.1763,0.12809
ENSG00000073584,SMARCE1,1.3806,1.6734,1.1894,2.3362,2.1728,1.8778,0.30037
ENSG00000073921,PICALM,3.1802,3.0544,4.161,3.4079,3.4113,3.4537,3.6258
ENSG00000073969,NSF,2.2192,2.2041,2.722,3.4071,1.9163,1.7507,1.4009
ENSG00000074071,MRPS34,4.8614,5.3513,4.933,5.5797,4.7764,4.9898,5.0486
ENSG00000074201,CLNS1A,1.5638,1.7752,1.7309,2.7199,1.66,2.3058,1.0026
ENSG00000074266,EED,-1.1051,-1.2052,-1.2746,-1.1693,-0.89267,-1.2502,-1.1651
ENSG00000074319,TSG101,1.8862,1.8715,2.0272,2.7947,2.2037,2.2696,2.3441
ENSG00000074356,NCBP3,-0.27916,0.67432,0.2205,0.92873,-0.0254,1.0369,0.14976
ENSG00000074582,BCS1L,-0.30559,0.9851,0.64585,-0.18921,-0.20349,0.72266,-0.76585
ENSG00000074695,LMAN1,1.8761,1.6559,1.7566,2.7438,2.5884,2.2959,1.9608
ENSG00000074696,HACD3,2.7952,3.2939,3.1952,3.3009,2.6678,2.4337,1.901
ENSG00000074800,ENO1,2.2143,3.0137,2.9239,2.7726,2.7376,2.4543,1.9651
ENSG00000074842,MYDGF,4.9231,5.0217,5.5837,5.4581,5.3485,5.4917,4.5906
ENSG00000075089,ACTR6,1.5869,0.13356,1.7849,1.0038,0.43571,0.76899,0.22974
ENSG00000075151,EIF4G3,0.52822,1.8016,0.74844,0.58909,0.040344,1.0786,-0.24669
ENSG00000075188,NUP37,1.6686,2.0683,0.58442,2.5308,0.7595,1.6221,1.1533
ENSG00000075218,GTSE1,1.195,2.1897,2.2149,2.4025,1.5684,2.4277,0.74039
ENSG00000075234,TTC38,0.49647,1.4521,-0.17916,1.0048,0.18408,0.94245,1.4217
ENSG00000075239,ACAT1,-0.36409,-0.3708,-0.2622,0.16386,0.17076,-0.61298,-1.1828
ENSG00000075292,ZNF638,-1.6619,-2.0582,-2.0665,-1.6554,-2.7871,-2.2548,-2.3847
ENSG00000075303,SLC25A40,-0.31498,0.051765,-0.38988,0.9245,-0.41513,0.25375,-1.0523
ENSG00000075336,TIMM21,2.6551,2.9608,2.746,3.5123,2.6639,2.1322,1.3004
ENSG00000075413,MARK3,3.1412,3.6237,3.5246,3.3988,3.2996,3.1444,3.0952
ENSG00000075415,SLC25A3,4.2224,4.4484,4.8369,4.9667,4.6344,4.4475,3.9844
ENSG00000075420,FNDC3B,-0.39438,-1.1911,-0.78056,-1.7746,-0.37821,-0.2155,-1.3978
ENSG00000075568,TMEM131,2.4434,2.7669,3.139,3.4567,3.3629,2.1419,1.7375
ENSG00000075618,FSCN1,4.2757,4.8335,5.0075,4.8734,4.5124,4.6277,3.2152
ENSG00000075624,ACTB,5.2366,5.9553,5.8247,5.587,5.2533,5.2513,5.3502
ENSG00000075785,RAB7A,3.7138,4.168,4.7716,4.5717,4.4433,3.6988,4.0106
ENSG00000075856,SART3,3.6097,3.9848,3.7764,4.423,3.9643,3.6047,3.4092
ENSG00000075914,EXOSC7,-0.83607,-0.10293,0.14862,0.066829,-0.63635,-0.59388,-0.13851
ENSG00000075975,MKRN2,0.3526,1.1862,2.4635,2.6056,1.724,2.6162,2.2754
ENSG00000076003,MCM6,3.0589,3.6014,3.248,4.1843,3.0055,3.5764,3.1591
ENSG00000076043,REXO2,-0.92591,-0.19755,0.76913,0.1479,-0.30418,1.9025,0.15006
ENSG00000076108,BAZ2A,0.86125,1.5741,1.3446,1.5505,0.107,1.5751,0.55996
ENSG00000076201,PTPN23,3.0559,3.4983,4.0436,4.0176,3.6135,4.0033,3.5131
ENSG00000076248,UNG,2.7845,4.019,3.4446,3.8904,2.3358,3.0386,1.5826
ENSG00000076382,SPAG5,1.0606,0.12183,0.21185,1.3812,0.68129,0.33407,0.43425
ENSG00000076604,TRAF4,3.5724,4.3264,4.008,4.1394,4.2781,4.1139,3.9864
ENSG00000076685,NT5C2,0.75112,0.84292,0.86758,1.0683,0.68582,-0.39018,1.2429
ENSG00000076924,XAB2,0.3702,0.18889,0.33687,1.2498,-0.12221,1.0035,0.4643
ENSG00000076928,ARHGEF1,0.57745,0.67794,2.0919,2.0418,1.2623,1.644,0.48211
ENSG00000076944,STXBP2,0.32992,0.16227,0.65275,0.52211,-0.40731,0.63449,-0.29858
ENSG00000077097,TOP2B,-0.26046,-0.68249,-0.57696,0.32538,-0.42599,0.30775,-0.11909
ENSG00000077147,TM9SF3,2.4684,3.1547,2.9834,2.9508,3.171,2.4779,1.6931
ENSG00000077150,NFKB2,-0.081068,-0.73833,1.31,-0.022266,-0.16919,-0.996,-0.96535
ENSG00000077152,UBE2T,1.7976,0.57927,0.91216,1.7511,0.23898,1.647,0.95931
ENSG00000077232,DNAJC10,1.5204,2.4183,1.9437,2.4536,2.6999,2.0421,1.6839
ENSG00000077235,GTF3C1,3.4671,4.0188,3.6283,3.8689,3.6112,3.4772,3.4717
ENSG00000077254,USP33,-2.7958,-2.4924,-2.7736,-2.9901,-3.1198,-3.037,-2.8888
ENSG00000077312,SNRPA,0.95447,0.99037,1.3868,1.7954,-0.33158,1.5323,0.65098
ENSG00000077348,EXOSC5,0.96897,1.6969,1.0336,2.1658,0.80753,1.2752,1.0015
ENSG00000077380,DYNC1I2,-0.26913,0.85639,0.090132,-0.22663,-0.019567,1.1041,-0.49302
ENSG00000077463,SIRT6,2.5355,2.6936,2.3635,1.8838,1.9678,2.3549,1.5264
ENSG00000077514,POLD3,-2.0173,-1.2431,-2.504,-0.50512,-2.5021,-0.69816,-1.9009
ENSG00000077549,CAPZB,1.4871,1.9738,1.4019,1.9751,1.5562,1.5338,1.1175
ENSG00000077713,SLC25A43,2.8919,2.1454,2.9216,2.916,2.7456,2.1393,2.1694
ENSG00000077721,UBE2A,0.72524,-0.046645,0.034984,1.1495,-0.63668,0.1567,-0.52259
ENSG00000078061,ARAF,3.1576,3.3522,3.4118,3.3226,3.7023,3.5383,2.7871
ENSG00000078070,MCCC1,-0.93724,-0.60266,1.0815,-0.20572,-0.54722,-0.30512,0.37516
ENSG00000078140,UBE2K,2.1076,3.1842,2.9125,3.1857,2.9206,2.6182,1.5348
ENSG00000078246,TULP3,2.2888,3.0549,2.9061,3.2018,2.8613,2.0335,2.6622
ENSG00000078304,PPP2R5C,0.88817,1.1744,0.99785,2.1954,0.63723,0.80007,0.73602
ENSG00000078319,PMS2P1,0.6851,0.11004,0.98888,1.7618,1.3027,1.0103,1.5929
ENSG00000078369,GNB1,2.1778,2.9434,2.8001,3.4648,2.6495,1.9761,1.4138
ENSG00000078618,NRDC,0.3941,0.67171,1.0063,0.38736,0.50801,0.4653,1.0521
ENSG00000078668,VDAC3,4.3487,4.3377,4.3469,4.6948,4.033,4.4244,3.8515
ENSG00000078674,PCM1,1.4835,1.5107,1.9546,1.9124,1.6858,-0.095954,0.26015
ENSG00000078747,ITCH,-0.78393,-0.11108,-0.011202,0.59473,-0.35735,-0.48998,-0.62824
ENSG00000078808,SDF4,3.9963,4.1087,4.4347,4.559,4.8057,4.1986,4.2966
ENSG00000078902,TOLLIP,3.6101,3.8824,3.9993,3.8702,4.4146,3.171,3.7733
ENSG00000078967,UBE2D4,-1.2679,-1.7229,-1.0737,-1.4342,-1.3263,-1.6609,-1.7419
ENSG00000079246,XRCC5,0.60555,0.61377,0.80297,0.57303,0.042388,0.67987,-0.086298
ENSG00000079313,REXO1,2.8882,2.955,2.9747,3.4991,3.2356,2.1506,2.2166
ENSG00000079332,SAR1A,2.8772,2.963,2.3894,3.5052,2.7638,2.3653,2.1201
ENSG00000079432,CIC,2.7896,2.8469,2.9067,3.023,2.3939,2.772,2.4803
ENSG00000079459,FDFT1,2.7345,3.9592,4.236,3.9496,3.3263,4.1868,2.5553
ENSG00000079462,PAFAH1B3,2.6987,2.3957,1.4122,2.1225,1.9649,2.1582,2.1876
ENSG00000079616,KIF22,0.63221,1.5165,1.8034,2.3368,2.1902,1.0584,1.218
ENSG00000079785,DDX1,1.3695,0.8466,1.2725,1.4194,0.58312,0.97513,0.38553
ENSG00000079805,DNM2,0.053738,3.0408,1.2148,2.1265,0.21982,-0.24589,0.192
ENSG00000079819,EPB41L2,-1.3666,-1.2322,-0.65253,0.38917,-1.2602,-0.21149,-1.3025
ENSG00000079950,STX7,-1.2617,-0.95852,0.46711,-0.49971,-0.44367,-0.53119,-1.1951
ENSG00000079999,KEAP1,3.8679,4.0399,4.0456,4.5321,4.1291,4.2277,3.713
ENSG00000080189,SLC35C2,3.3567,3.4651,4.0308,3.3959,3.8823,3.7755,3.2174
ENSG00000080345,RIF1,2.7818,3.1149,2.6851,2.9737,3.0106,2.0769,2.5912
ENSG00000080371,RAB21,1.0532,2.0972,2.4516,2.357,2.1707,0.71524,2.4226
ENSG00000080603,SRCAP,2.7031,2.5794,2.6561,3.002,2.3013,2.313,2.475
ENSG00000080608,PUM3,1.703,2.1714,2.1488,2.1546,1.3443,1.1835,0.15632
ENSG00000080815,PSEN1,-2.2435,-1.9034,-2.4916,-2.73,-2.7484,-1.7974,-2.4244
ENSG00000080819,CPOX,0.29172,1.9641,2.4184,3.6992,1.6247,3.3014,2.0908
ENSG00000080822,CLDND1,-0.16295,1.5314,1.8451,1.5767,0.71209,-0.75421,-0.30348
ENSG00000080824,HSP90AA1,2.911,2.928,3.0338,3.7324,2.5356,1.5265,1.8254
ENSG00000080839,RBL1,2.576,2.5202,1.684,2.7557,2.1393,2.1894,1.9357
ENSG00000080845,DLGAP4,2.5381,3.1771,3.2961,2.9988,3.2567,2.0487,2.401
ENSG00000080986,NDC80,-0.10198,-0.93024,0.19489,-0.53878,-0.34983,-0.79727,0.054454
ENSG00000081087,OSTM1,-0.04586,-0.44256,0.36461,0.23175,0.81918,-0.47892,-1.6285
ENSG00000081154,PCNP,1.9653,3.1252,3.4031,3.1954,2.4908,2.6774,2.4238
ENSG00000081307,UBA5,1.9725,1.1008,1.6471,2.0208,1.4234,1.2514,1.4769
ENSG00000081721,DUSP12,1.0792,1.0991,1.4925,0.86055,2.0755,1.7033,0.76267
ENSG00000081760,AACS,2.895,3.9606,3.1886,2.9188,3.2712,2.5742,2.8233
ENSG00000081791,KIAA0141,1.5436,2.183,3.0659,2.4418,2.2517,2.85,1.492
ENSG00000081870,HSPB11,-2.2326,-1.801,-1.7574,-1.266,-1.4147,-1.5334,-1.6616
ENSG00000081913,PHLPP1,-0.14432,0.77828,-1.1158,0.14309,0.68056,1.2004,0.77086
ENSG00000082068,WDR70,-0.8664,-0.2825,-0.54457,-0.78798,-0.7336,-1.1704,-0.65846
ENSG00000082146,STRADB,2.5669,3.0384,2.8656,2.67,3.1585,2.8168,1.7346
ENSG00000082153,BZW1,0.77756,0.59308,1.0807,1.8607,1.4288,0.38885,0.2625
ENSG00000082212,ME2,-0.86289,-0.68924,-0.49046,0.1065,0.17292,-1.2669,-1.2805
ENSG00000082213,C5orf22,-0.89909,-2.0032,-0.27546,0.046171,-1.592,-0.43373,-1.5396
ENSG00000082515,MRPL22,0.61756,-0.31894,0.22924,0.20608,0.53093,-0.069961,-0.036224
ENSG00000082516,GEMIN5,3.6332,3.8578,3.661,4.2069,3.3062,3.106,3.5493
ENSG00000082641,NFE2L1,3.9641,4.1791,4.1868,4.1553,4.0498,3.4381,3.5061
ENSG00000082701,GSK3B,1.725,0.30935,2.9102,2.8136,2.7331,2.5476,1.9609
ENSG00000082781,ITGB5,4.8111,4.7043,5.2908,4.444,4.7956,3.4693,4.2125
ENSG00000082898,XPO1,2.1014,2.6091,2.1236,2.2622,2.2266,2.3411,1.1361
ENSG00000082996,RNF13,0.12869,0.86534,0.83522,1.3174,0.72996,0.91395,0.45591
ENSG00000083099,LYRM2,3.2621,2.8904,2.8728,3.4876,2.9763,2.7795,3.0067
ENSG00000083312,TNPO1,0.60412,0.50717,-0.0055111,2.3423,1.3653,-0.45439,-0.77172
ENSG00000083444,PLOD1,4.44,4.6535,5.4796,5.2195,5.097,4.6362,4.34
ENSG00000083457,ITGAE,2.8345,2.7555,2.6693,3.0015,2.0798,1.9475,1.9211
ENSG00000083520,DIS3,2.2588,2.9249,3.4261,3.2213,2.8388,2.8571,2.6593
ENSG00000083642,PDS5B,2.9437,3.4492,3.2976,2.9705,3.0741,2.2884,2.5855
ENSG00000083845,RPS5,1.6653,1.7911,1.8961,2.2476,1.9333,2.2011,1.2059
ENSG00000083896,YTHDC1,-1.9053,-1.5917,-1.7022,-1.8815,-1.6039,-2.4908,-2.684
ENSG00000083937,CHMP2B,0.31688,1.2524,0.47298,2.1381,0.54586,-0.45834,1.7329
ENSG00000084070,SMAP2,-0.89467,-0.96831,1.1563,1.2311,-0.58417,1.1615,1.7453
ENSG00000084072,PPIE,3.5737,3.9062,3.5535,4.3392,2.6696,3.8593,3.5819
ENSG00000084073,ZMPSTE24,3.0853,3.2283,2.6197,3.752,3.8456,2.4901,2.0781
ENSG00000084090,STARD7,3.6709,4.6751,4.3067,4.4986,4.6741,3.5181,3.547
ENSG00000084092,NOA1,3.0187,3.9843,4.2212,4.0168,3.1767,3.5834,3.503
ENSG00000084112,SSH1,2.7193,2.2636,3.741,3.4805,2.7409,1.4318,1.9233
ENSG00000084234,APLP2,3.7251,4.7482,5.4448,4.4086,5.0775,3.8726,3.8674
ENSG00000084463,WBP11,2.9931,3.5186,3.426,3.5035,2.8991,3.1875,3.2077
ENSG00000084623,EIF3I,2.9039,3.1665,3.0454,3.8764,3.4156,3.0036,2.2729
ENSG00000084652,TXLNA,0.82178,1.433,0.91434,0.13125,0.75637,1.538,-0.10606
ENSG00000084693,AGBL5,2.9882,3.335,3.7854,3.3659,3.4819,3.3745,2.742
ENSG00000084733,RAB10,3.3298,3.2855,3.6257,3.5041,2.8873,2.8825,2.674
ENSG00000084754,HADHA,1.4019,2.4039,2.7358,2.2523,1.7863,2.2141,1.2315
ENSG00000084774,CAD,2.3915,3.3441,3.1532,3.3815,1.8566,2.5678,2.0092
ENSG00000085063,CD59,3.0722,3.4199,4.9359,3.3544,3.782,2.9419,2.8853
ENSG00000085231,AK6,-0.14152,-0.11405,1.0762,0.52977,0.30536,0.64923,-0.11916
ENSG00000085274,MYNN,1.7446,1.7191,2.8462,2.6774,2.3482,2.1475,2.5564
ENSG00000085365,SCAMP1,0.079892,1.0202,-0.19522,1.3129,0.2103,-0.46285,0.024751
ENSG00000085377,PREP,2.2773,3.5304,2.7454,3.2834,3.0824,2.3675,2.9061
ENSG00000085415,SEH1L,0.73416,1.0018,2.0555,2.5101,1.6396,2.6246,1.1945
ENSG00000085449,WDFY1,-0.5026,1.8276,1.3347,1.249,0.071436,0.91812,1.0782
ENSG00000085491,SLC25A24,1.2256,0.96858,1.345,1.6562,0.89756,1.8601,2.4585
ENSG00000085719,CPNE3,0.75424,0.58083,1.0305,0.98663,-0.24781,0.72804,1.0233
ENSG00000085721,RRN3,-0.075668,0.74187,0.51361,1.6563,0.79594,-0.2056,0.95517
ENSG00000085733,CTTN,3.464,3.6144,3.8059,3.8953,3.5184,3.4499,3.5974
ENSG00000085760,MTIF2,-0.42657,0.048256,-0.30715,-0.31307,0.26481,-0.099704,-0.87992
ENSG00000085832,EPS15,1.5805,1.9284,2.3695,1.2175,1.2245,2.2566,1.4836
ENSG00000085840,ORC1,0.39373,-0.54032,-0.52659,-0.85241,-1.4044,0.011082,-1.1607
ENSG00000085871,MGST2,0.19211,0.27924,0.41295,0.42283,1.2033,-0.23167,-0.21168
ENSG00000085872,CHERP,3.0627,3.8738,4.2204,4.3508,3.7181,3.64,3.6957
ENSG00000085998,POMGNT1,2.8149,2.7603,3.2661,3.6779,3.1494,2.6753,2.6206
ENSG00000085999,RAD54L,-1.3834,0.17882,1.675,0.40567,0.10514,-0.2229,-1.4413
ENSG00000086015,MAST2,3.1267,3.116,3.4757,3.8097,3.6119,2.8893,3.4988
ENSG00000086061,DNAJA1,4.1687,4.4155,4.24,4.6564,4.5258,3.7373,3.8623
ENSG00000086062,B4GALT1,2.0215,0.28924,1.7031,1.4154,1.8551,1.0549,1.5359
ENSG00000086065,CHMP5,3.088,2.2509,2.5681,3.3106,2.7511,2.4282,2.3056
ENSG00000086102,NFX1,3.0691,3.4681,3.2935,3.3592,2.8975,3.0192,3.1264
ENSG00000086189,DIMT1,0.72625,-0.5275,0.40857,0.69375,0.31061,-0.42256,-0.29695
ENSG00000086200,IPO11,-0.93769,-1.9483,-0.46043,-0.92312,-1.3108,-0.86961,-2.3421
ENSG00000086232,EIF2AK1,2.7937,3.2921,3.1025,3.3359,3.23,3.0239,3.0547
ENSG00000086475,SEPHS1,3.1991,4.7071,3.5708,3.5567,3.757,2.3871,3.5776
ENSG00000086504,MRPL28,2.5445,3.4304,3.2254,3.1049,2.1643,3.401,2.9947
ENSG00000086544,ITPKC,3.5983,3.8952,4.1255,3.7391,3.9278,3.6817,3.8679
ENSG00000086589,RBM22,3.1431,3.7736,3.9581,3.9754,3.8108,3.6238,3.09
ENSG00000086598,TMED2,3.6783,4.0145,3.9018,4.3258,4.0305,3.7636,3.6092
ENSG00000086666,ZFAND6,2.0989,2.5174,2.256,1.8196,2.0117,2.6239,2.073
ENSG00000086712,TXLNG,-1.8305,0.728,0.22511,0.53587,-0.51368,-0.53925,0.31562
ENSG00000086758,HUWE1,2.8808,2.8885,1.726,3.1242,2.4878,2.5636,2.6012
ENSG00000086827,ZW10,2.0478,2.8578,2.9802,3.089,2.4935,2.6618,2.0525
ENSG00000087008,ACOX3,2.7081,3.2136,3.2542,3.1563,3.366,3.1888,3.1847
ENSG00000087053,MTMR2,-2.025,-1.9551,-1.9768,-1.3952,-2.339,-0.78176,-2.1043
ENSG00000087074,PPP1R15A,3.0732,3.0236,4.3386,3.5889,3.5114,4.5057,3.4132
ENSG00000087086,FTL,1.5573,2.2226,2.1202,2.2937,1.4953,1.8769,1.4172
ENSG00000087087,SRRT,0.35033,1.3658,1.1041,1.6027,0.77585,1.294,0.44666
ENSG00000087088,BAX,3.9594,4.9672,4.9137,4.0865,4.4681,3.5375,4.3744
ENSG00000087111,PIGS,3.6466,3.6288,3.8083,3.6608,3.9277,3.7804,3.0741
ENSG00000087152,ATXN7L3,-0.94861,-0.6075,-0.93871,-0.87665,-0.59096,-0.72478,-0.85874
ENSG00000087157,PGS1,3.7173,3.9823,4.4144,4.4061,3.6365,3.2191,3.5986
ENSG00000087191,PSMC5,3.2178,2.7726,3.3112,3.114,2.846,2.8514,3.7505
ENSG00000087206,UIMC1,2.3959,2.6768,2.9918,2.4546,2.9243,2.6235,2.4278
ENSG00000087263,OGFOD1,3.1998,3.6999,3.3537,3.8456,3.9544,3.3789,2.6836
ENSG00000087269,NOP14,2.1882,2.4131,1.9963,3.2201,2.0315,2.4052,1.7205
ENSG00000087274,ADD1,3.0482,3.5532,3.5225,3.4075,3.5877,2.7668,2.7447
ENSG00000087302,RTRAF,3.1166,3.5172,3.6127,3.9133,2.7237,3.1354,3.1344
ENSG00000087338,GMCL1,2.2774,2.6352,2.9588,3.1046,2.8775,3.0363,2.0408
ENSG00000087365,SF3B2,2.0443,2.6662,2.5855,2.6723,2.2275,2.5736,1.9108
ENSG00000087460,GNAS,1.9331,2.6336,3.1327,2.3843,2.1548,1.9019,2.5771
ENSG00000087470,DNM1L,-1.2509,0.22048,0.45223,-0.17303,-0.72779,0.083134,-0.19324
ENSG00000087502,ERGIC2,1.21,0.68692,1.5115,2.2607,0.79061,-0.78005,0.023562
ENSG00000087586,AURKA,2.7211,2.4329,2.8034,2.7764,2.3707,2.0768,2.2424
ENSG00000087842,PIR,0.59889,1.5305,-0.38675,1.2577,0.93978,-0.21381,-0.020241
ENSG00000087884,AAMDC,-0.15193,-1.293,0.5362,0.31554,0.5356,-0.58481,-1.2223
ENSG00000087995,METTL2A,3.2894,3.4842,3.3497,3.7391,2.9486,3.3743,3.3453
ENSG00000088035,ALG6,0.88664,1.5213,0.60588,1.4051,2.0021,1.9259,1.1066
ENSG00000088038,CNOT3,1.0594,1.8243,1.6795,0.70461,0.014117,0.90169,0.47771
ENSG00000088205,DDX18,1.166,2.8493,2.4534,3.215,3.1802,1.9871,1.5893
ENSG00000088247,KHSRP,3.8724,4.4643,3.9372,4.7197,4.1643,3.6976,3.7705
ENSG00000088256,GNA11,3.4639,3.2215,3.6085,4.0766,4.1594,3.1269,3.1968
ENSG00000088298,EDEM2,3.5275,3.3502,3.8598,3.4054,3.8927,2.4334,2.5323
ENSG00000088325,TPX2,3.7818,4.3158,4.4111,4.3213,3.6282,3.9456,3.4776
ENSG00000088356,PDRG1,3.9409,4.6955,4.4247,4.6338,4.5261,4.3445,3.9961
ENSG00000088448,ANKRD10,1.7501,2.9528,2.1949,2.7408,2.6878,2.3475,-1.0864
ENSG00000088451,TGDS,-0.57256,-0.088099,-1.0864,0.45554,-0.27727,-0.87403,-1.4015
ENSG00000088682,COQ9,3.5764,3.5926,3.4928,4.218,3.753,3.6402,3.2188
ENSG00000088727,KIF9,2.0991,0.10133,2.4986,1.5677,1.17,2.2325,1.1203
ENSG00000088766,CRLS1,3.2708,3.4664,3.4507,3.477,4.2444,3.4036,2.6442
ENSG00000088812,ATRN,0.33587,-0.039188,-0.8888,1.176,0.46694,0.19229,1.8172
ENSG00000088832,FKBP1A,0.75226,0.87735,1.1499,0.62241,0.63416,0.70831,-0.10917
ENSG00000088833,NSFL1C,2.355,2.8324,2.8629,3.033,2.9808,2.4491,2.2947
ENSG00000088930,XRN2,1.9484,1.2931,1.0033,1.4514,2.0737,1.622,0.14126
ENSG00000088986,DYNLL1,4.8235,5.0953,4.9564,5.0264,4.7718,4.6464,4.3212
ENSG00000089006,SNX5,0.68594,1.1721,0.43585,1.4957,1.9445,0.773,0.32946
ENSG00000089009,RPL6,3.398,3.9621,4.1835,3.8039,3.1269,4.0663,3.702
ENSG00000089022,MAPKAPK5,-0.14366,0.38573,-0.10241,1.4462,0.89131,0.96743,0.52554
ENSG00000089048,ESF1,1.5181,3.0715,2.546,3.1195,2.4582,0.74657,2.4912
ENSG00000089053,ANAPC5,3.4236,3.5115,3.904,4.0074,3.7694,3.6702,2.9283
ENSG00000089063,TMEM230,1.9812,2.1268,2.373,1.73,1.9158,2.0282,0.78501
ENSG00000089154,GCN1,3.7476,4.1959,3.969,4.4931,4.0988,4.1415,3.9164
ENSG00000089157,RPLP0,2.6364,3.1387,3.4319,3.0882,3.2506,2.8142,1.7947
ENSG00000089159,PXN,2.7352,2.8223,3.8681,3.5037,3.1042,2.0669,3.0707
ENSG00000089220,PEBP1,2.5787,3.1228,3.0066,3.3172,3.2942,1.8801,2.327
ENSG00000089234,BRAP,2.8826,3.7253,3.5875,3.3917,3.1123,2.1563,2.8124
ENSG00000089248,ERP29,3.514,3.9605,3.823,3.9119,4.0772,3.8327,3.4456
ENSG00000089280,FUS,2.7535,2.7285,2.8792,2.9741,2.9446,1.7796,1.9505
ENSG00000089289,IGBP1,2.0883,2.7757,2.8087,2.8379,2.1835,2.4626,2.8676
ENSG00000089351,GRAMD1A,3.029,3.8276,3.2778,3.3752,3.1098,3.0545,2.1665
ENSG00000089597,GANAB,0.57035,1.1466,1.3061,1.5351,1.0987,0.36296,-0.25968
ENSG00000089685,BIRC5,3.2203,3.984,3.6836,4.1067,2.5432,3.54,2.592
ENSG00000089693,MLF2,1.6236,1.7172,2.0689,2.2039,1.0316,1.024,1.887
ENSG00000089737,DDX24,3.4465,4.0314,4.1141,4.0224,3.3353,3.0919,3.1154
ENSG00000089876,DHX32,1.4446,1.7023,2.7712,2.4321,2.4641,-0.045917,1.8496
ENSG00000089902,RCOR1,2.0963,2.3506,2.2217,2.7795,2.2395,2.6761,2.6366
ENSG00000090013,BLVRB,2.5694,1.2612,2.1038,1.6258,1.205,2.7333,1.925
ENSG00000090054,SPTLC1,3.611,3.8873,4.4862,4.3315,4.185,3.6706,3.972
ENSG00000090060,PAPOLA,2.4951,3.2281,3.3384,3.6985,3.3577,2.6149,2.2254
ENSG00000090061,CCNK,1.0275,2.4769,2.5206,2.1733,1.7639,1.9417,1.8144
ENSG00000090263,MRPS33,2.5444,2.6991,2.3608,2.7878,2.381,2.6807,1.7195
ENSG00000090266,NDUFB2,2.0043,2.0165,2.197,2.4406,1.8418,2.2916,1.6555
ENSG00000090273,NUDC,3.3466,3.7606,3.5483,4.0249,3.0601,3.1863,2.633
ENSG00000090316,MAEA,4.2543,4.8738,4.6693,4.9407,4.4486,3.9347,4.2655
ENSG00000090372,STRN4,0.58874,0.59894,1.21,1.0792,1.3477,0.28406,0.40088
ENSG00000090432,MUL1,3.9075,4.0871,4.0242,4.3407,4.3244,3.6859,3.5453
ENSG00000090447,TFAP4,-1.0326,1.0006,0.57604,2.0362,2.4457,1.4377,0.084106
ENSG00000090470,PDCD7,2.4675,2.8383,2.8313,3.1009,2.58,2.6691,2.6447
ENSG00000090487,SPG21,4.3432,4.3244,4.418,4.1797,4.2009,3.8193,4.1755
ENSG00000090520,DNAJB11,3.0432,3.4938,3.5717,3.7492,3.6523,3.469,3.115
ENSG00000090581,GNPTG,-0.028213,0.74684,-0.32348,-0.1816,0.66612,-0.25903,-0.83507
ENSG00000090621,PABPC4,1.0126,2.0106,2.2273,1.6249,1.7183,2.0922,1.8908
ENSG00000090686,USP48,1.225,1.7597,2.2204,2.7877,1.5967,2.7961,1.9244
ENSG00000090857,PDPR,1.8028,2.4732,2.1762,2.3677,2.1156,1.6618,2.0592
ENSG00000090861,AARS,4.1693,4.5534,4.611,4.5817,4.5865,5.0801,4.5157
ENSG00000090863,GLG1,3.7298,4.4198,4.0838,4.471,4.6259,3.7663,3.7776
ENSG00000090889,KIF4A,3.8222,3.9623,4.0536,4.0829,3.3224,4.0049,3.4427
ENSG00000090971,NAT14,3.1016,4.4731,4.3387,4.222,3.4419,3.9878,3.4488
ENSG00000090989,EXOC1,-3.4712,-2.4622,-2.7502,-3.2588,-1.129,-3.6819,-3.3865
ENSG00000091009,RBM27,-0.28908,1.654,2.0066,1.7295,1.4192,0.95637,1.0382
ENSG00000091039,OSBPL8,-0.070872,1.0063,0.74003,2.2167,0.91573,1.2733,1.1272
ENSG00000091127,PUS7,2.2516,2.1623,1.0418,2.9194,1.8242,1.6844,0.77111
ENSG00000091140,DLD,4.0621,4.0925,4.053,4.5329,4.3085,4.5085,4.2048
ENSG00000091164,TXNL1,2.1056,2.6184,2.8277,3.2108,2.6161,2.9918,1.3813
ENSG00000091317,CMTM6,0.67942,0.28288,0.82697,1.7013,0.85438,0.14858,0.047438
ENSG00000091483,FH,2.6637,1.5122,2.3817,2.9475,1.9097,2.9081,1.1889
ENSG00000091490,SEL1L3,1.076,0.53356,1.3756,1.4407,1.3277,1.0129,0.22951
ENSG00000091527,CDV3,2.7789,3.6102,4.196,3.8663,3.6548,3.0737,3.0435
ENSG00000091542,ALKBH5,3.5756,3.82,3.6558,4.1021,3.7145,3.7867,3.501
ENSG00000091640,SPAG7,1.183,2.9147,2.2362,2.4945,1.657,2.3408,0.82003
ENSG00000091651,ORC6,3.0411,3.4739,3.0893,3.3979,2.7528,3.0414,2.2924
ENSG00000091732,ZC3HC1,2.7099,3.067,2.6467,3.2313,2.9867,3.2955,1.9484
ENSG00000091947,TMEM101,2.3137,2.9051,3.6094,3.4732,3.1053,3.493,2.5893
ENSG00000092010,PSME1,1.8656,0.32409,2.2028,2.2607,2.4062,2.0728,0.61464
ENSG00000092020,PPP2R3C,1.8371,2.9281,3.1103,2.7415,3.0228,2.8467,1.7774
ENSG00000092036,HAUS4,1.3347,1.4885,2.2657,2.274,0.84254,0.75912,1.3213
ENSG00000092094,OSGEP,0.32933,0.26742,0.1013,0.77949,0.58028,1.4487,0.40531
ENSG00000092098,RNF31,-1.1103,-1.5357,-1.7995,-1.3579,-1.6122,-1.7477,-1.6671
ENSG00000092108,SCFD1,-0.62021,0.53687,-0.20741,-0.30421,0.32361,-0.53973,-0.55973
ENSG00000092140,G2E3,2.392,3.3444,2.8551,3.0453,2.6607,2.4641,2.6176
ENSG00000092148,HECTD1,1.6463,2.393,2.5901,2.9998,2.9951,2.5716,2.3575
ENSG00000092199,HNRNPC,1.369,2.2243,1.9842,2.7277,1.2166,0.99083,0.64225
ENSG00000092201,SUPT16H,3.5192,4.2448,3.7531,4.1733,3.6358,2.5665,3.4369
ENSG00000092203,TOX4,2.1343,1.685,2.3832,2.6361,1.5438,1.5462,1.8585
ENSG00000092208,GEMIN2,-0.10389,-0.62474,0.19413,-0.080636,-0.59844,-0.56683,-1.1979
ENSG00000092330,TINF2,2.591,3.4165,3.3978,3.1207,3.4322,2.5674,2.9389
ENSG00000092439,TRPM7,0.93683,0.29489,0.89144,0.86864,0.9445,1.1698,-0.072409
ENSG00000092445,TYRO3,-1.5511,0.32331,-1.3812,-0.33857,-0.24915,-1.3212,0.027974
ENSG00000092531,SNAP23,-0.28224,1.3667,0.41701,0.75299,1.2128,-0.13384,0.52511
ENSG00000092621,PHGDH,0.55798,1.9628,1.9958,1.3885,1.5649,0.91312,0.48274
ENSG00000092820,EZR,3.7182,3.9263,3.9676,4.8256,3.5788,3.5363,2.9537
ENSG00000092841,MYL6,1.3967,1.9975,1.9418,2.0551,1.0437,1.3418,1.6928
ENSG00000092871,RFFL,-1.2948,-1.5743,-1.8317,-0.87951,-0.95787,-1.1575,-1.5224
ENSG00000092929,UNC13D,2.5786,2.411,3.0989,2.4171,2.9674,4.1678,1.5413
ENSG00000093000,NUP50,3.0781,3.8791,3.8091,4.1498,3.6794,3.3865,3.053
ENSG00000093010,COMT,2.4614,1.4091,3.2265,3.1355,3.1976,3.2233,2.2751
ENSG00000093144,ECHDC1,2.2837,2.151,2.4079,2.735,2.1736,2.4414,1.4163
ENSG00000093167,LRRFIP2,2.2701,2.0686,3.087,3.0831,2.5612,3.0719,2.1529
ENSG00000093183,SEC22C,-3.6525,-3.8398,-3.4383,-3.4745,-3.4125,-3.668,-3.7703
ENSG00000094804,CDC6,1.8428,2.8755,1.7526,3.5574,2.4835,2.2275,1.5844
ENSG00000094880,CDC23,1.9265,2.8,2.7406,3.3998,3.0593,2.9412,2.2239
ENSG00000094914,AAAS,0.86828,1.192,0.85896,0.79185,2.0475,1.0247,-0.35074
ENSG00000094916,CBX5,1.4839,1.1351,1.312,1.2103,0.24668,1.5387,1.0336
ENSG00000095002,MSH2,2.6802,4.0214,2.9985,3.3753,2.719,3.1374,2.5522
ENSG00000095059,DHPS,2.1082,2.2363,2.1552,2.0381,0.60963,1.5423,1.9655
ENSG00000095139,ARCN1,2.6491,3.4507,3.9732,3.3225,3.5758,2.6258,2.9001
ENSG00000095209,TMEM38B,-0.24697,0.3551,0.13158,0.84259,-0.36984,-0.76148,-0.84028
ENSG00000095261,PSMD5,3.0268,3.0155,3.6207,3.3495,3.0474,3.2437,3.3012
ENSG00000095319,NUP188,0.71544,1.9165,2.1921,2.3094,2.4137,0.86696,0.82589
ENSG00000095321,CRAT,3.4244,3.5661,3.7623,3.3415,3.9292,3.5353,3.1521
ENSG00000095380,NANS,1.445,2.0219,2.1677,1.6975,1.6526,2.1176,1.9027
ENSG00000095485,CWF19L1,1.0793,2.085,1.3318,2.9602,0.76117,1.7677,0.94313
ENSG00000095787,WAC,3.0978,3.4722,3.5534,3.8895,3.6493,2.9074,2.5041
ENSG00000095794,CREM,-0.71634,-0.96376,-0.89802,-1.1001,-0.1291,-0.48463,-0.98376
ENSG00000095906,NUBP2,3.368,3.6676,3.6535,3.7225,3.6446,3.7717,3.2766
ENSG00000096063,SRPK1,0.91482,1.959,2.1333,2.3706,1.217,1.0839,1.4872
ENSG00000096080,MRPS18A,4.1506,4.7321,4.7088,4.9535,4.7198,4.5233,4.3907
ENSG00000096092,TMEM14A,0.33791,-1.2582,0.13948,0.077281,0.30441,-1.185,-0.87402
ENSG00000096384,HSP90AB1,3.2253,3.8711,3.9246,4.2613,3.5482,3.25,3.0064
ENSG00000096401,CDC5L,2.1424,2.7422,2.6846,3.1968,2.7471,2.8592,2.3222
ENSG00000096433,ITPR3,3.1894,3.233,3.9696,4.127,3.6677,3.0425,3.6138
ENSG00000096746,HNRNPH3,1.55,1.1911,1.7059,2.5274,1.9861,1.5937,0.84952
ENSG00000096872,IFT74,-2.8078,-2.8597,-1.8188,-1.8395,-1.9367,-1.9376,-2.5435
ENSG00000097007,ABL1,3.8523,4.4202,4.8111,4.0933,4.1679,4.1711,3.9004
ENSG00000097021,ACOT7,-0.4542,0.15058,-0.15796,0.30612,-0.42488,-0.75666,-0.39878
ENSG00000097033,SH3GLB1,2.5347,2.6784,2.8934,3.0027,2.6122,3.1771,1.7964
ENSG00000099194,SCD,3.2453,3.7145,3.4993,3.974,3.3367,3.2431,2.3558
ENSG00000099203,TMED1,4.0494,4.3645,4.1416,4.5674,4.5232,3.514,4.1611
ENSG00000099219,ERMP1,-0.072249,0.7652,1.1424,1.0015,0.046036,0.79109,0.24696
ENSG00000099246,RAB18,2.1408,2.7361,2.3954,3.144,2.9185,2.3068,2.2082
ENSG00000099341,PSMD8,3.9835,4.117,3.7701,4.2738,3.535,3.8382,3.2936
ENSG00000099381,SETD1A,3.0622,3.4394,3.0294,3.7453,3.4847,2.8604,3.0093
ENSG00000099385,BCL7C,0.93392,0.2298,1.8212,2.3829,0.48072,1.3241,0.94133
ENSG00000099622,CIRBP,1.9599,3.5873,3.4021,3.4227,3.1494,3.0878,2.9037
ENSG00000099624,ATP5D,3.3146,3.54,4.3366,4.335,3.4985,4.1559,3.5576
ENSG00000099783,HNRNPM,3.4657,4.0156,3.9866,4.4505,3.2735,3.6746,3.5458
ENSG00000099795,NDUFB7,2.2005,3.2632,2.4376,3.4062,2.5434,3.7922,2.3386
ENSG00000099797,TECR,0.99575,0.62987,1.0008,1.2993,0.22075,-0.10255,1.0744
ENSG00000099800,TIMM13,4.1028,5.2297,4.4651,5.0382,4.262,4.6227,3.8302
ENSG00000099804,CDC34,3.7589,4.7524,4.3177,4.3873,4.4805,4.1919,3.9723
ENSG00000099817,POLR2E,3.41,3.6663,3.4701,4.0346,3.3945,3.0589,2.7664
ENSG00000099821,POLRMT,2.9104,3.6564,3.4867,4.0598,2.9167,3.4193,2.2385
ENSG00000099849,RASSF7,3.4972,3.6894,3.7067,3.9084,3.4301,3.3588,3.4857
ENSG00000099875,MKNK2,2.7587,2.8686,2.8819,3.5367,3.0439,3.3766,2.6679
ENSG00000099901,RANBP1,2.7689,3.2322,2.7198,3.8416,2.8034,3.7394,2.2694
ENSG00000099917,MED15,1.1811,1.7136,2.1491,1.8804,2.4234,1.6177,1.886
ENSG00000099940,SNAP29,0.30928,1.576,1.091,2.4096,1.0051,2.4345,1.4795
ENSG00000099942,CRKL,2.8805,3.7788,3.5551,3.7253,3.7669,4.5423,3.5816
ENSG00000099956,SMARCB1,0.16874,0.42866,0.33628,0.55268,1.2769,0.18415,0.75699
ENSG00000099977,DDT,1.8148,2.7452,2.3405,1.8046,1.4506,2.4472,0.46777
ENSG00000099995,SF3A1,1.7715,2.6225,1.9976,2.661,2.4828,2.2741,1.6147
ENSG00000100014,SPECC1L,1.2871,0.36571,0.71411,1.5223,1.2569,1.5255,0.48053
ENSG00000100028,SNRPD3,1.4038,2.4483,2.3313,2.8203,2.3024,1.9928,1.6727
ENSG00000100029,PES1,2.9394,3.1094,3.1629,3.7726,2.9793,2.8795,2.9807
ENSG00000100030,MAPK1,2.4176,2.5294,2.0584,2.8923,2.5533,2.3407,2.076
ENSG00000100034,PPM1F,-0.8259,1.4305,1.6814,2.1566,0.66777,2.5073,1.0944
ENSG00000100056,ESS2,3.6422,3.93,3.5449,4.1529,3.6329,4.286,3.9646
ENSG00000100075,SLC25A1,2.8339,3.6528,3.3026,3.9133,3.5569,3.8277,2.8618
ENSG00000100083,GGA1,2.7598,3.6105,2.9859,3.5919,2.8622,2.9298,2.2278
ENSG00000100084,HIRA,3.5172,4.542,3.7393,4.4168,4.1756,4.5014,3.3034
ENSG00000100097,LGALS1,4.6529,2.1683,5.5163,4.942,3.5897,4.6101,2.9232
ENSG00000100104,SRRD,3.2392,3.6854,3.7346,4.0912,3.9211,3.4728,3.2694
ENSG00000100106,TRIOBP,-0.032889,0.12039,1.8079,1.9915,0.46371,-0.66507,0.053805
ENSG00000100124,ANKRD54,3.1383,2.852,3.1031,3.6219,3.9023,3.1197,2.5658
ENSG00000100129,EIF3L,3.2632,4.3057,4.5541,4.3132,3.917,4.0306,3.2534
ENSG00000100138,SNU13,3.6053,4.276,4.0559,4.3818,4.1215,3.9146,3.7667
ENSG00000100139,MICALL1,2.4122,3.3606,3.8917,3.1307,2.637,3.226,2.2965
ENSG00000100142,POLR2F,1.2463,1.0323,1.4979,2.0512,0.46319,0.79541,-0.42011
ENSG00000100162,CENPM,2.3158,2.2448,2.1817,2.5853,1.3103,1.4508,0.52171
ENSG00000100196,KDELR3,1.818,1.401,2.9515,3.2453,2.7328,2.5859,2.2953
ENSG00000100201,DDX17,3.2365,3.8137,3.7203,3.5739,3.3311,3.3571,3.4574
ENSG00000100209,HSCB,0.40033,0.27982,0.69208,0.53298,0.20705,0.78088,0.91568
ENSG00000100211,CBY1,-1.8726,-1.0521,0.2427,-1.1949,-0.13515,0.27458,-1.0243
ENSG00000100216,TOMM22,3.2548,3.1826,3.4356,3.7511,3.0464,3.0882,2.3578
ENSG00000100219,XBP1,3.92,4.6689,4.3849,4.3233,5.6367,4.3337,5.8037
ENSG00000100220,RTCB,4.1381,4.7335,4.641,4.5649,4.4662,4.3625,3.9239
ENSG00000100221,JOSD1,1.9522,2.6423,3.0627,3.5086,2.084,2.3231,2.2373
ENSG00000100225,FBXO7,2.8958,3.51,3.7778,3.5136,3.3287,3.066,3.1395
ENSG00000100227,POLDIP3,0.91534,2.24,1.3347,2.1222,1.6485,0.034342,-1.0444
ENSG00000100241,SBF1,-0.15582,0.77348,1.1156,1.0143,0.83733,-0.068263,0.29935
ENSG00000100242,SUN2,1.2475,0.70215,1.6283,1.6205,1.1881,0.43263,1.4804
ENSG00000100243,CYB5R3,3.7468,4.0575,4.4715,4.1224,4.2167,3.1245,2.6395
ENSG00000100246,DNAL4,-0.047149,1.476,1.635,1.7648,0.057141,1.0456,-0.4818
ENSG00000100258,LMF2,3.61,3.5606,4.053,3.8017,4.1268,3.6829,3.3738
ENSG00000100263,RHBDD3,1.9944,2.7844,2.6528,2.5429,1.7513,2.2023,1.008
ENSG00000100266,PACSIN2,3.7254,4.0959,4.1253,4.08,4.2931,3.2167,3.3321
ENSG00000100280,AP1B1,2.1532,2.8513,2.1436,2.6581,2.2355,2.3947,2.4078
ENSG00000100281,HMGXB4,-1.1028,-0.45978,-1.3143,-1.528,0.25839,-0.7714,-1.5421
ENSG00000100294,MCAT,3.4246,3.3808,3.4675,4.0843,3.3342,2.9732,3.6933
ENSG00000100296,THOC5,2.5633,2.7383,2.7149,3.1953,3.0721,2.5134,2.6911
ENSG00000100297,MCM5,4.1772,4.6827,4.4676,4.8928,3.7767,4.5078,3.7483
ENSG00000100304,TTLL12,2.3747,3.5461,2.9626,3.5423,2.8149,2.924,2.5564
ENSG00000100316,RPL3,2.4901,3.5374,3.7165,2.8082,2.1727,3.8335,3.3621
ENSG00000100319,ZMAT5,1.2782,-0.17719,0.53073,0.46694,1.4323,0.23397,1.4645
ENSG00000100324,TAB1,2.7878,3.4427,3.5276,3.579,2.9936,2.8242,2.3891
ENSG00000100325,ASCC2,1.0211,0.62857,0.85012,2.5204,-0.78972,-0.90791,1.7031
ENSG00000100335,MIEF1,0.92979,0.84404,0.77475,2.116,2.1407,1.7008,0.90927
ENSG00000100345,MYH9,4.1185,4.5734,5.3072,4.7043,4.741,3.7112,4.197
ENSG00000100347,SAMM50,2.6769,3.8582,3.2466,3.8669,3.5517,3.1001,1.9667
ENSG00000100348,TXN2,3.8793,4.4075,4.5365,4.8095,4.416,4.6346,3.5039
ENSG00000100350,FOXRED2,-1.0517,-0.58285,-1.3129,-0.94224,-0.29644,-1.127,-1.4747
ENSG00000100353,EIF3D,0.79227,0.96255,1.8159,1.2431,0.9229,0.96667,0.47657
ENSG00000100372,SLC25A17,2.5332,2.9112,2.53,3.2387,2.807,2.5816,2.7384
ENSG00000100380,ST13,0.95531,2.4725,1.7235,2.6801,2.1428,1.6293,1.4446
ENSG00000100387,RBX1,0.86529,2.6123,1.7209,1.9374,2.1553,1.6253,1.3702
ENSG00000100393,EP300,3.1684,3.8467,3.4236,3.4701,3.6776,3.0034,3.309
ENSG00000100395,L3MBTL2,3.1699,3.48,3.1704,3.9002,3.5553,3.0764,2.6371
ENSG00000100401,RANGAP1,3.822,4.2592,4.2981,4.3464,3.7333,3.9367,3.4255
ENSG00000100403,ZC3H7B,1.8839,3.5733,2.8754,3.832,2.5335,2.7956,2.6054
ENSG00000100410,PHF5A,4.1053,4.6732,4.6608,4.7462,4.239,3.7785,4.1767
ENSG00000100412,ACO2,3.6804,4.0242,4.112,4.425,4.1299,3.9015,3.6736
ENSG00000100413,POLR3H,3.8157,3.6116,3.4185,4.2964,3.8236,3.6121,3.7147
ENSG00000100417,PMM1,2.7978,3.5165,3.8092,3.8295,4.1086,4.1422,3.9372
ENSG00000100418,DESI1,2.3932,2.6578,3.0674,3.2717,3.0455,2.7211,2.677
ENSG00000100422,CERK,0.50623,1.3383,0.86605,1.8914,1.4858,-0.020864,0.55775
ENSG00000100439,ABHD4,1.9436,1.8052,1.8525,1.6633,2.5958,0.71812,0.89257
ENSG00000100441,KHNYN,-0.73328,0.52715,1.5103,1.1391,2.1725,0.38759,0.66609
ENSG00000100442,FKBP3,1.7024,1.4795,1.9097,1.8574,1.5893,1.1618,0.8838
ENSG00000100445,SDR39U1,2.2017,2.2632,1.9739,0.57667,1.7032,1.9146,0.94324
ENSG00000100462,PRMT5,3.4592,3.7011,3.9729,3.7264,3.6409,3.0292,2.6716
ENSG00000100479,POLE2,-0.43351,-1.4558,-1.7886,-1.4018,-1.0037,-1.927,-1.56
ENSG00000100504,PYGL,2.9918,2.4371,2.868,3.4551,3.3937,2.3418,1.7886
ENSG00000100519,PSMC6,1.5705,1.0124,1.5838,1.5058,1.2783,1.1033,0.034642
ENSG00000100522,GNPNAT1,1.8619,2.5874,2.718,2.4154,2.7152,1.543,0.78932
ENSG00000100526,CDKN3,0.3041,0.76756,1.0081,0.91264,0.01476,1.0254,0.56847
ENSG00000100528,CNIH1,2.6957,2.9355,3.0429,3.6978,3.5559,3.0456,2.4622
ENSG00000100554,ATP6V1D,1.2811,1.0048,1.2667,1.5479,0.84137,0.42057,-0.057406
ENSG00000100564,PIGH,1.9719,2.0854,1.3643,1.6417,1.8121,2.5107,0.64889
ENSG00000100567,PSMA3,1.2478,1.412,0.8621,2.3861,1.2094,0.67673,0.49426
ENSG00000100568,VTI1B,2.142,2.9105,2.8085,3.0884,2.535,2.4306,2.7794
ENSG00000100575,TIMM9,3.967,4.1901,4.577,4.4357,4.5329,4.4356,4.1379
ENSG00000100577,GSTZ1,1.5435,1.4219,2.5527,2.2207,1.0546,2.7225,2.0917
ENSG00000100580,TMED8,-2.8918,-3.0794,-2.8688,-2.3197,-3.0731,-3.3999,-3.2431
ENSG00000100591,AHSA1,2.7656,3.368,3.0842,3.6615,3.1604,2.9025,2.4304
ENSG00000100596,SPTLC2,1.9126,2.9895,2.9443,3.1015,2.5766,2.6019,2.4089
ENSG00000100601,ALKBH1,2.8341,3.1199,2.9285,3.7617,3.3308,2.8454,3.0397
ENSG00000100603,SNW1,2.7299,2.6583,2.8065,2.7036,2.6703,2.2592,1.4979
ENSG00000100605,ITPK1,-0.62043,0.056806,-0.40004,-0.43005,-0.8118,-1.9727,-1.1744
ENSG00000100612,DHRS7,1.6615,1.1008,1.5655,1.3118,1.1428,0.921,0.48576
ENSG00000100614,PPM1A,2.7968,3.1174,3.1891,3.2112,3.3365,2.4043,2.5766
ENSG00000100632,ERH,1.7796,1.7615,1.4483,2.142,1.6171,1.6172,1.7289
ENSG00000100644,HIF1A,-1.4442,-1.1053,-2.0468,-0.7951,-1.0206,-2.486,0.37311
ENSG00000100650,SRSF5,1.9295,2.1711,2.0531,2.6872,2.2101,1.9773,2.171
ENSG00000100664,EIF5,2.8248,3.3165,2.273,3.4283,2.6187,1.687,2.5469
ENSG00000100711,ZFYVE21,1.5115,1.8049,2.6354,2.5081,2.0743,0.013366,0.40728
ENSG00000100714,MTHFD1,1.4706,1.3086,1.0031,2.0074,0.86562,0.060158,0.018899
ENSG00000100722,ZC3H14,0.16678,-0.13378,0.61929,1.2738,0.74055,1.1148,0.45446
ENSG00000100726,TELO2,2.8799,3.7771,3.6169,4.2137,1.7676,3.0925,3.2596
ENSG00000100744,GSKIP,2.1113,3.1508,2.4794,3.3521,2.4727,2.0081,2.4956
ENSG00000100749,VRK1,0.077809,0.72488,0.507,1.4979,0.45169,0.82116,-0.014794
ENSG00000100764,PSMC1,1.0542,1.2849,1.0952,1.2809,-0.08704,0.95242,0.82726
ENSG00000100796,PPP4R3A,3.5262,3.803,3.7238,4.2235,3.9669,3.2205,3.7461
ENSG00000100804,PSMB5,5.1434,5.5112,5.3131,5.6087,5.5509,5.2326,4.8895
ENSG00000100811,YY1,3.5643,4.0315,4.0574,4.2346,4.1728,3.719,3.9257
ENSG00000100813,ACIN1,0.6904,2.2295,1.6138,2.3185,0.97486,2.0358,0.05491
ENSG00000100814,CCNB1IP1,1.6596,2.5504,2.7864,2.1866,2.0422,1.8157,0.86677
ENSG00000100823,APEX1,4.1813,4.5344,4.1938,4.3107,4.2921,3.6432,4.0472
ENSG00000100836,PABPN1,3.7496,4.7317,4.0275,4.359,4.3091,4.0614,3.8071
ENSG00000100852,ARHGAP5,-6.4195,-5.6009,-5.5024,-6.2822,-6.0742,-5.6914,-6.6238
ENSG00000100865,CINP,3.6811,3.5367,3.4461,3.8322,3.2694,3.6045,3.1312
ENSG00000100883,SRP54,0.72577,0.52058,1.0977,2.1072,1.753,1.3158,-0.18549
ENSG00000100888,CHD8,3.0209,3.8913,3.5134,3.356,3.3006,3.0558,3.2001
ENSG00000100889,PCK2,3.3217,4.0524,3.2898,3.8885,4.6215,4.0534,3.4781
ENSG00000100897,DCAF11,1.7477,3.2124,2.158,2.9189,2.5885,2.062,2.5325
ENSG00000100902,PSMA6,1.0833,1.4114,0.94948,2.0557,2.1057,2.3896,0.83055
ENSG00000100906,NFKBIA,3.3029,3.3349,3.7315,3.3539,4.0109,3.2151,4.0203
ENSG00000100908,EMC9,1.2592,1.5423,1.8995,1.1021,1.2462,1.5657,1.2182
ENSG00000100911,PSME2,0.28963,0.17124,1.4724,1.5487,1.3853,1.8144,0.42968
ENSG00000100926,TM9SF1,3.9003,3.7619,4.2756,4.0222,4.2672,3.6908,3.9873
ENSG00000100934,SEC23A,0.8198,1.2428,1.2993,2.1067,2.6736,0.18345,1.2568
ENSG00000100938,GMPR2,1.4444,2.4581,1.9427,2.1664,1.6684,1.8067,1.5796
ENSG00000100941,PNN,2.5417,3.5003,3.284,3.6971,3.5444,3.0831,2.8874
ENSG00000100982,PCIF1,3.6762,4.1165,4.4618,4.2455,4.2808,3.816,3.7099
ENSG00000100983,GSS,1.9962,2.2428,3.2209,3.5573,2.6028,2.5419,0.45908
ENSG00000100991,TRPC4AP,3.3669,3.8817,3.9968,3.852,3.9819,3.2207,2.3142
ENSG00000100994,PYGB,4.4,4.4477,4.6246,4.3962,4.4756,3.3425,3.6649
ENSG00000100997,ABHD12,4.3666,4.454,3.8193,4.092,4.0139,3.698,4.1002
ENSG00000101003,GINS1,-0.21491,-0.60876,0.41991,0.79311,-0.011879,0.67145,-0.6536
ENSG00000101019,UQCC1,3.3048,3.932,3.7276,4.0982,3.5299,2.3379,1.1725
ENSG00000101052,IFT52,-0.77504,0.27478,-0.96976,0.87477,0.6963,0.34522,-0.41133
ENSG00000101057,MYBL2,2.2992,2.4188,2.8213,2.9882,2.1161,2.6627,2.9231
ENSG00000101079,NDRG3,-0.1809,-0.66989,0.76879,-0.10625,-0.30508,-0.80669,-0.34839
ENSG00000101084,C20orf24,3.3866,3.6803,3.6019,3.6269,3.886,3.0278,3.2222
ENSG00000101109,STK4,-0.55495,-1.1618,-1.5046,-2.3908,-2.1351,-1.4857,-1.6401
ENSG00000101126,ADNP,2.9308,3.8114,3.6273,3.8142,3.9176,3.2516,3.6791
ENSG00000101132,PFDN4,-2.3099,-1.8848,-1.982,-1.365,-1.9761,-2.0612,-2.1105
ENSG00000101138,CSTF1,3.3816,4.0246,3.9197,3.8861,3.9418,3.102,3.8429
ENSG00000101146,RAE1,2.0878,3.0561,2.7715,3.4278,2.8982,2.9077,3.3257
ENSG00000101150,TPD52L2,3.5056,3.7121,4.5294,4.0041,4.028,3.4082,3.6501
ENSG00000101152,DNAJC5,3.2739,3.6389,3.8497,3.7166,4.0547,3.2759,3.4997
ENSG00000101158,NELFCD,2.8878,2.7808,3.5161,3.95,3.3626,3.2543,3.0143
ENSG00000101161,PRPF6,0.92393,0.85524,0.74712,1.1951,1.7918,0.28059,0.89481
ENSG00000101166,PRELID3B,2.5393,2.3617,2.9067,3.726,2.2587,2.4418,2.0501
ENSG00000101182,PSMA7,1.8691,1.9333,2.308,2.1868,2.4541,1.5837,1.6375
ENSG00000101189,MRGBP,3.9521,4.4259,4.7452,4.568,4.671,3.5239,4.5685
ENSG00000101193,GID8,3.1804,4.1651,4.1084,4.1179,4.208,3.6606,3.9151
ENSG00000101199,ARFGAP1,3.806,4.26,4.3896,4.135,4.2714,3.7199,3.7746
ENSG00000101220,C20orf27,2.5747,4.0946,2.2316,3.7629,2.6701,3.5517,3.7767
ENSG00000101224,CDC25B,3.9492,2.7895,3.6806,4.1512,3.0637,3.1284,3.1334
ENSG00000101246,ARFRP1,2.4717,2.7019,3.494,3.0008,1.8739,3.1016,1.516
ENSG00000101255,TRIB3,4.2026,3.6746,4.5735,5.0749,5.5906,5.3842,4.2018
ENSG00000101266,CSNK2A1,1.9414,2.6177,1.9973,3.0345,2.6798,2.4141,1.6025
ENSG00000101294,HM13,2.8352,3.5384,3.3224,3.0038,3.4223,3.1824,2.7309
ENSG00000101310,SEC23B,0.059843,0.8834,0.091917,1.2415,0.34467,0.6866,0.20427
ENSG00000101337,TM9SF4,3.2978,3.7722,3.789,3.5524,4.2153,3.1757,3.4408
ENSG00000101346,POFUT1,-1.5291,-0.7683,0.62163,-0.3781,0.42724,-1.4879,1.3698
ENSG00000101361,NOP56,3.5972,4.0055,3.7972,4.6029,4.2029,3.5211,3.1844
ENSG00000101365,IDH3B,1.843,1.8673,2.1816,2.453,1.8206,2.419,0.58245
ENSG00000101367,MAPRE1,4.0143,4.6056,4.5052,4.5354,4.6366,3.9913,3.6564
ENSG00000101400,SNTA1,3.1543,3.6309,4.1958,3.9383,3.991,4.0053,3.3605
ENSG00000101407,TTI1,0.58228,-0.83896,0.12244,0.34912,-0.15523,0.79949,-1.3266
ENSG00000101412,E2F1,3.8072,3.573,3.58,3.9567,4.0506,2.9386,2.7145
ENSG00000101413,RPRD1B,2.6076,2.0917,2.135,3.0967,3.316,1.466,2.3108
ENSG00000101421,CHMP4B,3.3035,3.2327,4.1715,3.8564,3.9095,3.0016,3.5553
ENSG00000101439,CST3,4.5618,4.3278,4.8241,4.6752,5.062,4.6573,4.2472
ENSG00000101442,ACTR5,3.5146,3.9465,3.8679,4.0006,3.8627,3.2054,3.169
ENSG00000101444,AHCY,4.3642,4.9319,4.6152,4.8785,4.7145,4.3868,3.3721
ENSG00000101447,FAM83D,3.878,4.0494,4.233,4.2881,3.5623,3.1668,2.8601
ENSG00000101457,DNTTIP1,3.0617,3.6687,4.0273,4.1155,3.7477,3.1095,3.0233
ENSG00000101464,PIGU,4.1625,4.73,4.4354,4.2103,4.8062,4.1097,4.0994
ENSG00000101473,ACOT8,-1.6232,-1.0,-0.92027,-1.1674,-1.3774,-1.6014,-1.064
ENSG00000101474,APMAP,3.9532,3.4774,3.4767,4.24,4.1334,2.0602,3.4899
ENSG00000101544,ADNP2,3.2525,4.1104,3.6716,4.0598,3.4525,3.0691,2.8394
ENSG00000101546,RBFA,2.4803,3.5429,3.6697,3.8612,3.2555,3.1972,3.0045
ENSG00000101557,USP14,2.5079,3.1349,2.732,3.0717,2.7564,2.5031,2.1846
ENSG00000101558,VAPA,1.1429,1.2874,1.1272,1.7191,2.0121,1.8656,0.59869
ENSG00000101577,LPIN2,-0.18644,-0.8676,0.026836,0.65196,-0.933,-0.47997,-1.3864
ENSG00000101596,SMCHD1,2.6723,2.9071,3.106,3.4095,3.2374,3.2401,2.223
ENSG00000101608,MYL12A,3.4053,4.0858,4.4957,4.0494,3.5866,4.121,3.8399
ENSG00000101752,MIB1,0.13654,-0.19358,-0.37759,0.15573,0.24863,0.99964,-1.2647
ENSG00000101773,RBBP8,0.32868,-0.064603,0.012843,0.50694,-0.23799,-0.031472,-1.2522
ENSG00000101782,RIOK3,0.060881,1.6322,0.46813,0.92601,0.91807,-0.0075778,1.6003
ENSG00000101811,CSTF2,2.7766,3.339,3.2581,3.3295,2.5458,2.7701,2.5913
ENSG00000101843,PSMD10,0.40552,-1.0084,0.13279,0.42025,0.21825,0.51602,-1.0323
ENSG00000101849,TBL1X,2.7804,2.8302,2.8963,2.5158,2.9995,2.6067,3.0528
ENSG00000101856,PGRMC1,2.7482,3.5836,2.9102,2.8924,2.2664,3.3139,2.4993
ENSG00000101882,NKAP,2.8546,2.8509,3.024,3.1598,2.3549,3.2694,2.6419
ENSG00000101888,NXT2,0.24871,-0.9805,-0.18412,-0.4908,-0.525,-1.5591,-1.0154
ENSG00000101901,ALG13,2.6115,1.7731,1.7266,2.2214,2.0128,2.2112,2.7177
ENSG00000101911,PRPS2,2.0824,2.196,2.0946,2.8291,1.2386,2.3055,1.4226
ENSG00000101928,MOSPD1,1.661,2.4144,2.7349,3.1301,2.3343,2.2386,2.3493
ENSG00000101935,AMMECR1,-1.2634,-1.8494,-2.0142,-1.2942,-2.0322,-2.1734,-2.0282
ENSG00000101940,WDR13,1.9193,-0.29701,2.0335,0.70576,0.92566,0.31584,0.51489
ENSG00000101945,SUV39H1,2.7396,2.7695,2.1347,2.919,2.3552,2.6603,2.0565
ENSG00000101972,STAG2,0.85221,1.2234,1.5625,1.9542,0.79527,2.3535,1.2344
ENSG00000101997,CCDC22,2.3188,0.093202,0.57353,1.744,0.1345,0.31676,1.3975
ENSG00000102030,NAA10,1.3321,1.6175,2.1157,2.1893,1.2872,2.4673,1.139
ENSG00000102054,RBBP7,0.30423,0.73028,1.2971,0.88298,0.9137,-0.059937,0.11353
ENSG00000102096,PIM2,1.8016,4.1885,1.8274,2.8687,1.9791,3.2544,1.9123
ENSG00000102100,SLC35A2,1.7891,2.7104,2.1633,2.9478,2.9921,2.6822,2.6693
ENSG00000102103,PQBP1,-0.22581,0.31615,1.72,0.60335,-0.04523,0.59813,-0.3918
ENSG00000102119,EMD,0.77924,0.74506,0.82136,2.2002,0.64303,0.6445,0.40465
ENSG00000102144,PGK1,2.0471,1.8568,2.672,2.3308,1.439,3.0196,1.5733
ENSG00000102158,MAGT1,0.84064,2.0315,1.6239,2.2474,2.1617,1.736,1.6835
ENSG00000102172,SMS,2.809,2.4328,2.8124,2.802,1.799,1.5474,1.7281
ENSG00000102178,UBL4A,4.1787,4.0961,4.5056,4.6731,4.0382,4.1923,4.1806
ENSG00000102218,RP2,-1.2387,-1.447,-1.4896,-1.3516,-0.73637,-1.024,-1.2283
ENSG00000102225,CDK16,0.86785,0.6825,-0.068267,0.98832,0.14981,0.023249,-0.2306
ENSG00000102226,USP11,0.14769,0.60122,0.015313,0.47178,0.15475,-0.68611,-0.22569
ENSG00000102241,HTATSF1,2.5123,2.3694,2.5086,2.6638,2.0967,2.1738,2.4003
ENSG00000102265,TIMP1,2.8299,1.853,3.419,3.8703,1.9624,3.9893,2.0783
ENSG00000102309,PIN4,0.071011,-0.61025,-0.34129,-0.7009,-0.13682,-1.5348,-0.91728
ENSG00000102316,MAGED2,2.5952,3.153,3.0244,3.0407,2.6881,2.9534,3.2335
ENSG00000102317,RBM3,1.2967,1.6183,1.7051,2.7375,1.6647,2.1047,0.99971
ENSG00000102390,PBDC1,4.1252,4.3258,3.9115,4.1835,4.1454,2.7901,4.0123
ENSG00000102393,GLA,3.5595,3.1287,3.3674,3.4789,2.8859,3.3317,3.5494
ENSG00000102401,ARMCX3,0.95259,1.6759,0.84763,0.38919,1.4234,0.36037,0.64582
ENSG00000102471,NDFIP2,0.42107,0.34086,0.95278,1.1333,1.1984,1.1171,0.2174
ENSG00000102531,FNDC3A,-0.098168,-1.2605,-2.1097,-0.87724,-0.5211,-1.4922,0.064953
ENSG00000102572,STK24,2.7111,3.0896,3.7772,3.6407,2.6006,3.0996,2.1599
ENSG00000102580,DNAJC3,-0.30963,-1.0246,0.0049944,-1.7435,0.77239,-1.3593,-0.24132
ENSG00000102699,PARP4,3.0287,3.1624,3.8429,3.3937,3.3794,3.1041,1.9273
ENSG00000102738,MRPS31,1.5044,2.0807,2.7252,2.381,1.179,2.0063,0.53484
ENSG00000102753,KPNA3,3.5275,3.9796,4.2946,4.2042,4.1305,2.8451,3.2923
ENSG00000102804,TSC22D1,3.9482,4.3476,4.5969,5.2582,4.1301,3.2824,4.0101
ENSG00000102858,MGRN1,2.363,2.8615,1.4003,2.2385,2.3503,1.7613,0.45498
ENSG00000102870,ZNF629,3.2343,3.7048,3.5189,3.694,3.0307,2.9262,3.0296
ENSG00000102882,MAPK3,2.9057,2.8165,2.8461,3.7388,3.3596,2.9551,2.7656
ENSG00000102893,PHKB,3.0836,3.1496,3.0647,3.1958,3.5393,3.2082,2.6536
ENSG00000102897,LYRM1,1.3261,1.7491,2.9854,2.095,2.6812,1.3987,2.0839
ENSG00000102898,NUTF2,2.1455,1.8589,2.1852,2.7319,1.9768,1.92,1.5946
ENSG00000102900,NUP93,1.4648,2.4689,2.3072,2.5755,2.0498,1.3084,1.8574
ENSG00000102921,N4BP1,1.5882,1.9657,1.0757,2.2304,2.0838,1.2244,2.0649
ENSG00000102931,ARL2BP,2.8757,2.4092,2.8066,3.3743,3.3812,2.9666,2.0929
ENSG00000102967,DHODH,3.0304,3.3957,2.7915,3.7639,2.8027,2.5609,2.9482
ENSG00000102974,CTCF,2.0933,3.0875,1.961,2.9968,3.0561,1.828,2.7191
ENSG00000102978,POLR2C,2.3321,2.5655,2.2492,2.6356,1.9372,1.8181,1.2039
ENSG00000103005,USB1,-0.33847,0.91762,-0.014292,0.30236,-0.015304,0.78139,-1.2791
ENSG00000103018,CYB5B,3.0596,2.984,2.8837,3.9015,3.2853,2.4987,2.4593
ENSG00000103024,NME3,1.9686,2.8766,2.875,2.7653,1.8284,2.906,2.7784
ENSG00000103035,PSMD7,4.0713,4.4879,4.2954,4.535,4.4481,4.0183,3.8287
ENSG00000103043,VAC14,3.5923,3.9105,3.7483,3.6058,3.876,2.5649,3.5147
ENSG00000103051,COG4,2.7718,1.9981,3.004,2.7474,2.8945,2.8138,2.7009
ENSG00000103066,PLA2G15,3.3639,3.0324,3.6729,3.1847,3.7042,2.8873,2.9552
ENSG00000103091,WDR59,3.516,3.977,4.1589,3.5924,4.4299,4.0747,3.7236
ENSG00000103111,MON1B,3.5773,3.6362,3.614,2.5715,3.4688,2.6323,3.3384
ENSG00000103121,CMC2,3.3808,2.9565,3.2716,3.5492,3.1991,2.9604,3.3228
ENSG00000103126,AXIN1,3.3646,4.1529,3.8361,3.9072,3.6227,3.5508,3.4872
ENSG00000103145,HCFC1R1,3.4152,3.4868,3.8905,3.7171,2.933,3.3256,2.5885
ENSG00000103148,NPRL3,2.9929,3.4925,3.1868,3.5507,3.094,2.8119,2.9663
ENSG00000103152,MPG,3.1838,2.8649,3.5496,3.2546,2.5509,3.558,3.4633
ENSG00000103160,HSDL1,2.5522,3.0302,3.1973,3.2863,3.2172,3.3599,2.708
ENSG00000103187,COTL1,1.6151,1.2518,1.6102,2.6822,-0.32709,-0.13917,-0.15581
ENSG00000103194,USP10,3.5002,4.4126,4.4123,4.4635,4.1581,3.1562,3.7714
ENSG00000103202,NME4,3.6319,4.4202,3.6883,3.2341,3.3947,3.6082,2.9739
ENSG00000103226,NOMO3,3.053,3.2199,3.8341,2.9896,3.824,3.2325,3.3154
ENSG00000103245,NARFL,3.3045,3.4417,3.7744,4.0585,3.5353,3.5105,3.4625
ENSG00000103249,CLCN7,3.5517,3.8644,4.0482,3.7484,4.0552,3.5339,3.417
ENSG00000103254,FAM173A,1.9906,2.3747,2.6169,2.3598,1.6553,2.4713,1.711
ENSG00000103257,SLC7A5,5.6345,5.0844,4.9763,5.6528,5.4954,4.6872,4.4078
ENSG00000103260,METRN,3.8422,3.3923,3.8306,4.2664,3.7225,2.5713,3.8358
ENSG00000103266,STUB1,4.4158,4.4778,4.6609,4.7747,4.3125,4.2229,4.3839
ENSG00000103274,NUBP1,2.6732,3.1236,3.2547,3.3588,3.7203,3.2809,2.7498
ENSG00000103275,UBE2I,1.8357,2.695,2.3657,2.6349,1.9731,2.881,1.9116
ENSG00000103326,CAPN15,2.7498,3.2547,3.0581,2.9672,3.2328,3.0605,2.8096
ENSG00000103335,PIEZO1,3.6929,3.6106,4.5318,4.2361,4.3295,4.2834,4.2827
ENSG00000103342,GSPT1,2.9292,3.7644,3.6559,3.7395,3.9936,3.079,2.7901
ENSG00000103353,UBFD1,2.7933,3.5071,3.4718,3.8553,3.7637,3.3134,2.4566
ENSG00000103356,EARS2,3.2959,3.8408,3.5782,3.9509,3.6258,2.7371,2.5272
ENSG00000103363,ELOB,2.1552,1.9675,2.5222,2.843,1.7908,2.7539,1.9284
ENSG00000103365,GGA2,3.3042,3.8578,3.8676,3.6386,4.0287,3.6724,3.5058
ENSG00000103381,CPPED1,1.89,2.1147,2.7638,2.1134,3.3951,2.7831,2.5244
ENSG00000103415,HMOX2,2.9222,3.2546,3.0663,3.063,2.6886,0.67877,2.2028
ENSG00000103423,DNAJA3,2.6693,3.1773,3.2416,3.309,2.9907,2.7357,1.6488
ENSG00000103429,BFAR,3.6688,4.0961,4.0711,3.4309,3.8083,3.0585,3.0549
ENSG00000103479,RBL2,-0.2142,-0.20459,-0.36807,-0.66866,-1.3392,-2.5044,-0.71698
ENSG00000103495,MAZ,3.3683,4.1946,3.5915,3.9819,3.8495,3.621,3.6438
ENSG00000103496,STX4,0.19226,-0.19768,0.20794,-0.65952,-0.72984,-0.31171,-1.0185
ENSG00000103502,CDIPT,2.148,2.805,2.4604,2.7983,2.9052,2.7808,1.7096
ENSG00000103507,BCKDK,3.5881,3.696,4.1226,3.7951,3.463,3.2655,3.7462
ENSG00000103510,KAT8,3.0505,2.692,2.4037,2.4324,2.4151,1.8742,2.2601
ENSG00000103512,NOMO1,-1.5794,-0.32559,-0.61133,-3.4352,0.21545,-2.0801,-2.8439
ENSG00000103549,RNF40,3.438,3.4259,3.9184,4.0085,3.8773,3.0408,3.529
ENSG00000103550,KNOP1,3.5982,4.0966,3.2937,3.6765,3.5256,3.1611,3.2048
ENSG00000103591,AAGAB,0.61167,1.6426,0.51303,1.6468,0.54459,1.3561,1.5093
ENSG00000103642,LACTB,3.5758,2.8537,3.1451,3.2849,3.1351,3.4704,3.4931
ENSG00000103653,CSK,3.7067,4.1953,4.5094,4.3772,4.3152,4.0721,4.1218
ENSG00000103657,HERC1,-3.2618,-2.9828,-3.1116,-3.3296,-3.7618,-3.1649,-3.084
ENSG00000103671,TRIP4,0.17924,0.99159,1.474,1.8657,1.4717,-0.16712,0.74417
ENSG00000103707,MTFMT,2.5413,2.4024,2.1075,2.9199,2.5929,2.3993,2.1462
ENSG00000103769,RAB11A,-0.34737,0.4058,-0.57491,0.88854,0.29878,0.65653,-0.015261
ENSG00000103876,FAH,-0.08003,-0.42628,-0.12683,-1.4034,0.0467,1.637,-0.53067
ENSG00000103966,EHD4,3.1666,4.294,5.5947,4.6388,3.5729,3.7634,3.8335
ENSG00000103978,TMEM87A,2.3218,2.9245,2.4368,3.3947,2.9209,2.4723,2.4813
ENSG00000103994,ZNF106,-0.85901,-0.34962,-0.17872,0.54651,-0.49348,-0.95244,0.11441
ENSG00000104064,GABPB1,3.0697,3.2847,3.1234,3.0063,3.2984,3.609,3.8124
ENSG00000104067,TJP1,-0.40772,-1.2108,-0.86926,-0.86644,-1.2542,-1.2053,-0.98049
ENSG00000104131,EIF3J,2.6157,3.0844,3.0573,3.5011,3.2272,3.0367,1.9579
ENSG00000104142,VPS18,3.4953,4.0112,3.7067,3.9369,3.4954,3.3963,3.2203
ENSG00000104147,OIP5,2.2121,2.7222,1.3205,2.8188,1.5916,2.5961,0.080627
ENSG00000104164,BLOC1S6,-0.050797,-0.17503,0.64511,0.7963,0.46282,0.14131,0.38202
ENSG00000104218,CSPP1,-1.6479,-1.9039,-0.84089,-0.020456,0.14435,0.45353,-1.4951
ENSG00000104219,ZDHHC2,-0.22978,-0.59026,-0.7576,-0.85026,-0.69427,-0.44516,-0.70824
ENSG00000104221,BRF2,2.3068,2.844,1.7128,3.5014,1.2189,2.6502,1.6135
ENSG00000104231,ZFAND1,0.71701,0.95081,2.2299,2.1129,0.56429,1.8258,0.53795
ENSG00000104312,RIPK2,3.4718,3.7831,3.9446,3.8688,3.3774,3.5955,3.5757
ENSG00000104320,NBN,-0.65284,0.0084189,-0.21356,-0.56689,0.26969,-0.54359,-1.1797
ENSG00000104325,DECR1,0.31902,-0.19713,0.57313,0.22447,-0.3443,-0.51446,0.49002
ENSG00000104331,IMPAD1,3.2619,3.2415,3.938,3.5209,3.5295,2.2457,3.2066
ENSG00000104341,LAPTM4B,2.1987,3.0279,3.1027,3.0137,2.8654,2.0206,1.1959
ENSG00000104375,STK3,-0.06348,0.28103,0.25903,0.46899,0.8157,0.037234,-0.036759
ENSG00000104388,RAB2A,2.4556,1.6509,2.5091,2.5036,2.1823,1.8782,1.4675
ENSG00000104408,EIF3E,1.848,2.4213,3.2756,2.9941,2.0442,2.4792,2.5697
ENSG00000104412,EMC2,-0.41191,0.9408,0.776,0.74588,0.54502,1.2417,0.36013
ENSG00000104442,ARMC1,3.817,4.2817,4.5472,4.3603,3.9623,3.279,3.5042
ENSG00000104472,CHRAC1,3.2157,2.8915,3.3346,3.6767,3.0331,2.5883,2.7965
ENSG00000104517,UBR5,1.1856,0.017476,0.36436,0.62465,-0.22724,-0.49452,0.040621
ENSG00000104522,TSTA3,0.19213,0.66491,1.9438,0.29582,-0.022285,-0.20041,-0.25093
ENSG00000104529,EEF1D,1.9796,1.9582,2.9784,2.2201,1.3328,1.6193,1.626
ENSG00000104549,SQLE,3.8148,4.7556,5.3289,4.4091,4.5253,4.57,3.889
ENSG00000104613,INTS10,3.2383,3.0215,3.2438,3.7977,3.3513,3.1445,2.687
ENSG00000104626,ERI1,-1.686,0.58311,0.051113,0.020786,-0.48014,-0.51593,-0.073277
ENSG00000104635,SLC39A14,1.0228,0.93137,0.75189,1.5669,2.6453,1.1925,0.64769
ENSG00000104660,LEPROTL1,3.0217,3.1478,3.0058,3.1854,3.4309,3.1773,2.8586
ENSG00000104671,DCTN6,-0.94558,-0.58052,-0.35916,0.44092,0.3718,-1.1643,-1.2498
ENSG00000104679,R3HCC1,3.881,3.9744,4.0435,4.2513,3.6595,3.8143,3.4155
ENSG00000104687,GSR,2.4061,0.49199,2.4474,2.8361,2.1752,1.6753,1.7684
ENSG00000104695,PPP2CB,2.3479,2.7889,2.6118,3.0915,2.3497,2.6091,1.7082
ENSG00000104714,ERICH1,2.2459,2.6701,2.3469,2.5639,2.2027,2.5648,1.8578
ENSG00000104738,MCM4,2.2527,2.3876,3.2148,3.448,2.5186,1.6034,1.8557
ENSG00000104756,KCTD9,-0.79121,-0.76646,-0.79681,-0.38437,-1.6043,-0.57541,-0.34674
ENSG00000104763,ASAH1,1.6005,2.1423,1.5769,2.4802,2.7471,1.8589,1.8557
ENSG00000104765,BNIP3L,0.22695,1.3097,0.63378,-0.35441,-0.44223,0.50448,0.62688
ENSG00000104774,MAN2B1,-1.6756,0.85975,1.4105,0.56257,1.9099,0.096697,-0.25241
ENSG00000104805,NUCB1,4.4044,4.4874,4.6702,4.2297,4.4641,4.844,3.9746
ENSG00000104812,GYS1,2.6148,2.7231,2.8518,3.4332,2.1737,2.7779,3.2083
ENSG00000104823,ECH1,0.78684,1.0373,0.80571,0.12175,0.9745,0.761,0.79861
ENSG00000104824,HNRNPL,1.0534,1.6311,1.5584,2.7432,1.2506,2.1038,1.4574
ENSG00000104852,SNRNP70,3.284,4.1691,3.7792,3.9185,3.142,3.34,2.7472
ENSG00000104853,CLPTM1,4.5579,4.4745,4.3187,4.8865,4.5427,3.9996,4.3424
ENSG00000104872,PIH1D1,1.9819,2.6759,2.3773,2.9321,2.0429,2.8971,1.3943
ENSG00000104880,ARHGEF18,1.1667,2.8309,1.1974,2.2547,0.87343,1.6044,0.63794
ENSG00000104885,DOT1L,2.3418,3.0234,3.2572,3.4888,2.9947,3.0289,2.4085
ENSG00000104886,PLEKHJ1,3.0817,4.532,3.9466,4.3598,3.9571,4.1235,3.4588
ENSG00000104889,RNASEH2A,0.25238,3.4873,3.3473,3.141,3.1245,3.0114,3.0939
ENSG00000104897,SF3A2,1.3347,1.7921,1.9802,2.2243,1.3824,1.9919,1.5679
ENSG00000104904,OAZ1,1.2386,1.3687,1.3195,1.3634,1.9432,1.1184,0.71822
ENSG00000104907,TRMT1,1.4579,2.5671,0.93196,3.1763,1.9083,2.4653,1.349
ENSG00000104915,STX10,1.1112,1.4524,2.3586,3.1766,1.0752,1.5178,1.0685
ENSG00000104960,PTOV1,2.0524,2.3302,2.6104,2.4059,2.0381,1.4476,1.3975
ENSG00000104964,AES,0.75228,1.0878,1.2621,1.3573,1.1179,1.0555,0.45839
ENSG00000104969,SGTA,4.3405,4.8121,4.7731,5.3196,4.8494,4.3683,4.2761
ENSG00000104973,MED25,1.0744,1.3724,2.2375,1.7174,0.8641,1.5946,-0.053231
ENSG00000104976,SNAPC2,3.1847,3.8397,4.1205,4.3231,3.6658,3.6766,2.2717
ENSG00000104979,C19orf53,4.2297,4.5714,4.6165,4.5774,4.1975,4.3348,4.3469
ENSG00000104980,TIMM44,1.0139,2.6662,2.1889,2.7147,1.4148,2.9605,1.3861
ENSG00000105011,ASF1B,3.5899,4.127,4.3726,4.6101,3.1371,4.3145,3.976
ENSG00000105053,VRK3,-0.27395,-0.010347,0.66791,2.1534,1.5219,1.3409,1.0107
ENSG00000105058,FAM32A,4.4612,4.6768,4.8508,5.0001,4.7243,4.1672,4.7367
ENSG00000105063,PPP6R1,3.6332,4.1282,4.3401,4.1323,3.579,3.0488,3.4185
ENSG00000105127,AKAP8,1.7253,2.8631,2.6121,3.2043,3.1369,1.554,1.8596
ENSG00000105135,ILVBL,3.3433,4.2837,4.2536,4.2486,4.4305,3.395,3.8222
ENSG00000105171,POP4,4.5549,4.1024,4.3965,4.7786,4.2645,3.9345,4.1457
ENSG00000105173,CCNE1,3.196,4.2467,2.9101,4.1487,3.8343,3.2006,3.1355
ENSG00000105176,URI1,3.4395,3.3263,3.6625,3.5448,3.4028,2.8902,2.8974
ENSG00000105185,PDCD5,2.0423,0.87017,1.477,2.4017,1.8016,1.1579,0.24612
ENSG00000105186,ANKRD27,2.9976,3.6084,3.8392,3.6596,2.9881,3.6465,3.4101
ENSG00000105193,RPS16,2.0354,2.1176,2.4773,2.953,2.0194,2.0209,1.4123
ENSG00000105197,TIMM50,3.8943,3.804,3.7765,3.962,3.7909,3.0646,3.3731
ENSG00000105202,FBL,1.843,1.9656,1.5849,1.8804,0.62598,1.5828,1.5073
ENSG00000105220,GPI,2.4733,2.2276,1.7771,2.2753,2.1629,1.9256,1.1507
ENSG00000105221,AKT2,3.8931,4.1266,4.1899,3.8934,4.0729,3.362,3.7484
ENSG00000105223,PLD3,3.3904,3.7667,3.0809,3.1734,3.1092,3.4304,2.1714
ENSG00000105229,PIAS4,2.8234,3.572,2.8021,3.2864,3.3473,2.5222,3.0996
ENSG00000105248,CCDC94,2.8987,2.6315,2.0385,3.1872,2.3014,2.4243,3.1266
ENSG00000105254,TBCB,2.9972,2.7424,2.7296,2.5385,2.9127,1.4091,1.1651
ENSG00000105258,POLR2I,2.5988,2.4028,1.9095,2.8653,2.3705,1.48,2.2662
ENSG00000105281,SLC1A5,5.0986,5.4038,5.0088,5.441,5.5463,5.3438,5.091
ENSG00000105298,CACTIN,3.1984,3.9152,3.8404,4.0576,3.0117,2.9326,3.2774
ENSG00000105321,CCDC9,0.029171,0.85723,1.0969,2.1923,0.60905,1.2934,0.23448
ENSG00000105323,HNRNPUL1,3.5757,3.5471,4.0306,3.4627,3.0602,2.8261,3.4557
ENSG00000105325,FZR1,3.79,3.8613,4.6084,4.3322,4.1567,4.1454,3.8925
ENSG00000105329,TGFB1,4.368,2.2785,4.9348,4.4217,4.3243,5.0767,4.0061
ENSG00000105341,DMAC2,3.4689,3.6922,3.3496,4.0024,3.1316,3.2182,3.2193
ENSG00000105355,PLIN3,4.1495,4.448,5.5286,5.4257,4.6793,4.4194,3.9869
ENSG00000105364,MRPL4,3.0216,3.8391,3.8804,4.1981,3.4489,3.6122,3.2682
ENSG00000105372,RPS19,3.3631,3.7181,3.4825,3.4791,3.3288,3.5745,3.2284
ENSG00000105373,NOP53,1.4173,2.0011,2.3813,2.5147,1.7348,2.597,1.3463
ENSG00000105379,ETFB,1.388,0.35825,1.7562,2.0347,2.3601,2.1375,0.67869
ENSG00000105393,BABAM1,4.0013,4.3909,4.3818,4.3854,4.1024,4.3293,3.6752
ENSG00000105401,CDC37,1.0636,1.1586,1.4503,1.9461,1.2001,1.222,1.0508
ENSG00000105402,NAPA,3.8404,4.1388,4.1413,4.0726,4.4853,4.1053,3.7181
ENSG00000105404,RABAC1,0.40155,-0.26306,-0.013706,-0.6791,-0.81996,1.5163,-0.3371
ENSG00000105438,KDELR1,3.1757,3.5915,3.4823,3.7119,2.9153,2.9963,2.9944
ENSG00000105443,CYTH2,1.1026,2.0438,1.4265,2.0845,1.36,1.8044,1.0792
ENSG00000105447,GRWD1,4.5297,4.4232,4.2792,4.6508,4.1637,4.1202,4.0596
ENSG00000105486,LIG1,2.1159,2.953,1.7226,2.072,1.1853,1.5814,1.6207
ENSG00000105516,DBP,-0.97061,-0.94193,-0.8938,0.033529,-1.1776,-0.37643,-0.91038
ENSG00000105518,TMEM205,2.9591,2.6548,3.1982,2.5472,1.7463,2.8971,3.0308
ENSG00000105556,MIER2,3.0086,3.7831,3.7655,3.6074,3.6572,3.5908,2.9784
ENSG00000105568,PPP2R1A,1.2335,2.4345,1.5609,2.2958,1.1724,1.7451,1.7999
ENSG00000105583,WDR83OS,2.2217,2.5207,2.7894,3.0228,1.9309,2.5848,2.4348
ENSG00000105607,GCDH,2.2726,2.985,3.1243,3.1019,2.7113,2.0612,2.5639
ENSG00000105612,DNASE2,3.1582,3.4947,3.1262,3.6281,2.9276,3.6272,3.6889
ENSG00000105640,RPL18A,0.94565,1.5975,1.4355,1.425,1.1145,0.77119,0.76495
ENSG00000105647,PIK3R2,1.7501,2.7951,2.7486,3.2728,2.6525,2.3092,2.1359
ENSG00000105655,ISYNA1,2.1318,3.2272,1.4232,3.1083,1.7248,2.5576,1.5063
ENSG00000105669,COPE,1.4056,2.1383,2.1618,2.1439,2.1483,1.6058,1.9644
ENSG00000105671,DDX49,1.8091,0.84847,2.7645,2.488,1.723,1.1065,0.64689
ENSG00000105676,ARMC6,2.9203,4.0305,3.1752,3.7251,3.403,3.3278,3.5245
ENSG00000105677,TMEM147,0.30724,1.4223,0.56541,1.321,-0.23574,0.19166,-0.53706
ENSG00000105698,USF2,2.9212,2.0957,2.5323,2.7719,2.5614,2.3705,2.3783
ENSG00000105700,KXD1,1.0897,2.9718,1.9022,2.0701,1.9773,2.8217,2.2371
ENSG00000105701,FKBP8,1.7321,2.2482,2.1892,2.5788,1.3013,1.8031,2.0405
ENSG00000105705,SUGP1,0.04641,2.4241,2.9894,2.0259,2.2304,1.1644,0.48371
ENSG00000105722,ERF,4.1078,4.0053,4.2681,4.1689,4.2528,3.7269,3.4384
ENSG00000105723,GSK3A,1.8923,1.8752,2.5564,2.1773,2.0591,1.6576,1.8469
ENSG00000105726,ATP13A1,1.0774,1.4118,1.358,1.4052,1.9922,1.7962,0.81779
ENSG00000105732,ZNF574,3.0725,3.5311,3.3729,3.7611,3.2112,3.1937,3.1274
ENSG00000105755,ETHE1,-0.061979,-0.3534,-0.31377,0.41092,-0.6371,-0.47618,-0.59093
ENSG00000105771,SMG9,1.0438,2.759,1.9792,2.6241,2.0557,2.8921,1.4402
ENSG00000105778,AVL9,2.6518,3.4163,3.4654,3.4844,3.406,3.1787,3.0171
ENSG00000105793,GTPBP10,1.1866,2.0393,1.6452,2.5062,1.689,2.4194,1.6094
ENSG00000105819,PMPCB,0.59424,-0.45209,-0.36998,-0.18153,0.35778,0.4072,0.01075
ENSG00000105821,DNAJC2,0.2224,0.81509,0.43504,1.2578,0.32659,0.95862,0.65559
ENSG00000105829,BET1,0.4681,0.49548,0.098164,-0.24602,-0.48766,0.048955,-0.22501
ENSG00000105835,NAMPT,1.5855,1.9113,2.1161,1.9678,0.92654,1.5729,0.62856
ENSG00000105849,TWISTNB,2.0171,2.7206,3.1056,3.2214,2.2316,2.3576,0.61984
ENSG00000105854,PON2,3.2891,1.5393,2.2984,2.5255,3.4742,1.8102,0.97713
ENSG00000105879,CBLL1,2.3018,2.8651,3.067,3.4379,2.5385,2.2647,1.8776
ENSG00000105887,MTPN,1.2765,2.4499,2.5463,2.9765,1.9717,1.6496,1.2126
ENSG00000105939,ZC3HAV1,0.82013,0.11639,0.42853,1.5424,1.4079,0.86026,-0.14877
ENSG00000105953,OGDH,2.3296,2.9837,2.5763,2.7945,2.5796,2.2892,2.0625
ENSG00000105968,H2AFV,0.73178,0.44141,1.5104,1.6455,0.89893,1.7005,0.50753
ENSG00000105983,LMBR1,2.8999,3.4693,3.313,3.3115,3.3391,2.6543,3.8547
ENSG00000105993,DNAJB6,3.249,4.651,3.6997,3.8524,3.9683,3.6572,3.6735
ENSG00000106009,BRAT1,3.7497,4.2953,4.2985,4.5324,4.0853,3.7266,4.1528
ENSG00000106028,SSBP1,2.1998,1.0106,-0.29886,2.3431,0.52345,2.1528,1.2384
ENSG00000106049,HIBADH,3.4637,3.866,4.3218,3.9001,4.0612,3.2709,3.9745
ENSG00000106052,TAX1BP1,1.6997,1.5465,1.3823,1.9111,1.8873,0.035925,1.2405
ENSG00000106105,GARS,3.6973,4.2665,4.6117,4.4762,4.406,4.4976,3.579
ENSG00000106153,CHCHD2,0.42958,-0.77932,0.48366,0.86821,0.31126,1.0312,-0.26563
ENSG00000106211,HSPB1,2.4077,2.1173,2.6449,2.7949,0.20768,2.0505,1.589
ENSG00000106244,PDAP1,2.4581,2.5361,2.4113,3.0968,1.3088,2.8393,2.254
ENSG00000106245,BUD31,1.6216,1.1289,1.2598,2.4333,1.0287,2.0224,1.6948
ENSG00000106246,PTCD1,3.0009,3.9409,3.4439,4.0693,3.6161,3.8148,3.9716
ENSG00000106263,EIF3B,4.3464,4.7573,4.9883,5.0001,4.5645,4.4536,4.3858
ENSG00000106266,SNX8,-0.83449,1.824,1.3505,0.53336,-0.73115,-0.37015,-0.6392
ENSG00000106268,NUDT1,2.573,2.7804,2.1554,2.6494,1.486,1.6203,1.6728
ENSG00000106290,TAF6,3.6101,4.2398,4.1692,3.8743,3.3164,3.6793,3.2878
ENSG00000106299,WASL,0.72739,0.49887,0.14092,1.4961,0.90949,0.96808,1.0284
ENSG00000106305,AIMP2,3.3863,3.744,3.4598,3.92,3.3678,2.5276,3.1019
ENSG00000106330,MOSPD3,1.6885,1.4385,-0.36203,-0.0048841,0.33267,-0.51397,-0.13647
ENSG00000106344,RBM28,3.4358,3.3667,3.1757,3.8692,3.3014,3.3604,3.1277
ENSG00000106348,IMPDH1,0.91522,1.8782,1.4494,1.4456,0.85633,1.211,1.0683
ENSG00000106355,LSM5,1.6351,0.43176,1.1619,1.7877,1.1278,1.1588,1.2751
ENSG00000106367,AP1S1,1.4159,2.6653,2.748,2.693,1.0006,2.2175,1.5497
ENSG00000106392,C1GALT1,2.5538,3.0331,2.8839,2.5306,2.8668,2.1137,2.2146
ENSG00000106397,PLOD3,2.3498,2.3658,2.7051,3.8525,3.3586,3.5544,2.7321
ENSG00000106399,RPA3,0.50645,0.62834,1.2073,0.81918,0.74201,0.9848,0.71914
ENSG00000106400,ZNHIT1,3.1154,3.3928,3.2075,3.569,3.4455,3.6409,3.5571
ENSG00000106460,TMEM106B,-0.75873,-0.4618,-1.7892,-1.0004,-0.84191,-0.12985,-0.97915
ENSG00000106462,EZH2,1.0491,2.0578,0.88332,2.697,0.64727,2.1718,0.79695
ENSG00000106524,ANKMY2,-0.22973,1.7539,1.9537,1.8136,0.95757,1.4184,0.055439
ENSG00000106537,TSPAN13,0.70687,0.43425,0.51597,0.72421,-0.097976,1.6642,1.0373
ENSG00000106554,CHCHD3,4.2101,4.6876,4.2973,4.5391,4.1251,4.6136,3.8778
ENSG00000106588,PSMA2,1.2383,1.5228,1.3458,1.9128,1.1881,1.8525,1.1419
ENSG00000106591,MRPL32,3.5381,4.1592,4.1567,3.9883,3.611,3.0721,3.4803
ENSG00000106603,COA1,2.0194,2.154,3.0047,1.8272,2.1068,2.4373,1.3341
ENSG00000106605,BLVRA,1.9907,3.1727,2.2748,3.0664,2.7986,3.0052,2.6849
ENSG00000106609,TMEM248,3.554,3.5696,4.0419,3.7387,3.7705,3.8422,3.6404
ENSG00000106610,STAG3L4,-1.8302,1.9435,2.1465,2.99,1.0172,3.0491,0.67455
ENSG00000106615,RHEB,1.4513,2.4604,1.2564,2.4764,3.443,1.6535,1.443
ENSG00000106628,POLD2,1.7597,1.3989,2.2379,2.7375,1.5276,1.1075,1.7716
ENSG00000106635,BCL7B,3.1981,3.6529,3.5627,3.9943,3.7197,3.4884,3.6883
ENSG00000106636,YKT6,3.0348,2.8419,2.5116,3.5979,2.8254,1.6049,2.1412
ENSG00000106638,TBL2,3.1394,3.6175,3.576,3.676,3.7488,3.1715,3.4781
ENSG00000106682,EIF4H,1.8573,1.6754,1.8021,2.0688,1.7898,1.6917,1.5254
ENSG00000106683,LIMK1,3.4221,4.3661,3.6637,3.6392,3.2863,3.2028,2.8887
ENSG00000106723,SPIN1,1.1666,1.2952,0.34761,1.1017,-0.1081,0.3764,0.094244
ENSG00000106771,TMEM245,-0.23372,0.84558,0.78905,0.88138,1.0179,-0.51679,0.3668
ENSG00000106785,TRIM14,2.427,2.6837,2.8074,2.8126,2.3891,2.3954,2.0533
ENSG00000106803,SEC61B,0.46793,0.22951,1.5376,1.0999,0.25357,1.6916,-0.66658
ENSG00000106992,AK1,3.7094,3.8319,4.1185,3.9595,3.6769,3.8883,3.4406
ENSG00000106993,CDC37L1,2.9948,3.5906,3.1618,3.2273,3.1437,2.8004,2.3233
ENSG00000107020,PLGRKT,0.55256,0.85255,0.55621,0.14775,0.70732,0.99702,-1.2552
ENSG00000107021,TBC1D13,3.5432,3.488,3.4886,3.6084,3.5135,3.0306,3.1774
ENSG00000107077,KDM4C,-0.73156,-1.8464,-1.808,-0.29104,-1.8148,-0.9327,-0.7315
ENSG00000107164,FUBP3,0.30643,0.73724,1.5498,2.2237,0.69718,1.5822,0.33776
ENSG00000107175,CREB3,2.3476,1.9594,2.5726,2.6286,1.6859,1.7783,1.1279
ENSG00000107223,EDF1,3.7426,4.0295,4.1564,3.9398,3.5571,3.7887,3.7278
ENSG00000107262,BAG1,2.1765,0.76668,0.77169,2.3662,1.1624,0.93438,0.61461
ENSG00000107263,RAPGEF1,1.5497,1.6156,1.3993,1.6016,0.42939,1.2309,0.27922
ENSG00000107338,SHB,3.5304,2.8207,3.7915,3.8153,4.1723,3.546,3.5579
ENSG00000107341,UBE2R2,3.8062,3.866,4.0369,3.8565,3.9672,3.4322,3.7481
ENSG00000107362,ABHD17B,-1.1169,-0.67258,-1.169,0.24361,-0.44398,0.86174,-0.28492
ENSG00000107371,EXOSC3,3.2192,3.4665,3.2165,3.696,3.0628,3.389,2.6218
ENSG00000107372,ZFAND5,3.431,3.8126,3.8408,3.6562,3.2374,2.6761,2.9657
ENSG00000107404,DVL1,3.6259,4.1935,4.7128,4.7022,4.6121,4.1676,3.9095
ENSG00000107438,PDLIM1,1.7223,2.0854,2.9246,1.8454,2.7415,1.7533,1.5833
ENSG00000107537,PHYH,0.041275,-0.054466,0.18537,-0.61207,-0.089497,-0.63692,-0.076618
ENSG00000107566,ERLIN1,3.549,3.6443,3.9262,4.1675,4.0089,2.8075,2.8484
ENSG00000107581,EIF3A,3.953,4.3895,4.5152,4.803,4.3318,4.0438,3.7883
ENSG00000107625,DDX50,1.8685,1.9848,2.4806,2.2459,1.678,2.8819,1.7458
ENSG00000107651,SEC23IP,2.3219,2.3647,2.1033,3.0911,3.0216,2.8725,2.0513
ENSG00000107672,NSMCE4A,1.4543,0.12844,0.49909,1.3133,0.6507,-0.66767,-0.72465
ENSG00000107745,MICU1,3.6841,3.7052,3.7712,3.7108,3.7847,3.5813,3.0117
ENSG00000107758,PPP3CB,2.0125,2.1451,2.967,2.8567,2.0314,2.8045,2.1427
ENSG00000107779,BMPR1A,2.5919,3.4287,2.7383,3.1892,3.2393,2.3263,2.5194
ENSG00000107789,MINPP1,3.45,3.7234,3.4968,3.8869,4.3242,3.5962,3.1899
ENSG00000107816,LZTS2,3.3336,4.3419,4.405,4.5443,4.5229,3.7677,3.4908
ENSG00000107829,FBXW4,3.0949,3.4924,2.8345,3.5229,3.3543,2.7266,3.2461
ENSG00000107833,NPM3,0.57043,0.4361,0.34411,1.0458,0.32292,0.15926,-0.42543
ENSG00000107854,TNKS2,-0.54911,0.17816,-0.65492,0.50757,0.49557,-0.64421,-0.91804
ENSG00000107862,GBF1,2.6957,3.2404,3.3108,3.6939,3.6227,3.26,2.6967
ENSG00000107863,ARHGAP21,1.5471,1.0424,2.1023,1.0205,0.35872,1.6286,0.99276
ENSG00000107872,FBXL15,3.3547,3.9178,3.8281,4.1806,4.1809,3.9421,3.6002
ENSG00000107874,CUEDC2,3.3621,3.544,4.2678,4.4522,3.2901,3.6505,3.2323
ENSG00000107882,SUFU,1.3313,1.2008,-0.92841,-0.90424,-0.6215,-0.32994,-1.0531
ENSG00000107929,LARP4B,-1.1521,-1.9045,-1.9787,-1.8357,-1.261,-2.603,-1.262
ENSG00000107937,GTPBP4,2.4458,2.948,2.566,3.5122,2.2955,2.5118,2.4215
ENSG00000107949,BCCIP,3.7798,4.0602,4.0708,4.6055,3.8382,3.6419,3.8148
ENSG00000107951,MTPAP,3.2388,3.6,3.569,3.9611,3.5226,3.3138,3.2873
ENSG00000107959,PITRM1,2.959,2.4684,3.4157,3.13,2.9639,2.5749,2.7876
ENSG00000107960,STN1,0.8853,0.89513,1.6121,1.137,1.1668,2.2719,-0.037995
ENSG00000108010,GLRX3,1.3087,1.1799,1.3928,1.0769,1.6412,2.3207,0.9293
ENSG00000108021,FAM208B,-0.1903,-0.59248,-0.40798,0.62975,-0.21162,-1.2066,0.49686
ENSG00000108039,XPNPEP1,1.754,0.68162,1.6125,1.4575,0.61842,1.7516,1.3734
ENSG00000108055,SMC3,1.6184,2.1447,1.2221,1.6021,1.5626,2.1104,1.0733
ENSG00000108064,TFAM,2.8219,3.0874,2.9352,3.0774,3.2581,2.832,2.5753
ENSG00000108091,CCDC6,3.3433,3.6361,3.662,3.9446,3.5514,3.737,3.9378
ENSG00000108094,CUL2,0.9774,1.2861,-0.028475,0.93703,0.54255,-0.80345,-1.6675
ENSG00000108100,CCNY,2.5388,2.9277,3.3156,3.1812,3.4963,2.8683,2.7353
ENSG00000108106,UBE2S,2.8205,2.8655,2.8148,3.1724,2.3061,3.2682,1.8958
ENSG00000108107,RPL28,2.9863,3.5088,3.6967,3.566,2.9414,4.1244,3.7339
ENSG00000108175,ZMIZ1,3.2211,2.8696,3.3945,2.9708,3.3254,2.9781,2.7691
ENSG00000108179,PPIF,4.2237,4.5627,4.4569,5.0701,5.2492,4.6493,4.4729
ENSG00000108219,TSPAN14,4.0094,3.9867,4.7502,4.3508,4.3075,3.1898,3.2904
ENSG00000108256,NUFIP2,2.2483,2.1692,2.22,2.5854,1.7218,1.248,1.862
ENSG00000108262,GIT1,3.1663,3.8097,3.9223,3.5261,3.093,2.615,3.0252
ENSG00000108298,RPL19,2.6541,3.1512,3.1119,2.9193,2.6562,2.932,2.7021
ENSG00000108312,UBTF,3.5206,4.0122,3.6202,4.1532,3.7242,3.3392,3.6294
ENSG00000108344,PSMD3,1.3199,2.1901,1.8043,2.8013,1.4717,1.8619,1.1836
ENSG00000108349,CASC3,-1.1618,0.17858,-0.5961,0.61508,-0.56003,-1.3545,-1.95
ENSG00000108384,RAD51C,0.40822,0.68585,0.16948,0.32218,0.54594,-0.81623,-0.0085349
ENSG00000108389,MTMR4,-1.4468,-2.0552,-1.3502,-0.928,-1.6358,-1.8609,-1.2934
ENSG00000108395,TRIM37,1.7263,2.404,1.047,2.3431,0.87484,0.82178,2.8868
ENSG00000108406,DHX40,2.9376,3.1426,3.8844,3.5995,1.9297,3.1343,3.6007
ENSG00000108423,TUBD1,2.1089,2.9212,1.9964,3.1279,2.8692,2.3363,3.7843
ENSG00000108424,KPNB1,1.7325,2.2027,2.2828,2.6634,1.6551,0.89132,0.6282
ENSG00000108443,RPS6KB1,1.8851,1.6041,1.6029,2.7863,2.5051,0.88064,3.5401
ENSG00000108465,CDK5RAP3,2.0118,2.0337,2.9088,3.0189,2.0652,3.3374,2.4441
ENSG00000108468,CBX1,3.1832,3.9389,3.6534,4.0017,3.5767,3.1146,2.932
ENSG00000108479,GALK1,2.5295,2.3485,2.1124,2.0825,0.65342,1.3582,0.37314
ENSG00000108510,MED13,0.64253,0.71492,0.63462,0.79545,-0.0097096,0.81848,1.3271
ENSG00000108518,PFN1,3.5542,4.2294,4.3282,3.868,3.7431,3.7361,3.494
ENSG00000108523,RNF167,1.0215,1.48,1.6678,2.2139,1.3246,0.53578,0.067906
ENSG00000108528,SLC25A11,3.592,3.7762,3.4937,4.0988,3.3099,3.2245,3.1895
ENSG00000108559,NUP88,2.1724,2.8493,2.7023,2.8625,1.3147,1.9282,1.1268
ENSG00000108561,C1QBP,2.2635,2.287,2.2142,2.7165,2.1809,2.298,1.6511
ENSG00000108578,BLMH,4.0108,4.6589,4.3171,4.4583,4.1378,4.5102,3.2886
ENSG00000108582,CPD,2.2705,2.5246,2.0459,2.4272,2.9745,2.1757,2.5933
ENSG00000108587,GOSR1,3.2932,2.7067,2.5254,2.8847,2.4639,1.2636,2.5605
ENSG00000108588,CCDC47,2.734,3.013,2.7486,3.3808,3.1612,2.6641,2.7654
ENSG00000108590,MED31,1.4571,-0.22292,0.90053,2.4034,1.7657,0.099022,0.79179
ENSG00000108591,DRG2,2.8401,2.9309,3.4452,3.4418,2.4897,2.6103,2.5343
ENSG00000108592,FTSJ3,3.7476,3.8081,3.7599,4.3177,3.8238,3.1024,3.8163
ENSG00000108599,AKAP10,2.7416,2.3796,3.068,3.0471,1.9974,2.4081,2.7775
ENSG00000108604,SMARCD2,1.1661,2.4731,1.7739,2.2549,1.8191,1.9075,1.4964
ENSG00000108639,SYNGR2,4.1734,4.0719,4.2639,4.7276,4.3884,3.9061,4.2638
ENSG00000108641,B9D1,0.97191,1.8126,1.0108,1.2988,1.3105,-0.63416,-0.30602
ENSG00000108651,UTP6,0.57713,2.0249,1.2412,1.4852,0.63026,1.6911,1.5764
ENSG00000108654,DDX5,3.3054,3.3811,4.0683,4.4114,2.1841,3.5383,2.9988
ENSG00000108671,PSMD11,1.6559,1.62,1.5909,2.5882,1.425,2.7718,0.64475
ENSG00000108679,LGALS3BP,4.482,4.8882,5.4906,5.7114,5.9126,3.9075,4.5225
ENSG00000108773,KAT2A,3.6517,3.8282,3.9608,4.1494,4.1616,3.6832,3.3699
ENSG00000108774,RAB5C,1.6544,1.0742,1.8616,1.6938,2.1536,0.27495,1.5726
ENSG00000108784,NAGLU,4.2285,3.882,4.2835,4.2073,4.4877,3.3641,4.1214
ENSG00000108788,MLX,3.3745,3.2637,3.6345,4.0073,3.2727,2.6057,3.0065
ENSG00000108819,PPP1R9B,3.4643,3.6821,4.2613,4.445,3.3313,3.6038,3.5163
ENSG00000108826,MRPL27,4.2708,4.2601,4.3353,4.7297,4.2837,3.3866,4.1655
ENSG00000108828,VAT1,2.1493,2.4204,2.6055,1.9488,1.9754,1.4332,0.95038
ENSG00000108829,LRRC59,4.2385,4.347,4.6562,5.2514,4.4691,4.3285,4.2058
ENSG00000108840,HDAC5,-1.4692,-1.1523,-0.43028,-1.6659,-1.1312,-1.492,-1.6721
ENSG00000108848,LUC7L3,3.2594,3.5769,3.0428,4.135,3.6301,3.1667,2.7456
ENSG00000108861,DUSP3,2.7553,2.6852,3.346,3.3494,3.6171,3.0217,2.9267
ENSG00000108883,EFTUD2,4.513,4.6747,4.91,4.5222,4.3211,3.9371,3.954
ENSG00000108946,PRKAR1A,-1.23,0.65516,-0.78467,-0.45459,-1.0633,-0.21356,-0.38591
ENSG00000108953,YWHAE,3.1544,3.8726,3.4878,4.0503,2.9696,1.8576,2.557
ENSG00000108960,MMD,-0.28258,0.097034,-0.6698,-1.0326,0.74524,-1.1945,-0.86059
ENSG00000108963,DPH1,3.7404,3.8186,4.2313,4.0488,3.8465,3.2925,3.6933
ENSG00000109016,DHRS7B,3.5808,3.6937,3.787,3.9204,3.5537,3.3661,3.7566
ENSG00000109046,WSB1,-1.9848,-1.7535,-3.0471,-2.1981,-3.0675,-1.9154,-2.1659
ENSG00000109062,SLC9A3R1,2.8408,3.9079,3.5288,4.0011,4.1341,2.9162,4.3886
ENSG00000109065,NAT9,2.6213,3.5456,3.6839,3.7003,3.648,3.3856,2.483
ENSG00000109079,TNFAIP1,3.6819,3.4846,4.6533,4.0043,4.2221,3.3465,3.9961
ENSG00000109083,IFT20,2.8887,2.3828,3.5088,1.8687,3.1323,2.8801,2.4822
ENSG00000109084,TMEM97,3.6901,3.9903,3.7507,3.8213,3.7738,3.4565,3.4122
ENSG00000109089,CDR2L,1.4307,2.7079,-0.22715,2.538,1.6775,0.3618,2.5928
ENSG00000109103,UNC119,2.5559,3.2955,2.7562,3.2614,2.4047,2.5255,2.1404
ENSG00000109111,SUPT6H,4.0061,4.1144,4.135,4.2906,4.3581,4.2147,3.8412
ENSG00000109118,PHF12,2.8358,3.4402,3.7694,3.4677,3.721,2.8684,3.1522
ENSG00000109133,TMEM33,-0.57848,-0.25873,0.65467,1.7372,0.55748,-1.02,-0.65124
ENSG00000109171,SLAIN2,2.1423,2.5077,3.0108,3.094,2.5524,1.5754,2.3402
ENSG00000109180,OCIAD1,-0.78167,-0.36918,-0.071581,0.20445,-0.3739,-0.057755,-0.27952
ENSG00000109189,USP46,-1.5991,-2.2369,-2.2538,-0.062309,-2.019,0.83711,-2.1603
ENSG00000109270,LAMTOR3,0.64736,0.43713,0.41548,0.59514,1.1682,-0.33967,-0.79977
ENSG00000109320,NFKB1,1.7814,2.5828,3.4835,3.4574,2.822,2.5034,2.5304
ENSG00000109332,UBE2D3,2.7619,3.0905,2.7008,3.5614,3.3133,2.3641,2.54
ENSG00000109390,NDUFC1,2.2729,1.6513,1.8209,2.3406,1.7081,1.7708,2.1093
ENSG00000109445,ZNF330,1.9432,3.2503,3.5676,3.671,2.9753,3.1045,1.6897
ENSG00000109475,RPL34,1.4314,1.4719,1.8169,2.1438,2.0488,1.4667,0.68913
ENSG00000109519,GRPEL1,2.9446,3.1109,3.5314,3.9603,3.6481,3.0497,3.4141
ENSG00000109534,GAR1,-0.51583,-0.14077,-0.34421,-0.0014735,0.77915,-0.3389,-1.1724
ENSG00000109606,DHX15,3.5192,4.1892,3.8318,4.4213,4.0503,3.3475,3.2879
ENSG00000109736,MFSD10,0.98923,1.3778,1.8497,2.3847,1.2057,1.2006,0.49486
ENSG00000109756,RAPGEF2,-0.080421,2.1623,2.0883,2.4749,1.698,2.7622,0.18628
ENSG00000109787,KLF3,-0.68269,0.15556,0.04993,1.3357,1.1395,0.45265,-0.26954
ENSG00000109790,KLHL5,2.8105,2.9491,3.2426,2.6081,2.7165,2.1198,1.863
ENSG00000109805,NCAPG,0.64175,0.13009,0.60436,0.86035,1.1921,0.16819,-0.51128
ENSG00000109814,UGDH,1.1452,0.18551,0.26145,1.0379,1.0834,-0.58337,0.63805
ENSG00000109861,CTSC,4.0764,5.3871,4.5234,4.1354,4.6599,4.552,3.4613
ENSG00000109881,CCDC34,2.6097,2.7158,1.4386,2.9262,1.2556,1.1419,2.3146
ENSG00000109911,ELP4,-0.29779,0.42737,0.43579,1.4011,0.6819,0.79123,0.71108
ENSG00000109917,ZPR1,2.3715,1.7114,2.4032,2.6897,2.1448,1.8149,0.056713
ENSG00000109919,MTCH2,0.92425,0.62664,0.79977,1.0354,1.534,0.84138,0.1274
ENSG00000109920,FNBP4,2.0161,3.1282,2.5047,2.8439,3.4845,2.8133,2.7299
ENSG00000109929,SC5D,2.4506,3.9864,3.5662,3.8768,3.723,3.0017,2.5228
ENSG00000109971,HSPA8,4.7805,5.4119,5.5438,5.6394,4.9033,4.3464,4.1146
ENSG00000110011,DNAJC4,2.4648,1.3608,2.715,2.9715,-0.42088,2.3626,1.4616
ENSG00000110025,SNX15,2.9116,3.4458,3.425,3.0036,3.2025,3.2086,2.6805
ENSG00000110047,EHD1,3.6467,3.9264,4.3652,4.1525,3.8414,3.8092,3.5649
ENSG00000110048,OSBP,3.5615,3.9049,4.127,3.8992,3.776,3.2261,3.1404
ENSG00000110057,UNC93B1,4.1745,3.8673,3.6344,4.4263,3.5074,2.9058,4.2222
ENSG00000110063,DCPS,-0.18413,-0.23082,0.56452,0.56617,-0.03924,0.35887,-0.65862
ENSG00000110074,FOXRED1,3.4844,3.9592,3.8866,3.9529,3.5043,3.6522,2.9583
ENSG00000110075,PPP6R3,2.1947,2.4489,2.2568,2.8763,2.4146,2.1753,1.9575
ENSG00000110080,ST3GAL4,2.1184,2.2516,2.9057,2.0932,1.0188,2.7794,2.6071
ENSG00000110104,CCDC86,4.068,4.3386,4.217,4.5598,4.5619,3.6344,3.277
ENSG00000110107,PRPF19,3.425,3.6083,3.9621,4.1536,3.5485,3.6541,3.3358
ENSG00000110172,CHORDC1,0.35961,0.62408,0.12888,1.6235,0.92425,-0.5441,-0.20512
ENSG00000110315,RNF141,-0.92595,-0.96997,-0.59011,0.24812,0.2423,0.0069019,-0.91757
ENSG00000110321,EIF4G2,1.9918,2.0999,2.7991,3.2229,1.4271,2.0798,1.833
ENSG00000110330,BIRC2,1.2372,1.3154,2.1572,2.7019,1.56,1.2934,0.67077
ENSG00000110367,DDX6,-0.74231,-1.0707,-0.38379,0.64248,-0.078269,0.10504,0.58449
ENSG00000110435,PDHX,1.0011,1.2967,1.2145,1.7307,2.2819,1.5294,0.80674
ENSG00000110442,COMMD9,2.1226,2.5209,2.5667,2.3436,1.3066,1.1463,1.7397
ENSG00000110536,PTPMT1,3.3498,3.4174,3.4235,3.7596,3.6154,3.6764,3.6323
ENSG00000110696,C11orf58,2.6009,3.4975,2.5629,3.4973,3.0721,3.093,2.4498
ENSG00000110697,PITPNM1,2.0974,0.87093,2.2694,1.6796,1.0365,1.7363,-1.1102
ENSG00000110700,RPS13,1.8611,2.3503,2.7993,2.5676,2.1579,2.4108,1.8831
ENSG00000110711,AIP,1.3251,1.3063,1.8955,0.9062,1.3195,1.629,1.2699
ENSG00000110713,NUP98,2.79,3.4118,3.7302,3.8875,3.0942,3.1179,2.8722
ENSG00000110717,NDUFS8,1.9783,1.8547,1.8341,2.5413,2.2033,2.3421,2.2986
ENSG00000110721,CHKA,2.9693,3.6781,2.9121,3.4125,4.2352,3.1233,2.6635
ENSG00000110756,HPS5,2.6269,2.7319,2.4231,2.938,2.2543,1.9014,2.0197
ENSG00000110768,GTF2H1,3.1109,3.063,4.0526,3.8751,3.7666,3.3311,3.0799
ENSG00000110801,PSMD9,2.2027,1.0192,1.6462,2.7453,1.8931,2.4789,0.78165
ENSG00000110851,PRDM4,3.2329,2.905,3.5781,3.603,3.3531,2.5987,3.5707
ENSG00000110871,COQ5,3.4056,3.8361,3.7696,3.9627,3.5405,3.5354,3.4462
ENSG00000110880,CORO1C,3.9315,4.1146,4.3336,4.0371,4.1107,3.3193,2.7091
ENSG00000110906,KCTD10,-0.008302,-0.16363,-0.70583,0.15402,-1.1789,-1.1868,-0.9338
ENSG00000110917,MLEC,2.8229,3.3585,3.0304,3.4477,2.8443,2.5057,2.3827
ENSG00000110921,MVK,3.1567,3.2683,3.6449,3.6759,3.3567,3.3694,2.7201
ENSG00000110931,CAMKK2,-0.46771,0.84773,-0.83896,2.1536,1.7639,0.67239,1.2111
ENSG00000110955,ATP5B,2.0979,2.4355,2.3888,2.6742,2.2282,2.6762,2.0289
ENSG00000110958,PTGES3,0.88573,1.0594,1.526,1.9839,0.9626,0.76808,-0.058263
ENSG00000111011,RSRC2,2.5271,3.1541,3.2353,3.074,3.093,2.7986,2.7343
ENSG00000111057,KRT18,2.5712,2.8139,2.9486,3.0256,2.2442,2.889,2.6651
ENSG00000111142,METAP2,3.734,4.2621,4.147,4.5481,4.1048,3.7872,3.6612
ENSG00000111144,LTA4H,1.1399,1.4487,1.9938,1.9647,1.8656,1.5232,1.2434
ENSG00000111196,MAGOHB,-0.3617,-0.32348,-0.3264,-0.15881,-1.3358,-1.0923,-0.91427
ENSG00000111206,FOXM1,3.5056,4.2335,4.0217,3.9675,3.1801,3.0308,2.9857
ENSG00000111229,ARPC3,2.4268,2.3526,3.0233,3.1409,2.5305,2.3612,2.6631
ENSG00000111231,GPN3,-0.40453,0.77698,1.0146,1.3281,0.42788,-0.63192,-0.44931
ENSG00000111237,VPS29,2.6381,2.2201,2.9834,3.3366,2.2285,2.7117,1.5629
ENSG00000111269,CREBL2,1.1514,1.1679,1.4519,1.7763,1.3109,0.79362,1.4354
ENSG00000111276,CDKN1B,2.3642,3.5035,3.4162,3.3591,3.3618,2.668,2.944
ENSG00000111300,NAA25,1.4904,1.6281,0.025831,2.2641,1.5388,1.0736,0.56539
ENSG00000111328,CDK2AP1,2.3019,3.1204,2.0179,2.9116,2.8775,1.5342,1.7398
ENSG00000111358,GTF2H3,0.15557,-0.65896,-0.075765,-0.53636,-0.8278,-0.75861,0.27582
ENSG00000111361,EIF2B1,2.7162,3.4679,3.2378,3.5774,3.3861,3.5292,3.1306
ENSG00000111364,DDX55,2.9214,2.9053,2.824,3.0965,2.8263,3.1126,2.7689
ENSG00000111371,SLC38A1,1.7109,2.7572,2.581,2.7783,2.1163,2.3683,2.8236
ENSG00000111412,C12orf49,2.744,3.6691,3.7175,4.1186,4.376,3.0581,3.3137
ENSG00000111445,RFC5,1.9897,2.7622,2.4068,3.5683,2.8663,2.5058,2.7142
ENSG00000111450,STX2,2.3975,2.6842,0.32899,2.0704,2.0659,2.0765,1.0452
ENSG00000111481,COPZ1,2.1376,2.0029,2.1059,3.1349,2.1172,2.8458,2.3032
ENSG00000111530,CAND1,3.8209,4.31,4.1126,4.263,3.9499,3.7,4.0857
ENSG00000111540,RAB5B,-0.66181,-0.61889,-0.58222,-0.48773,-0.77298,-0.006988,-0.91195
ENSG00000111581,NUP107,1.059,0.44017,0.43261,0.43346,0.85265,1.2694,0.51355
ENSG00000111596,CNOT2,2.8221,3.4838,3.3394,3.4163,3.3094,2.928,3.1799
ENSG00000111602,TIMELESS,-0.53755,1.5061,1.6383,2.2428,0.41224,0.99074,0.79565
ENSG00000111605,CPSF6,3.0277,3.9396,3.0606,3.7562,3.3062,2.8299,2.6035
ENSG00000111615,KRR1,0.90593,1.0442,1.06,2.898,1.0931,0.89462,0.86408
ENSG00000111639,MRPL51,2.1389,2.2536,2.436,2.7182,2.0013,2.2043,2.1888
ENSG00000111640,GAPDH,1.8251,2.3779,2.4374,2.1147,1.8057,2.1529,1.6708
ENSG00000111642,CHD4,1.1211,2.9585,2.2044,2.8983,1.5346,1.227,2.5001
ENSG00000111647,UHRF1BP1L,-1.73,-2.4729,-2.8662,-2.462,-2.4813,-2.9628,-0.0070626
ENSG00000111652,COPS7A,0.73512,0.3164,2.3654,2.1225,2.7034,1.4311,-0.017182
ENSG00000111665,CDCA3,2.8383,2.7941,2.9648,3.101,2.5651,2.8936,1.9478
ENSG00000111666,CHPT1,0.72958,-0.34182,0.64381,0.99141,1.3939,-0.29923,-0.055446
ENSG00000111667,USP5,2.3423,3.3692,3.4017,3.4665,2.1676,2.2199,1.5639
ENSG00000111669,TPI1,3.6357,4.1804,3.8716,4.2018,3.6175,3.6478,2.9216
ENSG00000111670,GNPTAB,-1.1386,-0.90801,-1.2357,-0.9506,-0.7632,-0.7848,-0.91543
ENSG00000111676,ATN1,3.2509,3.5824,3.6139,4.0048,2.8655,2.3797,3.3748
ENSG00000111678,C12orf57,1.5725,1.5748,1.7199,1.9736,1.7982,1.6589,1.4788
ENSG00000111707,SUDS3,0.85835,1.5119,1.3926,1.8594,0.49877,0.85789,0.68386
ENSG00000111711,GOLT1B,3.1484,3.4534,4.1266,3.3039,3.7206,3.2325,2.1514
ENSG00000111725,PRKAB1,2.9957,3.3121,2.5316,3.0889,3.3752,3.5684,2.8501
ENSG00000111726,CMAS,1.4434,1.8738,2.4103,2.4712,1.0004,1.623,0.75112
ENSG00000111731,C2CD5,0.43854,1.0194,1.7929,1.4994,-0.62255,-0.17923,-0.11175
ENSG00000111737,RAB35,3.9622,4.4291,4.3286,4.4445,4.2421,4.0546,3.4457
ENSG00000111775,COX6A1,4.3083,4.3752,4.3052,4.8888,4.4797,4.6219,4.1175
ENSG00000111786,SRSF9,2.1671,2.6733,3.5085,3.378,1.3843,3.4166,2.8696
ENSG00000111790,FGFR1OP2,-0.3428,-0.70023,0.21818,-0.59287,-1.3024,0.084323,-1.0822
ENSG00000111802,TDP2,3.5651,3.8869,3.6763,3.9543,3.9661,3.5156,3.2529
ENSG00000111832,RWDD1,2.0509,2.8884,3.2201,3.2476,3.4966,2.8849,2.7838
ENSG00000111843,TMEM14C,2.4491,1.2529,1.8149,2.5666,2.641,2.7321,1.0249
ENSG00000111845,PAK1IP1,1.9372,3.7609,3.218,3.6877,3.3085,2.9901,2.6562
ENSG00000111875,ASF1A,2.9335,3.6934,3.2524,3.6897,3.731,3.2309,3.1217
ENSG00000111880,RNGTT,2.1981,1.1865,0.82042,1.8946,2.0063,0.29674,1.2597
ENSG00000111897,SERINC1,3.1745,2.9342,3.3906,3.2387,4.3143,2.6184,2.9595
ENSG00000111906,HDDC2,0.66033,1.148,0.6272,1.5476,1.1863,0.82433,1.0573
ENSG00000111911,HINT3,-1.536,-1.0908,-1.6121,-1.3718,-1.2382,-1.1015,0.45019
ENSG00000112029,FBXO5,3.3835,3.908,3.9525,4.1907,3.0428,3.271,2.6873
ENSG00000112031,MTRF1L,-2.0926,-3.0618,-3.0778,-3.0903,-2.7573,-3.4514,-2.7668
ENSG00000112062,MAPK14,2.8098,3.3327,3.1431,3.4578,3.1708,2.8682,2.8631
ENSG00000112078,KCTD20,0.43714,-0.53661,0.848,0.48496,2.1695,0.4016,-1.1696
ENSG00000112079,STK38,3.2188,3.6699,3.6052,4.0935,4.1803,3.5768,4.3435
ENSG00000112081,SRSF3,1.9716,2.4472,2.3398,2.629,1.9405,2.6762,1.7571
ENSG00000112096,SOD2,1.1134,0.58721,0.38313,2.2083,0.81797,1.2907,-1.0251
ENSG00000112110,MRPL18,2.4401,1.2227,2.4234,2.7861,2.809,2.1949,1.0935
ENSG00000112118,MCM3,3.1125,4.1625,3.6731,4.3474,3.6928,3.536,3.2929
ENSG00000112130,RNF8,3.0317,3.4377,3.1058,3.5178,3.3865,3.1327,2.5511
ENSG00000112146,FBXO9,1.4997,0.47604,0.13316,0.83148,0.66926,-0.74165,0.6676
ENSG00000112159,MDN1,2.6617,3.6481,3.5949,3.1903,2.7631,3.2914,3.2031
ENSG00000112167,SAYSD1,2.4384,2.8368,2.6247,2.3041,1.0778,2.2049,1.5908
ENSG00000112200,ZNF451,1.9692,2.2698,1.624,2.8473,0.79132,2.2375,2.1094
ENSG00000112210,RAB23,-1.0478,-0.71426,-0.47017,-0.61392,-0.52894,0.12105,0.096407
ENSG00000112237,CCNC,0.37736,2.6195,2.6723,3.0312,2.2954,-0.18322,1.0206
ENSG00000112245,PTP4A1,3.9686,3.9973,4.1151,4.1847,4.4392,3.1553,3.7894
ENSG00000112249,ASCC3,-0.46011,2.008,1.5482,1.04,1.4439,1.572,0.98369
ENSG00000112304,ACOT13,1.9598,2.3779,2.1414,2.4627,2.1112,2.4459,1.429
ENSG00000112306,RPS12,2.6398,2.4714,2.5949,3.0202,2.801,2.5861,2.5173
ENSG00000112308,C6orf62,4.0036,4.247,4.2459,4.7191,4.7154,4.224,4.0906
ENSG00000112312,GMNN,2.9333,3.8921,3.4387,3.7797,3.6781,3.8642,1.9457
ENSG00000112335,SNX3,0.54264,0.19788,-0.81597,0.49765,-0.69058,0.53669,0.68118
ENSG00000112339,HBS1L,-0.15197,0.85494,0.90804,1.7413,0.5426,0.35809,1.4056
ENSG00000112514,CUTA,1.2014,1.4544,1.6828,0.7325,1.6333,1.0398,0.58623
ENSG00000112531,QKI,-0.055416,0.37995,0.46824,0.3975,-0.032627,0.31399,-0.1509
ENSG00000112576,CCND3,2.1214,1.1277,1.1399,2.4908,0.95098,1.9115,0.76956
ENSG00000112578,BYSL,4.1787,4.5307,4.4925,4.7903,4.5621,3.9351,3.5975
ENSG00000112592,TBP,2.1075,2.2465,2.2613,2.8424,2.6225,2.0949,1.9164
ENSG00000112640,PPP2R5D,2.8211,3.4702,2.9845,3.3733,3.2608,2.6946,1.1516
ENSG00000112651,MRPL2,0.34951,0.061402,0.42143,0.37239,0.21291,0.39435,-0.51713
ENSG00000112658,SRF,0.34056,2.1875,0.31304,1.1869,0.11907,0.086568,-0.057665
ENSG00000112667,DNPH1,1.8467,0.99782,2.7941,2.5855,2.1876,2.1853,1.4165
ENSG00000112685,EXOC2,1.8763,3.32,3.0222,3.0406,2.7561,1.7783,1.9979
ENSG00000112695,COX7A2,0.10169,0.46145,0.72487,1.5271,0.79131,0.79551,0.24217
ENSG00000112697,TMEM30A,3.4809,3.8853,4.2299,3.9845,4.2207,3.4906,3.5228
ENSG00000112699,GMDS,0.87403,1.0343,0.96838,1.1493,1.8908,0.12803,-0.011037
ENSG00000112701,SENP6,2.7014,2.5951,2.8032,2.9757,3.0045,2.3006,1.7651
ENSG00000112715,VEGFA,2.8331,3.4974,3.4771,3.8539,4.4023,4.9489,3.1687
ENSG00000112739,PRPF4B,-0.68934,-1.5645,-1.7631,-1.3929,-0.76789,-1.2496,-2.1375
ENSG00000112742,TTK,2.1245,3.1793,3.3976,3.0654,2.3781,2.8593,2.6721
ENSG00000112759,SLC29A1,3.9617,4.2294,4.4368,4.0705,4.0687,3.1915,3.7846
ENSG00000112787,FBRSL1,4.0264,4.2016,4.084,4.8003,4.6364,3.9728,4.4612
ENSG00000112851,ERBIN,-0.82865,-0.88797,-0.88925,-0.26749,-1.7769,-1.5944,-0.71633
ENSG00000112855,HARS2,3.9654,3.8459,4.1126,4.3286,4.1352,3.8601,3.7149
ENSG00000112893,MAN2A1,1.2882,1.093,1.6282,1.5607,0.21795,0.81286,-1.0843
ENSG00000112941,PAPD7,2.0931,3.1739,3.1985,3.4202,2.5056,3.0291,2.766
ENSG00000112972,HMGCS1,2.2229,3.2415,3.09,2.7531,2.0638,2.497,1.8239
ENSG00000112977,DAP,4.275,4.681,5.4719,4.9908,4.3294,4.9442,4.2513
ENSG00000112983,BRD8,1.6763,2.1181,2.7292,2.8862,2.0535,2.3709,0.77535
ENSG00000112984,KIF20A,2.284,3.4635,3.5468,3.483,2.5648,3.0986,2.5394
ENSG00000112996,MRPS30,2.9126,3.6595,3.7808,4.1674,3.4753,4.0319,2.9955
ENSG00000113013,HSPA9,3.6657,4.217,3.5574,4.5882,3.9833,4.2964,2.7203
ENSG00000113048,MRPS27,3.428,4.143,4.4203,4.2053,4.1381,3.4529,2.6679
ENSG00000113068,PFDN1,3.4642,3.5443,4.0142,3.8023,3.5451,3.268,3.2451
ENSG00000113141,IK,0.55176,-0.60332,0.44262,0.32719,-0.11944,-0.06579,-0.46655
ENSG00000113161,HMGCR,2.6037,4.1023,3.7736,3.6498,3.6998,3.5231,2.5679
ENSG00000113163,COL4A3BP,-1.0427,0.74017,-0.78634,0.78587,1.6313,0.15219,0.21071
ENSG00000113194,FAF2,3.3607,3.5312,3.8088,3.7869,3.709,3.331,3.7429
ENSG00000113269,RNF130,1.7586,1.1231,0.37682,1.7122,0.71418,0.55921,0.51217
ENSG00000113272,THG1L,3.5351,3.4447,3.4157,4.1604,3.6428,3.5151,3.1479
ENSG00000113282,CLINT1,2.7482,3.0352,3.4041,3.2941,2.7836,2.5238,1.5868
ENSG00000113312,TTC1,2.832,3.1184,2.8843,2.7799,1.9136,2.6147,1.5318
ENSG00000113328,CCNG1,1.2383,2.9751,2.7919,2.526,2.2943,2.4389,1.1564
ENSG00000113368,LMNB1,0.48796,1.4746,0.72728,1.4861,0.59174,1.2478,0.32431
ENSG00000113384,GOLPH3,3.5771,3.9988,4.0821,3.9595,4.2139,3.0993,3.6215
ENSG00000113387,SUB1,0.63648,1.0122,1.3154,1.7954,1.1956,1.1443,0.20708
ENSG00000113407,TARS,3.1996,4.1489,4.0607,3.8336,3.737,3.7669,2.67
ENSG00000113456,RAD1,2.7651,3.2786,3.0077,3.4615,3.1019,2.9737,2.321
ENSG00000113460,BRIX1,3.1007,3.4699,3.436,3.7168,3.0614,3.4056,2.745
ENSG00000113552,GNPDA1,0.38044,1.2773,1.6106,1.4563,1.113,0.27836,0.44101
ENSG00000113558,SKP1,1.5943,1.3832,1.8166,2.0171,1.8912,2.0887,1.1978
ENSG00000113575,PPP2CA,3.6416,4.4918,4.3837,4.5718,4.1369,4.0093,3.7063
ENSG00000113583,C5orf15,3.6383,3.7497,4.0978,3.5833,4.2432,2.7267,3.0022
ENSG00000113593,PPWD1,0.91066,0.57624,1.1508,1.4116,-0.17434,1.5308,0.88888
ENSG00000113595,TRIM23,-0.67674,-0.58755,-0.64772,0.20268,1.1819,-0.30422,-0.087927
ENSG00000113597,TRAPPC13,0.01717,0.0015355,-0.56211,1.4686,0.45471,0.86251,-0.072694
ENSG00000113638,TTC33,0.89094,-0.54468,0.53241,0.25689,1.6421,1.1682,-0.75225
ENSG00000113643,RARS,1.3975,0.99428,1.1186,1.9613,1.1058,0.98974,0.30734
ENSG00000113648,H2AFY,1.131,1.5295,1.2952,1.9186,1.0298,0.73165,1.0914
ENSG00000113649,TCERG1,3.1328,3.1902,3.1346,3.5729,2.9672,3.1336,2.6596
ENSG00000113658,SMAD5,0.76416,-0.089114,0.16564,0.95417,-0.54748,1.1636,-0.7276
ENSG00000113712,CSNK1A1,2.4756,3.1089,3.5589,3.7813,3.3284,2.943,2.5815
ENSG00000113716,HMGXB3,3.4966,3.3621,4.2646,4.3158,3.9243,3.7852,3.1817
ENSG00000113719,ERGIC1,4.3472,4.2787,4.5561,4.0727,4.065,3.4092,3.6885
ENSG00000113732,ATP6V0E1,4.1049,3.9099,4.0684,4.1255,4.4157,3.8916,4.464
ENSG00000113734,BNIP1,1.9492,2.0266,2.9191,2.9639,2.6231,2.9946,2.0461
ENSG00000113739,STC2,3.8279,4.2262,4.5071,4.3161,4.8826,3.5619,4.8894
ENSG00000113758,DBN1,2.9097,4.1741,4.3189,4.0721,2.9032,2.7944,2.1703
ENSG00000113761,ZNF346,1.7452,2.4293,2.2581,1.7571,2.3412,1.8526,1.8469
ENSG00000113810,SMC4,2.836,2.8061,3.4417,3.0977,2.2819,2.7401,2.5206
ENSG00000113811,SELENOK,2.5612,3.297,3.375,3.2375,3.1304,3.2955,2.4205
ENSG00000113845,TIMMDC1,3.1661,3.3822,4.0176,3.7331,3.4752,3.2281,2.8384
ENSG00000113851,CRBN,0.49506,0.15808,0.509,-0.0021573,0.012144,0.60624,-0.39832
ENSG00000114021,NIT2,-0.39668,-1.2057,0.042246,-1.6797,-0.93927,-1.241,-0.79773
ENSG00000114023,FAM162A,0.25132,-0.42962,0.099918,-0.37569,-0.7048,-0.013163,-0.46249
ENSG00000114030,KPNA1,2.7831,3.3969,3.461,3.2898,3.1371,2.8214,3.1597
ENSG00000114054,PCCB,1.6833,1.817,2.1631,1.9329,1.4957,1.9627,1.3588
ENSG00000114120,SLC25A36,-1.8323,-1.1538,-0.82578,-1.6209,-1.1722,-1.581,-1.8865
ENSG00000114125,RNF7,4.2137,4.3814,4.7426,4.4589,4.3312,4.3194,4.4263
ENSG00000114209,PDCD10,0.96756,1.075,1.3586,2.6324,1.8279,2.173,1.4838
ENSG00000114302,PRKAR2A,0.64474,0.7272,0.85607,2.34,2.0075,1.9857,1.6142
ENSG00000114331,ACAP2,-1.5395,-1.1887,-1.1646,-0.23496,1.6539,-0.86802,-1.1629
ENSG00000114346,ECT2,2.0245,2.2226,2.1451,3.0433,1.4622,2.0251,2.1753
ENSG00000114353,GNAI2,1.9703,3.4942,4.0602,3.2351,2.0642,1.0986,2.8228
ENSG00000114354,TFG,3.6564,3.6143,4.3334,3.9806,4.2311,3.9412,3.5957
ENSG00000114383,TUSC2,1.4571,2.803,2.0579,2.8791,2.3623,2.4134,1.9147
ENSG00000114388,NPRL2,1.6211,0.45551,2.7169,2.5528,2.5674,1.791,1.3838
ENSG00000114391,RPL24,2.2211,2.6479,2.6056,2.5471,2.6084,2.3544,2.0041
ENSG00000114395,CYB561D2,3.1937,3.5049,3.1794,3.578,2.8737,2.2661,2.2389
ENSG00000114416,FXR1,2.0405,1.9517,2.504,2.8585,1.8345,2.6159,2.5728
ENSG00000114439,BBX,-0.14802,0.069584,0.90181,0.3674,-0.79377,0.084465,-1.4576
ENSG00000114480,GBE1,1.7615,-0.55354,1.3853,1.5488,0.33644,-0.45388,-0.41598
ENSG00000114491,UMPS,3.4676,3.4537,3.6533,3.7169,3.5221,2.9046,3.4195
ENSG00000114503,NCBP2,3.1964,3.6077,4.3838,3.5264,3.2306,3.1509,3.1701
ENSG00000114520,SNX4,1.179,0.22951,1.2376,0.51471,0.56847,1.4852,0.76611
ENSG00000114544,SLC41A3,2.1793,2.7227,3.3624,2.7602,3.197,1.5961,2.7484
ENSG00000114554,PLXNA1,2.6126,3.3814,3.4302,2.797,2.6548,2.4407,3.0629
ENSG00000114573,ATP6V1A,-0.6679,0.50477,1.4834,2.0059,1.4169,1.2863,1.3305
ENSG00000114648,KLHL18,2.1363,3.2692,3.5351,3.5386,2.2534,3.221,2.5741
ENSG00000114650,SCAP,3.0294,4.0462,4.0738,3.8687,3.5201,3.6257,3.4105
ENSG00000114686,MRPL3,2.8535,3.3734,3.372,3.9743,3.2179,2.9069,3.0586
ENSG00000114738,MAPKAPK3,2.4668,3.7016,3.5848,3.6931,2.8654,2.6481,2.7051
ENSG00000114742,WDR48,-2.2873,-2.6085,-2.5128,-2.8747,-2.7716,-2.755,-2.6506
ENSG00000114744,COMMD2,0.30531,0.42066,0.7404,1.7956,1.2377,1.4909,0.10747
ENSG00000114767,RRP9,0.24718,0.19302,0.44803,0.83517,0.16411,-0.42319,-0.53459
ENSG00000114779,ABHD14B,0.47771,0.22958,1.3735,1.3594,0.11919,1.9949,-0.35973
ENSG00000114784,EIF1B,2.3308,3.2722,3.3036,3.1055,3.5206,3.4158,1.4906
ENSG00000114850,SSR3,1.8864,1.5248,3.0693,2.2696,1.6113,2.1661,0.48143
ENSG00000114867,EIF4G1,3.9608,4.5682,4.9027,4.7694,4.0995,4.0789,4.3835
ENSG00000114902,SPCS1,-0.038476,0.20692,0.95563,0.88468,0.92055,0.91966,-0.0063171
ENSG00000114904,NEK4,-0.34835,-1.0635,-1.2961,-0.16624,-1.6099,0.77804,-0.84751
ENSG00000114942,EEF1B2,3.3104,4.0579,4.1219,4.1717,3.5989,3.7079,2.9915
ENSG00000114956,DGUOK,1.0097,0.3094,0.25581,0.37753,0.52286,-0.070303,0.16704
ENSG00000114978,MOB1A,1.6183,1.5601,1.4472,2.5403,1.9004,1.832,1.0747
ENSG00000114982,KANSL3,2.012,2.2001,1.501,1.5422,2.2526,1.1815,0.63839
ENSG00000114988,LMAN2L,4.0708,4.015,3.8714,4.1392,4.491,3.9308,4.0304
ENSG00000114999,TTL,0.42149,0.7011,0.54664,1.3547,1.3179,1.3169,1.551
ENSG00000115020,PIKFYVE,-1.3147,-0.72707,-1.2084,-1.4383,-0.0836,-1.4508,-0.82281
ENSG00000115042,FAHD2A,0.27901,0.22307,0.78685,0.80086,0.35872,0.27314,0.46609
ENSG00000115053,NCL,4.9396,5.2708,5.3121,5.3421,4.9254,4.2398,4.6448
ENSG00000115073,ACTR1B,2.1711,3.1188,2.959,2.9294,2.0287,2.9203,1.6111
ENSG00000115091,ACTR3,0.9004,0.63955,1.8199,1.3458,1.722,0.40511,0.24476
ENSG00000115107,STEAP3,3.449,3.5752,4.0392,3.4628,1.2092,3.083,2.9999
ENSG00000115128,SF3B6,2.786,2.9184,3.5285,3.7973,3.4717,3.5871,2.8135
ENSG00000115163,CENPA,3.2664,3.1947,3.4389,3.3595,2.9849,3.2029,2.9009
ENSG00000115170,ACVR1,-2.6665,-2.2279,-1.3139,-2.4577,-1.7371,-2.1234,-2.6329
ENSG00000115204,MPV17,3.4286,3.3807,4.1553,3.6338,3.0491,3.5361,3.2197
ENSG00000115207,GTF3C2,3.7049,4.4293,4.2451,4.1758,4.0029,3.6887,3.6832
ENSG00000115211,EIF2B4,0.11849,0.818,-0.082234,0.91878,0.84314,0.41266,1.5121
ENSG00000115216,NRBP1,-0.3646,0.72047,0.50823,-0.0013845,0.28435,-0.98636,0.06137
ENSG00000115233,PSMD14,0.79643,0.56304,0.58175,0.96051,0.90481,0.49824,-0.0073757
ENSG00000115234,SNX17,1.8267,2.1233,2.1928,2.0412,1.6782,1.3722,1.6432
ENSG00000115239,ASB3,1.6135,2.2009,2.7902,2.3774,2.2956,2.7791,2.0241
ENSG00000115241,PPM1G,3.8693,4.3497,4.3201,4.5245,4.2094,4.0028,3.7951
ENSG00000115255,REEP6,-0.45812,1.8391,0.83757,1.5609,1.2471,1.3106,-0.56963
ENSG00000115268,RPS15,1.2856,1.9736,2.2887,1.5268,1.4945,2.0839,0.88787
ENSG00000115274,INO80B,2.823,2.3616,2.8985,2.4626,2.5974,1.9315,2.851
ENSG00000115275,MOGS,3.5742,4.4027,4.308,4.1454,3.9958,3.8255,3.5675
ENSG00000115286,NDUFS7,0.59807,0.049156,0.76387,0.7345,-0.1172,0.438,-0.0023341
ENSG00000115289,PCGF1,0.81736,-0.66153,0.73627,1.3251,-0.26596,0.75598,0.541
ENSG00000115306,SPTBN1,3.532,3.3409,3.5558,2.7706,4.2005,2.2542,1.4289
ENSG00000115307,AUP1,3.5603,3.3757,3.6207,3.3586,3.048,3.4806,1.7964
ENSG00000115310,RTN4,4.2799,4.218,4.9285,4.4715,4.2684,4.6596,3.7001
ENSG00000115317,HTRA2,2.2962,3.0192,3.2001,3.1434,2.8568,2.7747,2.0482
ENSG00000115350,POLE4,0.76413,0.3838,0.55629,-0.6001,1.1214,0.82932,0.83523
ENSG00000115364,MRPL19,2.3996,2.2242,2.7517,3.4089,3.2251,2.4468,2.4156
ENSG00000115365,LANCL1,0.13464,-0.099164,-0.21139,0.71206,0.30113,1.2099,-0.7605
ENSG00000115368,WDR75,2.5462,2.5219,2.8113,3.0184,2.1942,2.5281,1.3157
ENSG00000115392,FANCL,3.0384,3.4244,3.3426,2.8193,3.2602,2.9339,2.8652
ENSG00000115415,STAT1,1.2023,0.61341,0.99232,0.41216,1.5714,0.64652,0.2207
ENSG00000115419,GLS,-0.99199,-0.58313,0.94208,-1.0112,0.1569,-0.47259,0.5988
ENSG00000115425,PECR,-0.52385,-0.30808,0.76235,0.49176,0.76828,0.28852,-0.5067
ENSG00000115446,UNC50,3.0223,3.3003,3.2968,3.2686,3.2692,2.2032,2.6021
ENSG00000115464,USP34,3.3673,3.6836,3.7354,3.9953,3.9663,3.3037,3.5746
ENSG00000115484,CCT4,3.0853,2.6936,2.9766,2.9229,3.1069,3.0118,2.3034
ENSG00000115486,GGCX,2.375,2.8456,2.8603,2.6375,3.0926,2.5166,2.7277
ENSG00000115504,EHBP1,0.52083,1.5827,0.35883,-0.31633,1.1899,-0.5195,-0.11905
ENSG00000115514,TXNDC9,2.9122,3.4961,3.8073,3.1817,3.7759,2.7282,2.5859
ENSG00000115520,COQ10B,2.3072,2.4223,2.1764,2.3273,2.6722,1.5073,1.4151
ENSG00000115524,SF3B1,2.5578,3.1933,2.9364,3.7807,3.2585,2.2549,2.7231
ENSG00000115539,PDCL3,1.2074,1.4928,1.4579,2.4718,1.7301,2.1417,1.1919
ENSG00000115540,MOB4,-0.88448,0.15124,0.7449,0.11725,0.47657,-0.11523,-0.95437
ENSG00000115541,HSPE1,2.3823,2.7598,2.6634,2.8892,2.9233,2.0165,2.2859
ENSG00000115561,CHMP3,2.7179,2.8973,3.0593,3.0189,2.7932,2.4691,1.8172
ENSG00000115641,FHL2,0.31825,1.0402,1.8368,1.1551,0.64637,2.0937,0.64462
ENSG00000115649,CNPPD1,2.4357,3.2903,2.7521,2.8986,3.2058,2.4743,2.5088
ENSG00000115652,UXS1,2.7332,3.253,2.9932,3.4799,3.8421,2.6342,2.72
ENSG00000115661,STK16,3.1284,3.1577,3.4538,3.1919,2.9919,3.1363,2.9869
ENSG00000115677,HDLBP,2.7024,2.7757,3.3473,3.3056,2.9687,2.548,2.3287
ENSG00000115685,PPP1R7,0.927,1.7638,1.7163,2.0117,0.80446,1.6085,1.8896
ENSG00000115694,STK25,2.3593,3.3179,3.6171,3.1976,3.6627,2.6069,2.7195
ENSG00000115756,HPCAL1,3.8978,2.8934,4.534,4.3097,3.539,3.7629,2.8203
ENSG00000115758,ODC1,0.37672,-0.28844,0.63938,1.8238,0.85908,0.6203,-0.42426
ENSG00000115760,BIRC6,2.2255,2.0301,2.2212,2.4806,2.3527,2.3641,2.1064
ENSG00000115761,NOL10,2.2194,2.6168,2.6296,2.8547,2.3409,1.9442,1.8797
ENSG00000115762,PLEKHB2,0.6606,1.4351,2.14,2.4666,2.3918,1.0793,1.0277
ENSG00000115806,GORASP2,2.1497,3.4266,3.3034,2.8323,3.1406,2.9184,2.7708
ENSG00000115808,STRN,-1.7717,-2.449,-2.9351,-2.628,-2.435,-2.9323,-2.5505
ENSG00000115816,CEBPZ,3.2632,4.0032,3.6614,3.8077,3.8018,2.5842,2.6709
ENSG00000115839,RAB3GAP1,2.4518,2.9755,3.4068,3.357,3.3065,2.7744,2.952
ENSG00000115866,DARS,-0.54525,-0.19704,-0.1404,-0.38297,0.42065,-0.49261,-1.0604
ENSG00000115875,SRSF7,0.83106,1.1749,0.46124,1.2847,0.58248,0.4952,-0.14924
ENSG00000115942,ORC2,3.4517,3.7701,3.6479,3.8074,3.8285,2.4341,3.4243
ENSG00000115944,COX7A2L,3.8868,3.9235,4.3226,3.6777,3.9967,4.037,3.8421
ENSG00000115946,PNO1,3.8022,3.8023,3.9125,4.0098,3.7406,3.3337,2.7522
ENSG00000115947,ORC4,1.7013,2.126,1.2051,1.7014,1.332,0.97918,0.12497
ENSG00000115977,AAK1,0.44686,0.46204,-1.059,-0.44592,-0.87946,-0.03743,-0.95474
ENSG00000115993,TRAK2,-1.5723,-1.6818,-1.4203,0.56986,-1.6179,-0.46263,-1.8576
ENSG00000116001,TIA1,2.8607,3.2651,2.4823,3.1248,3.3508,2.0871,2.2509
ENSG00000116005,PCYOX1,2.1857,2.3355,2.0616,2.5569,2.6461,2.1473,2.1103
ENSG00000116030,SUMO1,4.5748,5.0462,5.0646,4.9008,4.8376,4.4407,4.8378
ENSG00000116044,NFE2L2,3.5008,3.2731,3.6941,3.827,4.4072,3.114,3.1462
ENSG00000116062,MSH6,3.9992,4.1149,4.0171,3.8892,3.5507,3.3391,3.1201
ENSG00000116095,PLEKHA3,-0.54732,-0.07115,0.2796,0.67108,0.41606,0.3935,-0.47912
ENSG00000116096,SPR,3.7517,2.5515,3.0983,4.0025,3.8796,2.8249,3.4747
ENSG00000116120,FARSB,2.2008,1.8113,2.0053,3.0162,1.7825,1.8758,1.2982
ENSG00000116133,DHCR24,4.383,5.6233,5.3974,5.2367,5.8183,4.3175,4.4871
ENSG00000116161,CACYBP,3.4962,3.9844,3.8055,4.1586,2.8458,3.6698,3.1018
ENSG00000116171,SCP2,1.389,1.3973,2.202,2.5885,1.8636,2.2301,1.4472
ENSG00000116199,FAM20B,1.8149,-0.21918,-0.47418,1.5511,-0.01839,1.306,1.2278
ENSG00000116209,TMEM59,0.45752,0.66752,0.0071066,1.5887,0.91949,1.4181,0.31086
ENSG00000116212,LRRC42,3.0044,3.8053,3.4994,4.0462,3.8544,3.0933,3.0274
ENSG00000116213,WRAP73,0.96811,0.38455,0.45628,1.4826,1.6321,0.65786,0.98522
ENSG00000116221,MRPL37,3.6489,4.6308,4.8694,4.7515,3.7838,4.7879,3.393
ENSG00000116237,ICMT,3.695,4.0899,3.6715,4.1756,3.7801,3.1689,3.7758
ENSG00000116251,RPL22,3.3019,3.3602,3.591,3.5882,3.2267,3.0446,2.7256
ENSG00000116260,QSOX1,3.8448,4.4677,4.6047,3.9776,3.8006,3.6768,3.8008
ENSG00000116266,STXBP3,0.20106,0.98206,0.44979,0.042094,1.2011,0.94179,-0.49852
ENSG00000116273,PHF13,2.0858,2.7348,2.7739,3.2642,1.1488,2.284,2.7059
ENSG00000116288,PARK7,2.6099,2.9451,3.181,3.6601,2.5314,2.9003,2.2954
ENSG00000116337,AMPD2,2.6191,3.4494,3.4385,3.7785,2.8763,3.5447,3.1029
ENSG00000116350,SRSF4,2.7883,3.4466,3.0606,3.2791,2.5781,3.1734,2.7543
ENSG00000116353,MECR,0.7172,1.8514,2.8256,2.5128,-0.034879,1.6813,-0.4563
ENSG00000116455,WDR77,1.8453,3.0999,2.4006,3.0462,2.6382,1.3768,1.6101
ENSG00000116459,ATP5F1,1.0744,0.84362,1.7079,2.4144,1.2219,1.2935,1.3332
ENSG00000116473,RAP1A,0.96786,1.2902,1.6781,1.7931,1.5518,0.89288,-0.10418
ENSG00000116478,HDAC1,-0.27519,1.3298,0.82125,1.5493,0.19303,0.64992,0.38555
ENSG00000116489,CAPZA1,1.565,1.3157,1.4021,2.4092,1.649,2.0662,1.0512
ENSG00000116497,S100PBP,-2.5035,-2.6072,-2.4776,-2.6284,-2.806,-2.841,-2.8951
ENSG00000116521,SCAMP3,2.4775,3.2009,3.5746,3.118,2.7733,3.5691,-0.12184
ENSG00000116539,ASH1L,-2.7336,-2.666,-2.9231,-2.753,-2.9802,-3.1302,-2.5605
ENSG00000116560,SFPQ,2.9365,3.6879,3.6853,4.0282,3.0884,2.9614,3.0518
ENSG00000116586,LAMTOR2,3.8686,4.0839,4.373,4.2463,3.2334,3.9966,3.509
ENSG00000116649,SRM,3.7407,4.1995,4.131,4.5113,3.8513,4.1457,3.097
ENSG00000116670,MAD2L2,2.5003,3.7284,3.5054,3.4811,3.0193,3.7805,2.6908
ENSG00000116679,IVNS1ABP,1.5949,1.2747,1.5252,1.1711,0.11376,0.20948,-0.057524
ENSG00000116685,KIAA2013,3.6721,3.891,4.1861,4.5013,4.3748,4.0047,4.0499
ENSG00000116688,MFN2,3.2741,3.9467,4.3996,4.7305,4.2578,3.7173,3.5943
ENSG00000116691,MIIP,1.2671,2.9862,2.0643,2.4749,1.4604,3.3069,1.9581
ENSG00000116698,SMG7,2.6479,3.1751,2.9855,3.0186,3.1138,2.952,2.7646
ENSG00000116717,GADD45A,2.7643,3.0411,4.2949,3.739,3.7922,4.2321,2.3766
ENSG00000116750,UCHL5,1.1755,0.81421,1.5587,2.0277,1.0605,1.8567,1.5051
ENSG00000116752,BCAS2,2.6766,3.2195,2.932,3.754,3.0791,3.4324,4.0791
ENSG00000116754,SRSF11,2.7418,3.7552,3.8065,4.0369,3.6322,2.854,2.489
ENSG00000116786,PLEKHM2,2.4356,2.8409,3.1181,2.8107,1.9639,2.4688,1.6619
ENSG00000116809,ZBTB17,-0.60415,-1.3855,0.59488,-0.52063,-0.65552,0.036485,-0.75708
ENSG00000116815,CD58,-1.6437,-1.0444,0.96118,0.28123,0.072453,1.7424,-1.0105
ENSG00000116857,TMEM9,2.1416,2.5706,2.3466,2.2875,1.5196,2.1254,1.902
ENSG00000116863,ADPRHL2,3.7746,4.3169,4.5953,4.7463,4.3217,3.9134,4.0471
ENSG00000116871,MAP7D1,3.027,3.2479,3.814,3.2474,2.2894,2.5578,2.4144
ENSG00000116898,MRPS15,3.6984,4.122,4.016,4.2252,3.6266,3.8844,3.2397
ENSG00000116906,GNPAT,2.9449,3.466,3.2184,3.3532,3.5706,3.1136,2.7016
ENSG00000116918,TSNAX,0.76616,-0.26492,1.2925,0.54295,0.48823,0.7137,-1.1884
ENSG00000116954,RRAGC,3.7166,4.0753,4.0705,4.0481,3.7453,3.587,3.3586
ENSG00000117000,RLF,2.6824,3.2715,3.2148,3.4249,3.1067,3.3938,3.498
ENSG00000117054,ACADM,1.0355,2.0615,1.3997,1.8386,1.6703,0.63049,0.056478
ENSG00000117118,SDHB,1.5842,1.7026,2.3333,2.745,2.0675,1.8617,1.5164
ENSG00000117133,RPF1,-0.13443,0.91227,1.4065,2.3135,0.93803,0.99036,0.74393
ENSG00000117143,UAP1,1.3274,3.6777,5.1145,3.9246,3.8258,3.9558,2.8464
ENSG00000117151,CTBS,-0.25812,-0.64735,0.29884,-0.18601,-0.94954,-1.5801,-1.136
ENSG00000117153,KLHL12,-0.17944,0.74372,0.55963,1.7639,0.52777,0.019077,0.52929
ENSG00000117222,RBBP5,-1.0069,-0.47566,0.27195,1.0637,-1.3337,-0.73148,-0.58971
ENSG00000117262,GPR89A,1.075,1.0952,2.9779,2.1843,2.0352,1.5598,1.7386
ENSG00000117280,RAB29,0.17411,0.23742,0.50364,0.033015,-0.39378,0.21026,-0.16725
ENSG00000117298,ECE1,3.7484,3.9872,4.4748,4.306,3.9328,3.7714,3.8412
ENSG00000117305,HMGCL,3.0849,3.3556,3.8602,3.5334,3.328,3.5249,3.3715
ENSG00000117308,GALE,-0.50506,-0.65856,1.7638,1.2763,0.35052,-0.055031,0.65037
ENSG00000117318,ID3,4.137,4.7033,4.4095,3.7428,3.6905,3.6,3.3506
ENSG00000117335,CD46,1.2621,0.52605,0.47251,1.479,0.96574,1.7633,0.036832
ENSG00000117360,PRPF3,1.6656,1.0015,2.9364,2.8651,2.3613,1.523,1.7989
ENSG00000117362,APH1A,3.8992,4.1202,4.3714,4.1369,3.9955,3.7102,3.8655
ENSG00000117394,SLC2A1,4.6125,5.237,4.9936,4.4538,5.8801,4.6512,4.2853
ENSG00000117395,EBNA1BP2,-0.11373,-0.89195,0.21267,0.56004,-0.55311,-0.82939,-1.221
ENSG00000117399,CDC20,1.9909,1.3626,2.1142,2.5226,0.38721,1.6417,0.81538
ENSG00000117408,IPO13,-1.2571,-1.7649,-0.92843,-0.9301,-1.5775,-0.98785,-1.3989
ENSG00000117410,ATP6V0B,1.1638,1.2926,1.6251,2.0236,2.0896,1.8369,0.6593
ENSG00000117411,B4GALT2,4.0266,4.8861,4.7694,4.8945,4.4679,4.1582,4.1799
ENSG00000117419,ERI3,2.3873,2.6091,3.1232,2.9317,2.06,2.4569,1.5282
ENSG00000117448,AKR1A1,0.86518,2.5658,1.5614,2.329,2.0939,2.3982,0.55845
ENSG00000117450,PRDX1,2.5754,2.3803,2.4187,3.1919,2.4278,2.8043,2.0813
ENSG00000117475,BLZF1,1.4641,1.0511,2.0762,1.323,0.12451,0.90842,1.2588
ENSG00000117481,NSUN4,1.07,1.7424,1.6137,2.2775,1.1476,1.9608,1.722
ENSG00000117500,TMED5,0.90691,-0.073329,-0.084393,1.104,1.6453,0.60951,0.30822
ENSG00000117505,DR1,3.0907,3.8704,4.182,4.258,3.3672,3.4041,2.6751
ENSG00000117523,PRRC2C,1.6735,1.4084,1.3425,2.2547,1.336,1.1478,1.3714
ENSG00000117528,ABCD3,-1.9235,-0.48096,-0.5655,-0.088938,0.25124,-1.3503,-1.0324
ENSG00000117543,DPH5,3.0482,3.48,3.4589,3.6093,3.3834,3.5217,2.9134
ENSG00000117592,PRDX6,2.4662,2.9769,3.5557,2.9045,3.2775,3.0736,2.0577
ENSG00000117593,DARS2,3.7581,3.5172,3.7501,3.6076,3.0569,3.2855,3.1237
ENSG00000117597,DIEXF,2.8925,3.2217,3.6072,3.7412,3.2686,3.2596,3.0221
ENSG00000117614,SYF2,1.7027,3.2532,3.5844,3.2091,3.0333,3.0456,2.5719
ENSG00000117632,STMN1,4.034,4.8158,4.5382,4.7747,4.0214,4.565,3.42
ENSG00000117640,MTFR1L,3.1241,3.4408,3.7546,3.4377,3.5883,3.6076,3.2162
ENSG00000117650,NEK2,3.3407,3.6171,3.8749,3.8921,3.1326,4.0088,2.8968
ENSG00000117691,NENF,2.4651,2.3478,2.6393,3.1605,1.8219,2.749,2.6418
ENSG00000117697,NSL1,3.0496,3.4751,2.901,3.5796,3.2087,3.4187,2.5035
ENSG00000117713,ARID1A,3.4548,3.8816,3.7951,3.7656,3.5271,3.8472,3.4892
ENSG00000117724,CENPF,3.596,3.5098,3.6094,3.582,2.7272,3.4007,3.4829
ENSG00000117748,RPA2,1.0763,1.4191,1.5416,1.3625,-0.53698,0.029095,0.083351
ENSG00000117751,PPP1R8,2.5333,3.1011,2.7971,3.1614,2.9637,2.9037,2.4316
ENSG00000117758,STX12,-0.13171,0.75037,-0.1153,1.4664,2.3738,1.5465,0.077898
ENSG00000117859,OSBPL9,1.9098,2.169,2.751,2.0787,2.6476,2.0299,1.9191
ENSG00000117862,TXNDC12,2.8338,3.4868,3.1839,3.3011,3.2436,3.5174,2.8948
ENSG00000117868,ESYT2,3.108,3.0445,2.6753,3.8072,3.4369,2.858,2.7636
ENSG00000117877,CD3EAP,-1.4468,-1.2457,-1.5602,-1.6549,-1.2479,-1.7534,-0.96525
ENSG00000117899,MESD,4.4114,4.6581,4.3354,4.6794,4.7632,3.9819,4.2139
ENSG00000117906,RCN2,2.5594,3.1858,2.7732,3.4716,2.5557,2.6739,1.4303
ENSG00000117984,CTSD,2.609,3.5108,1.5033,2.3843,2.2087,1.7625,3.9805
ENSG00000118046,STK11,3.7527,4.2138,4.4411,4.5395,4.1733,3.6502,4.0275
ENSG00000118096,IFT46,-0.40635,0.2268,0.14812,-0.043637,-0.20583,-0.029905,0.17981
ENSG00000118162,KPTN,-1.2198,-0.20752,-0.25949,-0.67172,-0.75897,-0.063794,-0.80104
ENSG00000118181,RPS25,1.0774,2.2468,2.7128,1.8156,1.7202,2.9074,2.0477
ENSG00000118197,DDX59,1.1844,2.2442,1.1786,2.304,1.9796,0.96321,1.8445
ENSG00000118217,ATF6,2.808,2.7327,3.7241,3.4995,3.4112,3.2069,3.0439
ENSG00000118246,FASTKD2,-0.098376,-1.6719,-1.2279,-0.48822,-0.71853,-1.2335,-1.1092
ENSG00000118363,SPCS2,2.6898,2.5451,3.0435,3.6676,3.1822,3.0932,2.5837
ENSG00000118418,HMGN3,3.2252,4.0268,3.5427,3.5287,3.8198,3.4853,3.3802
ENSG00000118454,ANKRD13C,-2.5641,-1.8006,-2.7798,-2.5177,-2.0276,-2.043,-2.9202
ENSG00000118482,PHF3,1.44,2.5018,1.0976,2.4417,2.2433,0.5808,1.2657
ENSG00000118496,FBXO30,-1.0441,-0.81358,-2.0559,-1.8388,-1.093,-0.97229,-1.76
ENSG00000118564,FBXL5,-0.59732,-1.145,-0.26368,-0.70952,-0.14287,-1.071,-0.21275
ENSG00000118579,MED28,2.5361,3.5598,3.4139,3.5913,3.7039,3.1694,3.0001
ENSG00000118640,VAMP8,-0.33593,1.105,1.124,1.6161,1.3357,1.6726,1.4049
ENSG00000118655,DCLRE1B,3.433,3.7005,4.0124,3.9387,3.0995,3.5961,4.2885
ENSG00000118680,MYL12B,2.8412,3.3381,4.1333,3.9283,3.4815,3.2175,3.7513
ENSG00000118705,RPN2,2.5706,2.3068,2.7524,2.8419,2.8759,1.9908,1.8796
ENSG00000118816,CCNI,2.0725,2.5392,3.2708,3.4977,2.9532,2.4611,2.7125
ENSG00000118873,RAB3GAP2,0.16943,0.15594,-0.42229,0.14407,0.58423,-0.15402,0.19318
ENSG00000118894,EEF2KMT,3.3552,3.5293,3.3411,3.6394,3.491,3.2179,3.0702
ENSG00000118900,UBN1,1.7596,2.3011,1.4861,1.6314,1.5293,1.0031,1.5221
ENSG00000118939,UCHL3,1.5616,0.0046975,0.8635,0.53129,0.76168,-0.50227,-0.47797
ENSG00000118960,HS1BP3,3.5973,3.9542,4.1093,3.6775,3.4389,3.603,3.3961
ENSG00000118985,ELL2,-2.2543,-0.59812,-1.3101,-1.4616,-1.0933,-1.2986,-2.6731
ENSG00000119013,NDUFB3,-0.21521,-0.4999,-0.39363,0.023912,-0.18194,-1.1562,-0.84393
ENSG00000119041,GTF3C3,-0.17824,-0.69463,0.1881,0.24207,0.10207,-0.24371,-0.5472
ENSG00000119048,UBE2B,-0.17237,-0.38271,0.18098,0.007177,0.33176,-0.4582,-0.94575
ENSG00000119185,ITGB1BP1,0.019858,-1.9193,0.28063,0.11584,0.65148,-0.64669,-1.2383
ENSG00000119203,CPSF3,1.5805,1.0568,1.257,1.6545,1.362,1.8627,0.015745
ENSG00000119285,HEATR1,1.2881,2.447,1.8405,2.4254,1.9064,2.0859,1.6012
ENSG00000119314,PTBP3,1.0385,1.7526,1.277,1.1112,1.806,1.6415,1.6975
ENSG00000119318,RAD23B,3.4146,3.8154,4.1063,4.0961,3.8604,3.1781,3.5538
ENSG00000119321,FKBP15,2.1171,2.7281,3.2846,2.8653,2.6209,2.551,2.748
ENSG00000119326,CTNNAL1,-0.74779,-0.47323,0.4066,1.0318,0.15126,1.5542,-1.2199
ENSG00000119328,FAM206A,2.2067,2.4403,3.1223,2.878,2.7925,2.5651,2.3112
ENSG00000119333,WDR34,4.2431,4.2907,4.2912,4.797,3.4451,4.4048,4.7986
ENSG00000119335,SET,3.1566,3.8477,2.898,4.0685,2.9883,3.1015,3.0407
ENSG00000119383,PTPA,2.0342,2.431,1.9352,2.1792,1.9352,1.7725,2.1243
ENSG00000119392,GLE1,2.192,0.81963,1.5418,2.1056,0.57355,1.2675,1.2391
ENSG00000119396,RAB14,1.3705,1.3211,1.8511,2.1186,2.0014,1.9149,1.2476
ENSG00000119402,FBXW2,3.2347,3.3255,3.7719,3.6314,3.4124,2.7754,3.3107
ENSG00000119403,PHF19,2.5958,2.1413,1.3226,2.8311,2.4306,3.0824,1.1851
ENSG00000119414,PPP6C,2.9132,2.7899,3.2367,3.1583,3.0095,2.6665,2.8948
ENSG00000119421,NDUFA8,0.88771,1.1429,1.7901,1.723,0.22259,1.9986,1.0749
ENSG00000119431,HDHD3,3.8192,4.0066,3.9465,4.1608,3.8965,3.8238,4.323
ENSG00000119446,RBM18,3.0186,3.0069,3.3181,3.2731,2.8372,2.9364,3.1155
ENSG00000119471,HSDL2,2.57,2.7496,2.8305,3.2291,2.671,2.8631,2.738
ENSG00000119487,MAPKAP1,2.0657,2.8509,3.6291,3.3871,1.7777,1.764,1.3768
ENSG00000119523,ALG2,3.3142,3.7522,3.7156,3.7645,4.2245,3.1474,4.0634
ENSG00000119537,KDSR,3.3264,3.6189,4.125,4.2979,3.4624,3.1026,3.2217
ENSG00000119541,VPS4B,-1.472,-0.14497,-0.82761,-0.18729,-0.84683,-1.6491,-1.8515
ENSG00000119574,ZBTB45,3.4214,3.8664,3.3727,3.3216,3.3178,3.425,3.5117
ENSG00000119596,YLPM1,-0.15873,1.3203,-0.72496,1.3657,0.20253,0.74798,-0.72588
ENSG00000119616,FCF1,-1.2782,-1.3636,-1.7924,-0.10679,-1.4097,-1.2804,-1.491
ENSG00000119632,IFI27L2,-3.5353,-3.3545,-2.7654,-3.2105,-3.3369,-3.65,-3.6232
ENSG00000119655,NPC2,1.1021,1.2962,1.1595,1.5802,1.586,1.1357,-0.21309
ENSG00000119669,IRF2BPL,3.5392,4.3361,3.8153,4.7891,4.5105,3.2914,4.4677
ENSG00000119682,AREL1,3.4433,3.7353,3.8077,3.9836,3.6439,3.2336,3.4831
ENSG00000119688,ABCD4,2.825,3.7703,3.5825,3.6974,3.5649,2.9476,3.2365
ENSG00000119689,DLST,3.7951,3.9353,3.9985,4.2278,4.0044,3.076,3.1209
ENSG00000119705,SLIRP,1.9417,2.234,1.7865,2.2485,1.6073,1.5281,1.6746
ENSG00000119707,RBM25,2.016,2.5305,2.4235,2.9763,2.2699,2.2658,2.1592
ENSG00000119718,EIF2B2,3.0862,2.6973,3.167,3.2504,3.1662,3.1632,2.9977
ENSG00000119725,ZNF410,3.1016,3.3935,3.5478,3.65,3.1284,2.7851,2.8989
ENSG00000119729,RHOQ,3.0282,3.0309,2.6166,3.0148,2.9898,2.5739,2.8709
ENSG00000119760,SUPT7L,2.8076,2.7138,2.7662,3.1207,3.6011,2.5993,2.141
ENSG00000119777,TMEM214,3.8916,3.7604,4.4086,4.1689,3.9721,4.0949,4.0031
ENSG00000119787,ATL2,3.1454,3.5708,3.5329,3.899,3.6536,2.6549,2.5735
ENSG00000119801,YPEL5,-2.0576,-2.8,-2.2319,-2.7506,-1.8965,-2.4967,-3.0243
ENSG00000119812,FAM98A,-0.35552,0.69212,0.95386,0.67009,0.32658,-0.27574,-0.8421
ENSG00000119820,YIPF4,-0.47225,-1.0191,-0.86843,-0.11962,-0.79875,-0.53705,-0.3195
ENSG00000119844,AFTPH,-0.85606,-1.7543,-0.7845,-0.44833,-0.90678,-1.2454,-0.17748
ENSG00000119878,CRIPT,-1.5199,-1.0572,-1.3106,-0.43102,-0.23684,-1.0607,-1.309
ENSG00000119899,SLC17A5,-0.12369,-1.4894,-0.46132,0.096851,-0.83892,-1.0616,0.62908
ENSG00000119906,SLF2,-1.6504,-1.6087,-0.65306,-1.0005,-0.45265,0.41347,-0.56876
ENSG00000119912,IDE,-0.34036,-0.3917,0.064715,0.095101,-0.15708,-1.2355,-1.2479
ENSG00000119929,CUTC,3.6032,3.7109,3.8129,4.1281,3.3817,3.3939,2.7749
ENSG00000119950,MXI1,1.1467,0.77427,0.33843,1.1066,0.77899,1.987,0.073367
ENSG00000119953,SMNDC1,2.3004,2.7302,2.7483,3.3571,2.7124,2.1731,1.9028
ENSG00000119977,TCTN3,0.82499,1.3642,0.45076,1.5398,0.19278,0.79852,0.68757
ENSG00000119979,FAM45A,3.2257,3.8151,2.6529,3.2855,3.4475,2.68,2.4396
ENSG00000119986,AVPI1,4.5551,3.8423,3.5156,3.9979,4.6237,3.339,3.7409
ENSG00000120008,WDR11,2.7853,2.8763,3.1351,2.6329,3.1155,2.213,2.3415
ENSG00000120053,GOT1,3.6362,4.0195,3.9377,4.5612,4.5057,4.53,3.3157
ENSG00000120063,GNA13,1.3045,1.4799,1.1787,1.8959,0.84329,0.52703,0.79842
ENSG00000120137,PANK3,-1.6496,-0.8659,-0.22403,0.94135,-1.208,-0.56967,0.44782
ENSG00000120158,RCL1,3.7344,3.8392,4.5627,4.4568,3.8045,4.3069,4.1196
ENSG00000120159,CAAP1,2.7939,3.6891,3.4169,3.1816,3.6207,3.0138,2.7695
ENSG00000120253,NUP43,-0.45302,-0.581,-1.0611,-0.98787,-0.5757,-1.4682,-1.4755
ENSG00000120254,MTHFD1L,2.8644,4.0555,3.9077,3.8353,3.8149,3.5734,2.5914
ENSG00000120256,LRP11,-0.79838,-0.3998,-0.70139,-1.364,0.24319,-0.7253,-0.98146
ENSG00000120265,PCMT1,2.5444,2.9517,3.0928,3.2795,3.1641,3.0937,2.7551
ENSG00000120306,CYSTM1,0.75409,-0.02509,0.51621,1.5513,-0.19233,1.2513,-0.17281
ENSG00000120314,WDR55,1.1057,-0.22958,-0.060459,2.1731,1.7332,-0.7275,0.53153
ENSG00000120333,MRPS14,2.5578,2.4253,2.8608,2.2732,2.6995,2.8798,1.154
ENSG00000120437,ACAT2,1.0619,2.6667,1.8738,1.5531,1.447,1.507,-0.30612
ENSG00000120438,TCP1,1.2666,1.5498,1.8181,2.1796,1.1733,1.1769,0.549
ENSG00000120509,PDZD11,0.95046,0.81152,1.0249,1.5645,0.98695,1.2202,0.58066
ENSG00000120526,NUDCD1,-0.19604,0.099358,0.51261,0.011575,0.46913,-0.064024,0.52311
ENSG00000120533,ENY2,0.11283,-0.20789,-0.028574,0.29071,0.55275,-0.28606,-0.35638
ENSG00000120539,MASTL,0.35829,1.8474,-0.44148,0.17536,-0.063308,1.6168,-0.19969
ENSG00000120656,TAF12,3.062,3.5099,3.7124,4.1208,2.0488,4.1825,2.9312
ENSG00000120686,UFM1,0.86034,2.0803,2.2089,2.168,2.1874,1.9887,0.91547
ENSG00000120688,WBP4,1.6058,1.057,2.6799,2.5672,2.0112,1.428,1.4355
ENSG00000120690,ELF1,2.0853,2.5109,3.3073,2.8695,3.373,2.3395,3.0741
ENSG00000120694,HSPH1,2.7005,3.4944,3.5271,3.6894,3.283,2.2421,2.4589
ENSG00000120697,ALG5,-0.8419,-0.26659,0.33025,0.81211,0.21599,-1.1981,-0.72472
ENSG00000120699,EXOSC8,0.52771,1.1085,1.3959,1.3772,0.70946,0.60821,0.78261
ENSG00000120705,ETF1,3.7675,4.0689,4.2173,4.1744,4.266,3.6642,3.4168
ENSG00000120709,FAM53C,1.0572,1.2703,1.1441,-0.016886,0.76786,0.96534,0.81427
ENSG00000120727,PAIP2,1.1037,2.3841,2.181,2.4352,0.98687,1.9524,1.0637
ENSG00000120733,KDM3B,2.1603,2.9614,2.861,2.94,2.4257,2.5387,1.9389
ENSG00000120742,SERP1,2.2113,3.2258,3.4538,3.2594,2.9897,2.7134,2.6378
ENSG00000120756,PLS1,-1.1854,-1.2836,-0.91009,-0.66371,-1.2163,-0.84914,-1.1577
ENSG00000120798,NR2C1,-0.29022,1.0973,2.5028,0.48193,2.0563,1.3716,0.40673
ENSG00000120800,UTP20,-2.4821,-2.4073,-1.5136,-2.3059,-2.0703,-2.3035,-1.7965
ENSG00000120802,TMPO,1.2941,2.0283,2.8276,2.7283,2.1755,1.1206,1.6351
ENSG00000120805,ARL1,1.0418,1.0364,1.6444,2.5792,1.1324,1.3537,-0.07387
ENSG00000120837,NFYB,-0.32409,0.42862,0.55138,0.17795,0.53875,0.019097,-0.31179
ENSG00000120889,TNFRSF10B,4.0922,4.0629,4.7302,4.3044,4.8166,3.5775,3.8588
ENSG00000120942,UBIAD1,3.256,3.981,3.7416,3.9684,4.2639,3.0354,3.3313
ENSG00000120948,TARDBP,3.4815,4.1223,3.9428,4.0581,3.6268,3.8388,3.4652
ENSG00000120963,ZNF706,0.0026225,1.6881,2.3809,2.0708,1.5911,2.4219,0.19865
ENSG00000120992,LYPLA1,2.1349,2.038,2.6549,3.0562,2.134,2.559,1.2953
ENSG00000121022,COPS5,2.9186,2.4106,3.0655,3.0655,2.623,3.0274,1.3963
ENSG00000121039,RDH10,2.8108,2.5401,2.383,3.2395,3.2039,2.7881,2.239
ENSG00000121057,AKAP1,1.9528,2.2298,2.4188,2.4541,2.7681,1.0714,1.4829
ENSG00000121058,COIL,3.4514,3.3327,3.706,4.0028,3.4836,3.2453,3.1276
ENSG00000121060,TRIM25,3.3733,3.6979,4.4381,4.4777,4.1627,3.959,3.9847
ENSG00000121064,SCPEP1,-1.1779,-0.95291,-0.38968,-0.60392,-0.92899,-0.95047,-0.6349
ENSG00000121067,SPOP,2.7482,2.9359,3.5226,3.6355,3.3471,2.9594,3.1108
ENSG00000121073,SLC35B1,3.1119,3.0838,3.1708,3.6977,3.256,3.1389,2.5357
ENSG00000121152,NCAPH,0.55977,1.292,2.1713,1.7336,0.93471,0.98902,-0.37807
ENSG00000121211,MND1,-0.74915,-0.75777,-0.84323,0.63303,-0.63293,-0.053692,0.23424
ENSG00000121390,PSPC1,-0.43347,0.37988,0.065286,0.54206,-0.53016,-0.81425,0.26402
ENSG00000121481,RNF2,0.76632,1.9204,1.5074,2.3891,2.2567,2.1453,1.238
ENSG00000121486,TRMT1L,1.6206,2.8932,0.84379,2.9964,2.1977,2.3194,1.3641
ENSG00000121542,SEC22A,2.8928,3.2854,4.1687,3.343,3.0283,3.3678,3.6521
ENSG00000121579,NAA50,3.1017,3.7133,4.0095,4.006,3.4748,2.0517,3.191
ENSG00000121644,DESI2,-0.13508,-0.16118,-0.23959,0.38334,-0.44136,-0.28569,-0.93977
ENSG00000121680,PEX16,0.055652,1.1698,2.1745,0.89078,2.1818,0.30752,2.0109
ENSG00000121749,TBC1D15,2.2021,2.5284,2.7795,2.5512,2.5876,2.6021,2.2894
ENSG00000121766,ZCCHC17,2.303,3.3093,2.7307,3.0246,2.5768,2.9437,2.4884
ENSG00000121774,KHDRBS1,2.9856,3.1471,3.3634,3.5669,2.1421,2.7718,2.4239
ENSG00000121851,POLR3GL,0.71447,0.34327,2.6157,2.2345,0.9071,2.6599,2.7915
ENSG00000121864,ZNF639,2.7756,3.2833,3.6659,3.8619,3.2782,3.0444,3.1883
ENSG00000121892,PDS5A,2.7927,3.0476,3.1467,3.5647,2.9766,2.866,2.6338
ENSG00000121900,TMEM54,3.3949,2.9026,4.2016,4.2406,2.0068,3.4877,4.0073
ENSG00000121931,LRIF1,1.7937,1.1996,0.27508,-0.49046,3.0113,2.295,0.94804
ENSG00000121940,CLCC1,0.82164,1.8911,1.8359,2.1717,1.6961,1.3443,1.3682
ENSG00000122026,RPL21,3.207,3.341,3.4727,3.627,3.5838,3.7741,2.9419
ENSG00000122033,MTIF3,2.0726,3.1868,3.7351,3.3033,2.8239,3.2868,3.0517
ENSG00000122034,GTF3A,4.0026,3.8455,4.8178,4.5394,4.0235,3.8695,4.0457
ENSG00000122068,FYTTD1,1.682,2.1994,2.9501,2.6409,1.9865,1.7013,1.7533
ENSG00000122126,OCRL,-0.99573,-0.95244,-0.77683,0.11224,-0.46285,-1.4813,-0.37107
ENSG00000122140,MRPS2,4.307,4.5076,4.7031,4.8056,4.1545,4.4394,4.1975
ENSG00000122203,KIAA1191,1.6066,2.0035,2.3628,2.5003,1.9697,2.4878,1.7558
ENSG00000122218,COPA,2.5726,3.0038,3.3456,3.112,2.9998,3.5861,2.3709
ENSG00000122257,RBBP6,3.0642,3.6475,3.6416,3.5603,3.8343,3.0181,3.5688
ENSG00000122299,ZC3H7A,2.3491,2.5316,2.8953,2.6711,2.9472,2.4678,2.1583
ENSG00000122359,ANXA11,3.1903,2.8231,3.27,3.4596,3.0853,3.2699,2.1111
ENSG00000122376,FAM35A,-0.3562,0.13747,-0.85531,0.10678,0.51289,-0.51938,-0.13656
ENSG00000122390,NAA60,3.6691,4.1377,4.0093,4.1409,4.543,3.167,3.8663
ENSG00000122406,RPL5,2.6427,3.4026,3.1964,3.1028,2.9625,2.9345,2.3758
ENSG00000122482,ZNF644,-1.4948,-1.8808,-1.4279,-1.3638,-1.9903,-1.8917,-2.2335
ENSG00000122545,SEPT7,2.9355,3.6657,3.617,3.6044,2.9815,2.9718,3.0286
ENSG00000122557,HERPUD2,3.1284,3.2536,3.9427,2.8172,3.2596,2.8212,3.1336
ENSG00000122565,CBX3,1.7022,2.0902,1.9156,3.2796,1.415,1.9602,1.3433
ENSG00000122566,HNRNPA2B1,1.857,2.7076,2.1385,2.4775,1.2782,1.026,1.0871
ENSG00000122643,NT5C3A,2.52,2.7345,2.7707,3.0188,2.8798,2.8592,2.5073
ENSG00000122674,CCZ1,3.1771,4.1335,4.1361,4.3556,3.3873,3.6388,3.5098
ENSG00000122687,MRM2,3.1118,3.5099,3.4714,3.5443,3.1514,3.0625,3.1648
ENSG00000122692,SMU1,0.79375,1.4814,1.9038,2.6781,2.1944,1.4803,1.1295
ENSG00000122705,CLTA,2.1395,2.3766,1.6821,2.2941,2.2378,2.6094,1.9602
ENSG00000122729,ACO1,-0.012303,0.47659,-0.10174,-0.055013,0.073166,-0.11017,-0.10667
ENSG00000122779,TRIM24,2.6564,4.4075,2.3591,3.3027,4.0864,3.8371,3.502
ENSG00000122783,C7orf49,3.6382,3.7306,3.0461,4.1638,3.7334,3.3678,3.8308
ENSG00000122873,CISD1,3.3888,3.3884,3.2599,3.8847,3.393,2.834,2.7891
ENSG00000122882,ECD,3.1682,3.8352,3.6642,3.6828,3.2765,2.9323,2.5652
ENSG00000122952,ZWINT,3.1718,3.6107,3.4005,3.4494,2.7932,2.8798,2.7421
ENSG00000122958,VPS26A,1.9471,2.3523,2.31,2.671,2.9028,2.3121,1.084
ENSG00000123064,DDX54,3.2787,3.7228,3.6372,3.9593,3.2845,3.4788,3.4455
ENSG00000123066,MED13L,2.0073,1.4996,1.6682,2.7995,1.8026,2.2399,1.746
ENSG00000123091,RNF11,3.3994,4.0684,4.332,4.0314,4.0639,3.4056,3.7511
ENSG00000123106,CCDC91,1.0692,0.7508,-0.034308,-0.015836,-0.80791,-0.3995,-0.79801
ENSG00000123124,WWP1,2.3762,2.5826,2.8164,2.8726,2.8404,2.0454,2.8923
ENSG00000123130,ACOT9,3.0467,2.9631,2.4724,3.1478,1.5477,1.7552,0.76152
ENSG00000123131,PRDX4,1.35,1.3289,0.71259,1.7619,0.57218,1.1923,1.0782
ENSG00000123136,DDX39A,4.1508,4.7142,4.8958,5.2541,4.2787,4.4837,4.4125
ENSG00000123143,PKN1,1.1929,2.72,2.5497,2.7178,2.1455,2.2174,2.1934
ENSG00000123144,TRIR,4.0899,4.5399,4.6611,4.9652,4.6663,4.5249,4.5573
ENSG00000123154,WDR83,1.5872,2.2116,1.6577,2.5496,1.7351,2.5435,2.2884
ENSG00000123159,GIPC1,3.9808,4.2009,4.3647,4.5641,4.2172,2.5397,4.0019
ENSG00000123179,EBPL,2.7602,2.8372,3.1449,2.4942,2.9744,2.0375,2.4359
ENSG00000123200,ZC3H13,3.1434,3.3692,3.6753,3.6537,3.0039,2.3635,2.6294
ENSG00000123213,NLN,2.7461,3.4209,2.8563,3.3786,2.3178,2.2912,2.7546
ENSG00000123219,CENPK,2.8881,3.0591,3.3625,3.139,2.591,2.5439,2.3587
ENSG00000123240,OPTN,0.93069,0.052604,0.8281,0.19256,0.60258,-0.1143,1.8141
ENSG00000123268,ATF1,3.2242,3.8046,3.7433,3.72,3.7624,3.507,3.5597
ENSG00000123297,TSFM,3.1855,3.4602,3.4725,3.6108,3.2633,2.9363,3.4898
ENSG00000123349,PFDN5,2.6589,2.47,2.7814,2.6479,1.3333,3.1968,2.5863
ENSG00000123352,SPATS2,-1.1469,-1.5785,-1.3276,-1.305,-1.4882,-0.82377,-0.80222
ENSG00000123353,ORMDL2,3.1315,2.9049,3.3086,2.5005,1.6591,2.7228,2.7233
ENSG00000123374,CDK2,3.4879,3.4791,4.1844,4.3578,3.3497,3.6719,3.3653
ENSG00000123395,ATG101,3.7608,3.8652,3.8123,4.0784,3.5605,3.7516,3.7383
ENSG00000123416,TUBA1B,1.7275,2.1557,1.9885,2.2572,1.0868,1.3894,1.1424
ENSG00000123472,ATPAF1,2.3596,3.1019,2.7467,3.3448,3.3502,2.6723,1.5472
ENSG00000123485,HJURP,4.0951,3.9521,4.5937,4.093,3.1474,3.2998,3.356
ENSG00000123505,AMD1,3.3428,3.7772,3.6616,4.0482,3.4239,2.5728,1.9855
ENSG00000123545,NDUFAF4,3.5134,4.1929,3.8877,4.3277,3.9996,4.0905,2.938
ENSG00000123562,MORF4L2,4.3842,5.1702,5.2023,4.7229,4.6342,4.218,4.7397
ENSG00000123575,FAM199X,-0.28621,-0.97499,0.28211,0.99261,0.4273,-0.42416,0.66372
ENSG00000123595,RAB9A,3.558,3.5989,3.2026,3.8983,3.477,3.2846,3.6133
ENSG00000123607,TTC21B,0.21071,-0.29081,-1.3314,2.014,0.32232,-1.4802,-1.4234
ENSG00000123684,LPGAT1,1.5447,1.9203,1.1611,2.1515,1.9037,1.6993,1.0267
ENSG00000123728,RAP2C,1.3794,1.2798,1.8957,2.0841,1.9129,1.2766,1.8908
ENSG00000123737,EXOSC9,0.6943,1.258,0.13779,1.789,1.1428,0.83016,-0.83185
ENSG00000123739,PLA2G12A,2.4436,3.7439,3.5095,4.0787,3.6041,3.9917,2.6547
ENSG00000123815,COQ8B,3.1858,3.659,2.6261,2.9862,2.2623,2.5066,2.728
ENSG00000123908,AGO2,-1.0181,-1.1393,-1.7598,-1.1145,-1.2972,-1.9293,-1.8931
ENSG00000123933,MXD4,2.0092,3.2029,2.7599,1.6602,3.5284,2.0155,2.7568
ENSG00000123975,CKS2,3.2929,2.9783,3.6568,3.5533,2.5757,2.6897,2.7656
ENSG00000123983,ACSL3,3.1046,3.1083,3.5914,3.5816,3.6971,3.0882,2.6517
ENSG00000123989,CHPF,3.6626,4.7551,4.7704,5.3924,5.3877,3.9732,4.4013
ENSG00000123992,DNPEP,2.4233,2.9565,2.7392,2.6378,3.0471,1.8927,2.6941
ENSG00000124074,ENKD1,1.5833,1.1343,2.8719,2.1376,3.3392,1.9484,2.0493
ENSG00000124098,FAM210B,0.31979,2.1251,2.7515,1.0866,3.2765,2.623,2.5849
ENSG00000124145,SDC4,2.1544,2.548,1.2881,2.9212,1.9964,1.9387,2.1563
ENSG00000124151,NCOA3,3.0242,0.1422,-0.21269,1.5941,1.3321,2.3422,2.9949
ENSG00000124155,PIGT,0.97857,1.5611,0.47656,1.2814,1.0608,0.73083,0.47362
ENSG00000124160,NCOA5,3.0,3.4956,3.3695,3.5995,3.857,2.7857,3.3769
ENSG00000124164,VAPB,1.6044,2.3323,2.3442,2.164,2.1755,1.7625,2.5225
ENSG00000124172,ATP5E,1.165,0.6996,1.9913,1.697,1.3006,1.386,1.6619
ENSG00000124177,CHD6,-1.2178,-0.3767,-0.40212,-0.69193,-1.0041,0.52376,-0.31878
ENSG00000124181,PLCG1,2.491,3.6236,3.8024,2.8966,3.4635,2.5242,3.0514
ENSG00000124193,SRSF6,3.4872,2.977,2.9375,4.8391,3.6828,1.9748,2.9675
ENSG00000124198,ARFGEF2,1.2469,0.51792,1.2436,1.8631,1.4919,0.97631,1.0035
ENSG00000124207,CSE1L,2.6632,3.3823,2.4559,3.2348,2.9552,1.9457,1.9246
ENSG00000124209,RAB22A,3.2994,3.2047,4.053,3.4096,3.2782,3.0608,3.6725
ENSG00000124214,STAU1,3.9227,4.3704,4.5535,4.5633,4.7223,4.0385,3.8259
ENSG00000124226,RNF114,3.378,3.9902,4.3425,3.8707,4.4333,3.7413,4.156
ENSG00000124228,DDX27,-0.35468,1.4674,1.3579,0.47718,0.83698,0.11573,0.22142
ENSG00000124275,MTRR,1.924,2.7964,2.9641,2.9823,3.1267,2.1329,2.44
ENSG00000124279,FASTKD3,0.4956,1.4453,0.32646,2.8246,0.96619,0.22918,-0.67855
ENSG00000124299,PEPD,0.46657,0.59434,1.1241,0.70927,1.2396,0.013023,-0.20357
ENSG00000124333,VAMP7,1.2844,1.4005,1.7006,2.7859,1.6012,0.65355,2.0095
ENSG00000124356,STAMBP,-0.72143,0.01126,-0.84037,-1.2923,-0.52512,0.15635,-0.9979
ENSG00000124357,NAGK,2.5408,1.1477,2.5781,2.4701,2.0315,1.7421,2.6785
ENSG00000124370,MCEE,2.402,2.3204,2.7833,2.117,2.8531,3.0317,2.1494
ENSG00000124380,SNRNP27,-0.23829,0.20559,0.42609,-0.34213,-0.19574,0.773,0.60407
ENSG00000124383,MPHOSPH10,1.5791,2.4244,2.3976,2.9641,2.6877,2.0468,1.9475
ENSG00000124422,USP22,3.8891,4.4501,4.567,4.4187,4.3011,3.9124,3.4459
ENSG00000124486,USP9X,3.5167,4.1195,3.4236,3.6228,3.2112,2.497,3.0065
ENSG00000124523,SIRT5,0.22589,1.8143,1.2682,2.2971,0.82075,1.2005,1.4185
ENSG00000124532,MRS2,0.7897,2.0252,1.2327,2.8991,2.0643,1.677,0.5502
ENSG00000124535,WRNIP1,1.8888,2.4775,3.2503,3.5918,2.8532,3.0884,2.2482
ENSG00000124541,RRP36,3.9735,4.4076,4.1934,4.5186,4.0544,4.2334,3.369
ENSG00000124562,SNRPC,1.6769,1.6842,1.9124,2.1904,1.5272,1.9562,1.3146
ENSG00000124570,SERPINB6,2.7859,2.4262,3.5932,2.6237,2.4569,3.0562,2.0219
ENSG00000124571,XPO5,2.4296,3.3711,1.9517,2.8302,3.1428,2.6914,2.7311
ENSG00000124587,PEX6,-2.0533,-1.1946,-0.98079,-2.6084,-2.3683,-1.6559,-1.7382
ENSG00000124588,NQO2,-0.10199,0.057654,-0.395,0.2099,-0.37159,0.81101,-0.62424
ENSG00000124593,AL365205.1,0.90371,0.8052,0.55798,1.7607,1.1878,0.42812,0.12285
ENSG00000124596,OARD1,2.4246,3.0638,3.188,3.0816,3.0247,3.2143,2.3535
ENSG00000124614,RPS10,1.529,1.8326,1.859,1.7892,1.582,1.2261,1.2629
ENSG00000124641,MED20,0.58553,-0.23343,-0.25837,0.45994,-2.0711,-2.1397,-1.6014
ENSG00000124659,TBCC,3.5999,4.2477,4.1989,4.2475,4.2043,3.9571,3.9085
ENSG00000124688,MAD2L1BP,3.7114,4.1959,3.965,4.4018,4.2593,3.9818,3.637
ENSG00000124702,KLHDC3,2.2314,3.7035,3.4918,3.2363,2.8395,3.6011,2.7948
ENSG00000124733,MEA1,3.8676,4.6609,4.1856,4.5755,4.3346,4.3896,4.0974
ENSG00000124762,CDKN1A,0.97375,2.1667,3.6959,2.8895,1.9964,1.3896,1.7706
ENSG00000124767,GLO1,3.5119,4.3478,4.4828,4.3955,3.5831,4.1572,3.6734
ENSG00000124782,RREB1,1.0198,2.4782,2.0295,2.5895,2.7627,2.9082,2.8519
ENSG00000124783,SSR1,2.3094,2.5294,2.8238,2.7495,2.9955,2.6978,2.1499
ENSG00000124784,RIOK1,0.53769,1.6601,1.8073,2.2595,2.1436,1.4224,1.208
ENSG00000124786,SLC35B3,2.8973,2.919,3.2628,3.0745,3.2223,3.2288,3.3917
ENSG00000124787,RPP40,1.8566,2.428,2.8946,3.5205,2.9378,2.6373,2.5524
ENSG00000124789,NUP153,2.9348,3.3556,3.3119,3.1757,3.1661,2.9252,2.7355
ENSG00000124795,DEK,2.1234,3.0736,2.7504,2.9807,2.9165,2.8639,2.2723
ENSG00000124802,EEF1E1,2.8429,3.3778,3.3975,3.8349,3.7798,3.5436,2.9506
ENSG00000124831,LRRFIP1,-1.2089,-0.97732,-0.89828,-0.85262,-0.38985,-0.50294,-1.2223
ENSG00000124942,AHNAK,2.4352,-0.16204,2.9373,3.1434,0.52328,2.7598,1.9402
ENSG00000125037,EMC3,1.8913,2.3095,2.2639,2.1858,0.77566,1.8435,1.2017
ENSG00000125107,CNOT1,2.0315,2.3799,3.173,2.7417,3.4121,0.98616,0.83695
ENSG00000125124,BBS2,0.39425,0.8723,1.6046,1.593,1.4022,1.303,-0.43627
ENSG00000125148,MT2A,3.8137,2.2133,4.9935,5.0587,4.2468,4.6205,2.2182
ENSG00000125149,C16orf70,2.8376,2.5384,3.3433,3.3299,3.7916,2.8009,3.058
ENSG00000125166,GOT2,4.4607,4.6786,4.725,4.7788,4.4872,4.2861,3.804
ENSG00000125170,DOK4,2.9279,2.7114,2.7369,1.2808,3.1273,2.1574,2.2465
ENSG00000125257,ABCC4,-0.23219,-0.25094,0.11158,1.4116,-0.30652,0.23469,0.67953
ENSG00000125304,TM9SF2,1.2071,1.2374,2.0564,1.7181,2.0564,0.55676,0.26133
ENSG00000125351,UPF3B,-1.2158,0.53126,1.3698,-0.48624,-0.46165,0.28679,-0.52237
ENSG00000125352,RNF113A,3.8611,3.5942,4.2362,3.6027,3.9947,4.1264,4.1621
ENSG00000125356,NDUFA1,2.0438,0.84288,1.4935,2.1878,1.5328,1.6905,1.5342
ENSG00000125375,ATP5S,0.78916,1.2189,1.0969,0.81837,0.67318,-0.099282,0.85381
ENSG00000125445,MRPS7,3.9133,4.0806,3.4201,4.3813,3.5023,3.4618,3.3313
ENSG00000125449,ARMC7,3.3858,3.7585,3.6295,4.2561,3.6211,3.6576,3.685
ENSG00000125450,NUP85,1.6145,0.8461,1.4689,1.7783,0.47606,0.64801,-0.54332
ENSG00000125454,SLC25A19,3.017,3.4398,3.3892,3.7575,3.0681,2.9653,3.0175
ENSG00000125457,MIF4GD,1.9559,2.6944,2.5491,2.5514,2.5105,2.5086,2.3234
ENSG00000125458,NT5C,3.6813,3.1568,3.1084,3.2288,1.5696,2.8772,2.0162
ENSG00000125459,MSTO1,-0.41826,0.43054,0.16371,0.14737,0.18517,1.4822,-0.81662
ENSG00000125484,GTF3C4,3.4186,3.852,3.9051,3.902,3.5259,2.8636,3.4377
ENSG00000125503,PPP1R12C,3.5549,3.4052,3.6266,3.9368,3.144,3.9793,2.9814
ENSG00000125520,SLC2A4RG,2.6224,2.2738,2.0795,3.0078,2.6132,2.1305,1.4734
ENSG00000125534,PPDPF,3.1771,3.5673,3.9098,3.6989,2.3858,3.4564,3.5859
ENSG00000125611,CHCHD5,3.1514,3.2667,2.8393,3.6249,2.7949,2.9144,2.9223
ENSG00000125629,INSIG2,1.4802,2.134,2.7125,2.2067,3.0014,1.1625,1.5732
ENSG00000125648,SLC25A23,2.8367,3.6036,3.555,3.98,3.2286,3.4138,3.2598
ENSG00000125651,GTF2F1,3.4473,3.9618,4.2524,4.4628,3.7004,3.3807,3.2907
ENSG00000125652,ALKBH7,3.3138,3.7737,3.5346,4.0427,2.8931,3.0409,1.7179
ENSG00000125656,CLPP,2.892,3.729,3.5631,3.865,3.3429,2.8465,2.9094
ENSG00000125676,THOC2,0.28269,-0.61488,0.03407,1.0663,-0.0060756,0.28373,-0.40714
ENSG00000125686,MED1,-1.0833,-0.68162,-0.52496,0.19871,-0.69493,-0.62744,-1.1778
ENSG00000125691,RPL23,3.3841,2.3607,2.3703,3.6772,3.4454,2.6416,1.489
ENSG00000125703,ATG4C,-0.73075,-1.2424,-1.2456,-1.1937,-1.5171,-0.72574,-0.21936
ENSG00000125733,TRIP10,2.3183,2.4984,2.6443,3.2376,2.1467,2.8751,1.2737
ENSG00000125734,GPR108,1.5869,1.9073,1.2576,1.1329,2.1846,1.4,2.1763
ENSG00000125741,OPA3,2.4751,2.6067,2.7922,2.6274,2.0694,2.5054,2.5212
ENSG00000125743,SNRPD2,3.4431,3.466,3.6915,3.7965,3.1791,3.4592,3.0052
ENSG00000125753,VASP,2.5599,2.9855,3.1902,2.5947,1.7681,2.9697,0.27235
ENSG00000125755,SYMPK,3.162,3.1142,3.1309,3.7131,3.2042,2.2637,2.7418
ENSG00000125817,CENPB,5.0633,4.8526,5.1591,5.0627,4.8768,4.3505,5.0741
ENSG00000125818,PSMF1,1.5218,0.16799,1.0484,1.7267,1.8636,1.4949,0.77456
ENSG00000125821,DTD1,3.6578,4.2605,4.0339,4.2477,3.8383,3.3893,3.5373
ENSG00000125826,RBCK1,3.3736,3.0526,3.3077,3.4109,3.9032,3.6176,2.3175
ENSG00000125827,TMX4,2.0993,2.7004,2.6361,2.392,2.8927,2.6064,2.5353
ENSG00000125834,STK35,-0.51868,-0.52007,-0.73515,0.66483,-0.46999,-0.41485,-0.23087
ENSG00000125835,SNRPB,2.6153,2.8444,2.5356,3.017,2.9316,2.1592,1.4669
ENSG00000125863,MKKS,3.2509,3.3872,2.8993,3.4065,3.483,3.0967,2.7046
ENSG00000125868,DSTN,1.2325,0.53225,0.0083803,1.4014,0.77494,-0.1931,-0.6272
ENSG00000125870,SNRPB2,1.8455,2.2913,1.75,2.7041,2.3536,1.7805,1.228
ENSG00000125871,MGME1,3.5266,4.0198,3.762,4.3535,3.8954,3.6655,3.4979
ENSG00000125877,ITPA,-0.37468,1.0395,0.62743,2.3949,0.75593,0.89062,-0.4094
ENSG00000125901,MRPS26,4.2543,4.5435,4.158,4.8797,4.3988,4.1332,3.6438
ENSG00000125912,NCLN,3.9537,4.48,4.5515,4.5182,4.5623,3.6948,3.4452
ENSG00000125944,HNRNPR,3.0641,4.2322,3.924,3.657,3.2714,2.8873,2.5157
ENSG00000125952,MAX,-0.7452,-1.5037,-1.9365,-1.3987,-1.6444,-1.7413,-1.9747
ENSG00000125967,NECAB3,3.0475,3.0204,3.3964,3.6901,3.6193,3.3548,2.5957
ENSG00000125968,ID1,3.9399,3.8909,3.7771,4.4736,4.3918,3.5635,3.7692
ENSG00000125970,RALY,1.2251,2.1128,1.5707,1.5997,1.7827,0.64361,-0.080088
ENSG00000125971,DYNLRB1,3.9192,4.1661,4.706,4.6274,4.5528,4.3755,4.2368
ENSG00000125977,EIF2S2,3.6147,4.2226,4.5254,4.2782,4.0605,4.4883,3.5652
ENSG00000125991,ERGIC3,1.4913,0.72651,0.9027,1.2733,1.2852,1.3919,1.4281
ENSG00000125995,ROMO1,2.3634,2.9559,2.9463,2.5124,2.907,2.6071,2.5655
ENSG00000126001,CEP250,2.124,2.7795,2.6264,2.8523,2.7946,2.8624,2.711
ENSG00000126003,PLAGL2,1.9346,2.502,-0.63061,2.1121,2.5473,-1.7191,1.338
ENSG00000126012,KDM5C,3.0563,3.5155,3.2194,2.9625,3.0725,2.8468,2.7654
ENSG00000126062,TMEM115,4.1401,4.4723,4.6169,4.6259,4.4384,4.1246,4.7075
ENSG00000126067,PSMB2,0.59681,1.3081,2.0315,1.9308,1.5961,0.65714,0.041158
ENSG00000126088,UROD,0.94542,1.641,1.9199,1.5491,1.2838,2.6246,0.095776
ENSG00000126107,HECTD3,2.1835,2.5735,2.8632,2.9134,2.4212,2.344,2.155
ENSG00000126214,KLC1,1.5803,1.3133,2.8989,1.3196,1.2514,-0.14549,1.0444
ENSG00000126216,TUBGCP3,-1.7755,-1.9253,-1.5491,-1.6711,-2.0758,-2.6969,-1.9942
ENSG00000126226,PCID2,2.7807,3.5033,3.7731,3.7306,3.6643,3.0231,2.5753
ENSG00000126247,CAPNS1,3.568,3.3651,3.4445,3.8974,3.0203,2.8831,2.9748
ENSG00000126249,PDCD2L,3.1988,3.3585,3.4803,3.9564,3.3261,3.8406,3.0628
ENSG00000126254,RBM42,1.2059,0.021164,1.136,1.3187,0.57638,0.29669,0.21439
ENSG00000126261,UBA2,2.8874,3.2213,2.7314,3.2874,3.0626,3.2566,2.0562
ENSG00000126267,COX6B1,1.8041,1.7856,1.7553,2.0847,1.8013,2.0691,1.6099
ENSG00000126368,NR1D1,-0.08723,-0.026959,0.98986,1.9587,-0.24883,-0.68185,0.40327
ENSG00000126391,FRMD8,2.6016,2.9413,3.3675,2.9641,2.8246,2.3878,2.8057
ENSG00000126432,PRDX5,0.4663,0.71646,0.87068,1.1504,0.63721,1.3193,0.85032
ENSG00000126453,BCL2L12,2.9239,2.2416,2.124,2.5996,1.2532,2.6964,1.1704
ENSG00000126456,IRF3,2.2382,2.5034,3.0414,3.2508,2.655,2.6576,2.017
ENSG00000126457,PRMT1,1.7956,2.1657,2.1372,2.478,1.9466,0.81056,1.537
ENSG00000126458,RRAS,2.8596,2.7282,3.7223,3.3907,1.1582,2.8792,2.3806
ENSG00000126461,SCAF1,4.2069,4.3787,4.6451,4.6511,4.1323,3.8811,4.2625
ENSG00000126464,PRR12,1.1973,2.4452,1.4728,1.7326,0.31364,1.492,0.77698
ENSG00000126522,ASL,1.9709,1.2334,1.6021,3.006,1.8831,1.1309,0.78794
ENSG00000126524,SBDS,2.0975,2.2689,2.2492,3.0465,2.5414,1.5935,1.6975
ENSG00000126581,BECN1,2.3935,1.6228,2.6055,2.8538,2.5043,2.2287,2.0247
ENSG00000126602,TRAP1,2.3096,2.3517,2.546,3.3746,2.392,2.7175,2.0398
ENSG00000126698,DNAJC8,3.2884,4.3406,4.1976,4.2934,3.9428,4.0205,3.4492
ENSG00000126705,AHDC1,-0.44502,1.258,0.59947,1.2923,-0.17923,-0.043297,0.43801
ENSG00000126746,ZNF384,2.8544,3.0388,3.1433,3.8274,3.3347,3.105,2.8508
ENSG00000126749,EMG1,3.4743,3.6725,4.1277,4.1504,3.9255,2.6687,3.0808
ENSG00000126756,UXT,0.79883,0.31632,0.92335,0.78389,0.043666,1.6201,0.07871
ENSG00000126768,TIMM17B,-0.65353,-0.72077,-0.91413,-0.59561,-0.37861,-0.65966,-0.20294
ENSG00000126777,KTN1,-0.12343,0.15546,0.51766,-0.11664,0.074503,0.042376,-0.044965
ENSG00000126787,DLGAP5,-1.0729,-0.32258,-0.064913,0.46335,-1.2551,-1.0257,-1.1038
ENSG00000126804,ZBTB1,3.4623,3.4093,3.5896,3.618,3.8437,2.6866,3.5978
ENSG00000126814,TRMT5,3.0206,3.2681,3.6154,3.3666,2.7511,3.1332,2.9661
ENSG00000126821,SGPP1,-0.45793,-0.30457,0.082205,0.5392,-0.71707,-0.19073,-0.4145
ENSG00000126858,RHOT1,-0.65238,-1.614,-1.4013,-1.4712,-2.0081,-0.29047,-2.1887
ENSG00000126883,NUP214,-0.078239,1.2157,0.12998,0.4471,0.49472,-0.040779,-0.24642
ENSG00000126903,SLC10A3,3.8743,3.6408,3.7988,4.0865,3.6935,3.2124,3.9828
ENSG00000126934,MAP2K2,1.7946,2.6944,2.8979,2.6986,2.3428,2.6388,2.0728
ENSG00000126945,HNRNPH2,3.721,4.3501,4.6042,4.3409,4.0743,3.3429,4.1888
ENSG00000126953,TIMM8A,3.6647,3.7809,4.2907,4.1492,3.2598,3.1488,3.2742
ENSG00000127022,CANX,1.0089,2.1086,1.4039,1.8846,0.90537,1.4263,1.306
ENSG00000127054,INTS11,2.5761,2.9163,3.2401,3.5063,2.8418,2.8086,1.8319
ENSG00000127080,IPPK,0.59294,2.4127,0.82883,2.8743,1.0415,-1.2202,0.69035
ENSG00000127125,PPCS,3.17,3.2994,3.8131,3.9462,3.1741,2.5371,3.3362
ENSG00000127184,COX7C,0.71897,0.91098,1.3038,1.2653,0.94662,0.73154,0.07562
ENSG00000127191,TRAF2,3.8291,3.9458,3.9662,3.6807,3.5078,3.4205,3.6307
ENSG00000127314,RAP1B,2.7291,2.974,3.2241,3.001,2.8343,2.6374,2.6255
ENSG00000127328,RAB3IP,1.3212,1.4812,1.7466,2.0416,1.962,1.7384,2.0117
ENSG00000127337,YEATS4,2.9609,3.4474,2.9569,3.4729,3.0844,3.3442,2.6058
ENSG00000127418,FGFRL1,1.8174,0.10767,2.4788,2.462,1.9327,2.2155,1.1855
ENSG00000127445,PIN1,1.0317,1.7489,2.2875,1.3832,0.44626,1.4213,0.16098
ENSG00000127463,EMC1,3.0619,3.6394,3.3919,3.9469,3.6175,2.7945,2.4683
ENSG00000127481,UBR4,-0.2211,0.27668,0.47134,0.84992,-0.36049,0.38956,-0.53019
ENSG00000127483,HP1BP3,2.7975,2.3376,3.0807,3.0841,2.7839,3.0168,2.4689
ENSG00000127540,UQCR11,3.4936,4.0597,3.9366,4.0919,3.7703,3.6789,3.0928
ENSG00000127554,GFER,2.0824,3.0072,2.3709,2.1392,2.6287,2.7799,1.3142
ENSG00000127564,PKMYT1,3.3719,3.5608,3.0683,4.0435,2.1486,3.1509,2.3998
ENSG00000127603,MACF1,-4.1239,-3.7404,-3.277,-3.8327,-4.2093,-3.5684,-4.3463
ENSG00000127774,EMC6,4.1233,4.1483,4.1029,4.2377,3.8861,3.7239,3.9497
ENSG00000127804,METTL16,0.37535,0.49642,0.49464,0.92312,0.0018957,0.8291,0.16946
ENSG00000127837,AAMP,1.33,1.06,0.95383,1.0885,0.98154,0.13523,0.907
ENSG00000127838,PNKD,3.5544,3.4639,3.8724,4.0104,3.916,3.1585,3.4246
ENSG00000127884,ECHS1,2.6216,2.6967,2.7514,3.074,3.4151,2.9669,2.9714
ENSG00000127922,SEM1,1.5826,1.6631,1.1675,1.9789,0.98306,1.4692,0.52132
ENSG00000127947,PTPN12,3.7392,3.9947,4.1703,3.8216,4.0552,3.2854,3.5136
ENSG00000127948,POR,3.836,4.2683,3.2588,4.1826,5.0249,4.0909,4.1732
ENSG00000127952,STYXL1,-0.09864,0.89769,0.67413,0.15092,0.44488,1.185,0.33517
ENSG00000128016,ZFP36,3.5408,3.1612,4.0705,4.2564,3.0761,3.1149,4.2127
ENSG00000128039,SRD5A3,2.5122,3.0493,2.8149,2.7978,2.5906,2.8646,2.6633
ENSG00000128050,PAICS,2.3096,2.8609,2.5561,3.2377,2.2002,2.7442,1.8795
ENSG00000128059,PPAT,1.7288,2.4016,2.0773,2.5447,1.3481,2.2866,0.13974
ENSG00000128185,DGCR6L,3.566,3.9706,3.3928,4.1963,3.3898,3.9299,3.9318
ENSG00000128228,SDF2L1,3.5707,4.2734,3.685,4.6502,3.9897,4.9539,4.0925
ENSG00000128245,YWHAH,4.1463,4.9233,4.7033,5.0163,4.6211,4.285,4.3446
ENSG00000128272,ATF4,2.5698,3.7187,3.7173,3.8033,2.8098,3.2612,2.2847
ENSG00000128283,CDC42EP1,3.5317,3.4846,4.1147,4.8775,4.6372,3.9464,2.9868
ENSG00000128294,TPST2,2.1712,3.7837,3.3212,2.8096,2.6813,3.402,2.0012
ENSG00000128309,MPST,4.0244,4.4148,4.0593,4.3647,4.4256,3.516,3.9543
ENSG00000128311,TST,3.7461,3.6519,3.3874,3.7364,3.8636,2.8826,4.2716
ENSG00000128463,EMC4,3.7181,3.4604,3.6937,3.9743,3.1219,3.1468,3.1672
ENSG00000128513,POT1,0.43869,1.1549,1.2672,1.8891,0.45925,2.4927,1.429
ENSG00000128524,ATP6V1F,4.0224,4.2705,3.7099,4.8269,4.1504,4.9241,4.0345
ENSG00000128534,LSM8,1.8581,2.8111,3.003,2.7202,2.0263,3.9536,2.5613
ENSG00000128585,MKLN1,2.9086,3.3461,2.9803,3.3919,3.4271,3.109,2.653
ENSG00000128590,DNAJB9,3.4132,3.4692,3.2739,3.4042,3.8401,3.9275,3.5061
ENSG00000128595,CALU,3.5114,4.0671,4.1751,3.7512,4.1652,3.7885,2.9591
ENSG00000128607,KLHDC10,0.36918,-0.69872,1.6759,-0.16821,0.7168,0.96254,-0.30825
ENSG00000128609,NDUFA5,2.4842,2.8682,3.2497,3.2355,2.9629,3.488,1.6315
ENSG00000128626,MRPS12,4.3772,4.3009,4.142,4.2964,3.5885,3.4923,3.8332
ENSG00000128654,MTX2,1.7156,2.0972,1.7218,1.7147,2.1113,1.7755,1.539
ENSG00000128699,ORMDL1,0.66387,1.4638,1.99,1.8874,0.98643,1.6821,0.64262
ENSG00000128708,HAT1,0.063179,0.25181,0.89247,1.3862,0.39843,1.2727,0.074212
ENSG00000128789,PSMG2,-0.92133,-0.76547,-0.25824,-0.31012,-0.21337,-0.57376,-1.1167
ENSG00000128829,EIF2AK4,0.56231,2.0239,2.0086,2.0463,1.0933,1.4617,-0.081893
ENSG00000128908,INO80,1.568,2.1489,1.2655,3.103,2.4832,2.043,0.99178
ENSG00000128944,KNSTRN,3.2858,3.8831,3.9311,3.7934,3.4296,3.6184,3.1882
ENSG00000128951,DUT,0.89114,-0.34518,-0.12872,0.17697,0.28391,-0.24553,-0.13115
ENSG00000128973,CLN6,2.8544,3.1452,2.392,3.3205,2.5734,1.2752,2.0403
ENSG00000128989,ARPP19,1.5203,3.2802,3.3671,3.145,3.2285,3.1554,2.752
ENSG00000129055,ANAPC13,1.2437,-0.41452,1.0435,1.3683,-0.53808,-1.1087,-0.77589
ENSG00000129083,COPB1,2.2958,1.9407,2.3097,2.4447,1.8776,2.2569,1.3305
ENSG00000129084,PSMA1,1.4478,1.4031,1.6035,2.3047,0.99441,2.1159,1.1895
ENSG00000129103,SUMF2,3.4205,3.4494,4.1977,4.0652,3.8683,3.2425,2.9566
ENSG00000129128,SPCS3,1.043,1.6252,1.8727,2.4942,1.3671,2.0028,1.1375
ENSG00000129158,SERGEF,1.8392,2.8102,2.4884,0.82958,1.7116,2.3264,2.0084
ENSG00000129187,DCTD,1.6235,2.6316,2.9848,3.1461,2.9314,2.0475,0.054286
ENSG00000129197,RPAIN,0.7605,0.51698,0.55804,1.4495,1.5288,-0.38399,-0.71253
ENSG00000129235,TXNDC17,1.8054,1.3426,0.49929,1.2604,0.70805,0.39845,0.34639
ENSG00000129245,FXR2,1.3481,2.3095,1.9026,2.4554,1.2045,2.2321,1.2516
ENSG00000129250,KIF1C,4.0048,4.3309,4.299,4.6053,4.6161,3.0576,3.5684
ENSG00000129255,MPDU1,3.2319,3.4639,2.9588,3.224,3.3044,2.9451,2.0631
ENSG00000129315,CCNT1,1.7701,1.1568,1.5497,2.384,0.79992,-0.15545,0.96918
ENSG00000129347,KRI1,0.28584,2.7547,2.2305,3.1483,1.3371,1.5716,2.8043
ENSG00000129351,ILF3,3.6288,4.4891,4.1347,4.201,4.3829,3.6608,3.8126
ENSG00000129460,NGDN,1.5426,1.0137,0.55347,1.1506,0.95129,-0.13467,-0.25093
ENSG00000129473,BCL2L2,-0.067708,-0.53972,0.0044518,0.49312,0.15725,0.53607,-1.0682
ENSG00000129480,DTD2,-0.56656,-0.54837,0.96818,0.057889,0.55283,0.98754,-1.4131
ENSG00000129484,PARP2,1.0194,-1.0713,-0.43978,-0.80106,-0.82221,-1.0763,-0.45563
ENSG00000129493,HEATR5A,-1.7826,-2.0031,-1.3583,-1.5079,-1.7732,-1.6547,-2.247
ENSG00000129515,SNX6,0.59134,1.2857,1.5143,1.3148,1.5335,0.43163,0.4999
ENSG00000129518,EAPP,3.6574,3.8167,4.0503,3.9435,4.1354,3.5022,3.7886
ENSG00000129534,MIS18BP1,2.6762,2.9767,3.198,2.8233,2.1594,2.2072,2.7543
ENSG00000129559,NEDD8,3.0304,2.9379,3.4678,3.1987,2.4732,2.2196,2.4558
ENSG00000129562,DAD1,2.9614,2.5013,3.3874,3.5588,3.0555,2.8976,2.7871
ENSG00000129625,REEP5,3.1148,3.1123,3.4139,3.677,3.5946,2.9969,2.9164
ENSG00000129636,ITFG1,-0.41301,-0.11124,0.11679,-0.26511,0.093353,-0.33593,-0.7284
ENSG00000129657,SEC14L1,2.4936,3.3753,4.1615,3.1652,2.6241,3.0835,2.9949
ENSG00000129691,ASH2L,2.6366,3.4354,3.4851,3.7429,3.2734,3.4771,2.4152
ENSG00000129911,KLF16,2.6665,3.2365,3.2209,3.0323,2.701,2.4105,1.915
ENSG00000129925,TMEM8A,4.0722,4.6715,4.5365,4.0016,4.8401,4.4658,4.083
ENSG00000129932,DOHH,3.0433,3.5886,3.2656,3.9154,3.6408,3.2389,2.8475
ENSG00000129968,ABHD17A,3.3504,4.0898,4.4432,4.6619,3.8604,4.1445,3.3028
ENSG00000130005,GAMT,2.3088,1.9577,1.7018,3.1622,3.1551,1.8328,0.17818
ENSG00000130021,PUDP,3.1571,3.5216,3.1975,3.6565,3.4433,2.9739,3.5052
ENSG00000130024,PHF10,-1.5641,-0.50628,-0.55688,-0.62539,-0.8466,-1.4088,-1.5886
ENSG00000130066,SAT1,1.7467,1.6758,2.7621,2.9272,2.3822,1.9433,1.3823
ENSG00000130150,MOSPD2,-2.5282,-1.7014,-2.1978,-2.6984,-2.3136,-1.9342,-2.5797
ENSG00000130159,ECSIT,3.2745,3.6439,4.0134,3.5364,3.701,3.7314,3.0521
ENSG00000130164,LDLR,3.8393,4.3702,4.538,4.4295,4.2434,4.2392,2.7996
ENSG00000130165,ELOF1,2.533,3.6842,3.7823,3.7399,2.3744,3.6442,2.5904
ENSG00000130175,PRKCSH,2.2326,2.2122,1.8348,2.3579,1.6107,2.3931,1.2712
ENSG00000130177,CDC16,3.0704,3.6993,3.7815,3.8989,3.4862,3.727,3.2936
ENSG00000130193,THEM6,3.4611,2.1479,3.8986,3.5329,2.8874,2.7102,3.477
ENSG00000130202,NECTIN2,4.2078,4.3171,4.4995,4.6473,4.6406,4.1774,4.4513
ENSG00000130204,TOMM40,3.9441,4.2156,3.5244,4.5504,3.95,3.9006,3.0787
ENSG00000130227,XPO7,2.7799,3.0478,3.0864,3.1255,2.8276,2.5002,2.5206
ENSG00000130254,SAFB2,-0.35031,2.6403,2.8601,2.6426,2.1352,2.4884,2.5253
ENSG00000130255,RPL36,3.8141,4.0812,4.093,3.855,3.6484,3.9487,3.7215
ENSG00000130299,GTPBP3,3.206,3.7442,3.6458,3.8677,3.7264,3.3433,3.1257
ENSG00000130305,NSUN5,0.4932,2.0362,1.5857,1.4686,0.94709,1.7724,0.32835
ENSG00000130309,COLGALT1,3.7406,3.3738,4.5358,4.3457,4.2992,3.4767,3.0401
ENSG00000130311,DDA1,3.9097,3.902,4.3068,4.1662,4.0991,3.5773,3.43
ENSG00000130312,MRPL34,3.8906,4.5244,4.514,4.8877,4.5327,4.4092,3.9723
ENSG00000130313,PGLS,4.0826,4.4365,4.6061,3.9507,4.4343,4.0484,3.9386
ENSG00000130332,LSM7,2.2353,3.1573,3.4563,3.2735,2.3131,3.4184,1.4926
ENSG00000130340,SNX9,1.9112,2.5249,2.8674,3.4503,2.6292,2.944,2.1252
ENSG00000130347,RTN4IP1,-0.89714,-0.030904,-0.19043,0.54353,0.44306,-0.34914,-0.094865
ENSG00000130348,QRSL1,2.9148,3.1366,2.5296,3.236,2.8166,2.6822,2.6874
ENSG00000130382,MLLT1,3.3842,4.1985,4.2639,4.4201,4.1988,3.5689,3.7517
ENSG00000130396,AFDN,-3.6663,-3.1617,-2.6886,-2.7489,-3.4742,-2.9994,-1.5015
ENSG00000130402,ACTN4,1.5058,2.546,2.3221,2.2429,1.1865,0.48991,0.98037
ENSG00000130414,NDUFA10,1.237,-0.79499,-0.35482,0.42027,-0.52418,-0.51015,-0.53113
ENSG00000130429,ARPC1B,3.2293,2.913,3.1161,3.6796,2.1445,3.247,2.609
ENSG00000130479,MAP1S,3.5519,4.8228,5.1228,4.6641,3.7782,4.1603,3.5344
ENSG00000130489,SCO2,3.8059,3.4206,3.9571,4.5648,4.022,3.7117,3.3421
ENSG00000130511,SSBP4,4.0945,3.5685,4.2467,4.2522,3.831,4.0389,3.8713
ENSG00000130513,GDF15,4.552,3.2421,5.367,5.486,5.8329,5.5186,5.3037
ENSG00000130520,LSM4,3.8805,4.7993,4.3843,4.8745,4.1244,4.3903,4.1019
ENSG00000130522,JUND,4.5314,5.0339,4.7552,5.4035,5.2382,4.8531,5.1973
ENSG00000130559,CAMSAP1,3.264,3.6337,3.5155,3.6536,3.0482,3.1047,3.3605
ENSG00000130560,UBAC1,3.8983,4.5432,4.3596,4.2228,3.7654,5.1631,4.3439
ENSG00000130638,ATXN10,1.3409,1.2853,1.197,1.3012,1.4113,-0.048317,0.67283
ENSG00000130640,TUBGCP2,2.4053,2.5292,2.8859,2.8816,2.002,2.7238,2.4095
ENSG00000130669,PAK4,3.6374,3.6177,3.9521,3.9771,3.0156,2.7244,3.668
ENSG00000130699,TAF4,-0.014044,1.5348,1.4782,0.88496,2.1656,0.7316,1.2019
ENSG00000130702,LAMA5,4.2681,2.9633,4.023,3.0954,3.8046,3.6189,3.1858
ENSG00000130703,OSBPL2,1.8586,2.7414,3.0239,3.16,2.7043,2.613,3.0739
ENSG00000130706,ADRM1,1.5211,1.6739,1.2481,2.9151,1.9784,1.2599,1.7907
ENSG00000130707,ASS1,-1.73,-0.43631,-0.66659,0.59397,0.4357,-0.96603,-0.73433
ENSG00000130713,EXOSC2,3.786,4.0723,4.2326,4.1037,3.4083,3.3928,3.5908
ENSG00000130723,PRRC2B,3.3261,3.7855,3.6212,3.4201,3.2248,3.4533,3.6321
ENSG00000130724,CHMP2A,0.74757,1.902,0.6023,0.036294,-0.64935,0.81736,0.056895
ENSG00000130725,UBE2M,2.6481,3.4374,2.4778,3.3021,2.0366,2.8345,1.4087
ENSG00000130726,TRIM28,3.8799,4.2857,4.2056,4.5044,3.4444,3.5086,2.6632
ENSG00000130731,METTL26,2.3811,2.4034,2.2851,1.9092,2.085,1.6126,1.7216
ENSG00000130733,YIPF2,1.4638,0.71394,1.6312,1.7562,1.7582,1.4654,1.3289
ENSG00000130734,ATG4D,2.5992,3.7079,2.9915,3.7827,3.0313,3.4951,2.9622
ENSG00000130741,EIF2S3,3.4797,4.1103,3.8017,3.6281,3.8562,4.0628,3.1761
ENSG00000130748,TMEM160,3.9317,4.2736,4.3431,4.1846,3.7505,3.7779,4.1044
ENSG00000130749,ZC3H4,2.8359,3.1645,2.9004,2.8932,2.7793,2.7759,3.1444
ENSG00000130764,LRRC47,3.066,3.7829,3.772,3.5272,3.717,3.1621,2.4463
ENSG00000130766,SESN2,-0.60792,-1.064,-1.0487,-1.2008,-1.2002,-0.94426,-0.84116
ENSG00000130770,ATPIF1,0.33056,-0.83715,0.096285,-0.46326,-0.67675,0.10881,-1.072
ENSG00000130772,MED18,1.947,1.8718,2.5897,2.9238,1.6937,2.2105,2.2839
ENSG00000130803,ZNF317,2.4613,2.6128,1.6755,2.6318,1.1948,2.2186,2.5655
ENSG00000130811,EIF3G,2.8459,2.8024,3.4381,3.2219,3.0164,3.0732,2.4031
ENSG00000130816,DNMT1,0.91753,2.8974,2.04,3.3007,1.9568,2.6962,2.5544
ENSG00000130826,DKC1,0.58585,0.23789,-0.15066,1.5391,0.82465,0.31827,-0.33413
ENSG00000130921,C12orf65,3.3512,3.1857,3.6943,4.0347,3.3198,3.6573,3.3166
ENSG00000130935,NOL11,3.4259,3.9417,3.8331,4.2577,3.7665,3.7279,3.1164
ENSG00000130939,UBE4B,2.2648,3.7508,2.8715,3.4762,3.1613,3.2643,3.2461
ENSG00000130956,HABP4,0.78833,1.3685,1.5036,2.079,1.3226,0.32555,-1.2619
ENSG00000130958,SLC35D2,3.3441,3.5868,4.2114,3.9962,4.9056,3.7838,3.4881
ENSG00000130985,UBA1,0.95452,2.0282,1.2355,1.4063,1.1543,-0.048946,-0.00080051
ENSG00000131013,PPIL4,0.21803,-0.091729,-0.58962,-0.038512,0.104,-0.34149,-0.82583
ENSG00000131023,LATS1,-1.1921,-0.56973,-0.024787,-0.73798,-0.48517,-1.3074,-0.86713
ENSG00000131043,AAR2,2.8714,3.882,3.5029,3.9041,3.8412,3.2981,2.7152
ENSG00000131051,RBM39,1.1198,0.29516,1.2366,0.71278,0.87119,0.80181,-0.18829
ENSG00000131100,ATP6V1E1,1.074,1.8213,0.92292,1.5041,1.302,0.87746,0.90004
ENSG00000131116,ZNF428,0.078816,-0.44688,-0.44343,0.12502,-0.41357,0.18093,-0.065516
ENSG00000131143,COX4I1,2.9626,3.1046,3.2558,3.517,2.8147,3.2261,2.5002
ENSG00000131148,EMC8,3.0205,3.3343,3.1898,3.9426,3.6461,3.1436,2.9824
ENSG00000131149,GSE1,2.401,3.1558,2.7452,3.5314,3.1441,2.1243,2.9884
ENSG00000131153,GINS2,3.0983,3.5302,2.9689,3.9008,2.7393,3.1903,3.2956
ENSG00000131165,CHMP1A,4.1915,4.2499,4.7574,4.8977,4.548,3.7914,4.5621
ENSG00000131171,SH3BGRL,-0.70635,-0.99003,-0.50641,-0.57868,-0.84422,-0.82048,-0.61164
ENSG00000131174,COX7B,1.1717,0.79509,0.61019,0.78678,0.33252,0.75248,-0.2031
ENSG00000131188,PRR7,4.2392,4.1205,4.592,4.6591,4.3776,3.55,4.5737
ENSG00000131236,CAP1,2.7096,3.3484,3.4828,3.6223,3.0607,2.8793,3.0773
ENSG00000131238,PPT1,1.6359,2.9647,2.5899,2.5098,2.5591,2.2144,1.7961
ENSG00000131263,RLIM,0.99195,-0.39294,-0.92119,1.2329,0.040826,0.52404,-0.3648
ENSG00000131368,MRPS25,3.9267,3.7776,4.188,3.9954,3.9175,4.2955,3.8039
ENSG00000131373,HACL1,-0.04706,1.2816,1.6613,0.51959,0.57662,-0.51238,-0.045165
ENSG00000131374,TBC1D5,2.1856,2.6441,3.2035,2.9125,1.7926,2.3391,2.0177
ENSG00000131375,CAPN7,2.6952,2.4875,3.0721,2.7567,2.8934,2.6613,2.7504
ENSG00000131381,RBSN,2.2297,1.5582,1.8115,2.291,1.8194,2.4076,2.5396
ENSG00000131408,NR1H2,2.0991,1.7008,1.9367,1.1233,1.2341,0.97264,1.1982
ENSG00000131446,MGAT1,3.7645,4.3288,4.1075,4.1318,4.2462,3.9213,3.8284
ENSG00000131462,TUBG1,5.0093,4.6777,4.8715,5.3999,4.9719,4.6768,4.3427
ENSG00000131467,PSME3,2.7936,3.0458,2.7569,3.6531,2.7015,1.6063,1.2815
ENSG00000131469,RPL27,3.0097,3.4543,3.62,3.3249,3.2599,3.047,2.7769
ENSG00000131470,PSMC3IP,-3.2958,-2.6901,-3.8845,-3.2947,-3.5865,-3.3353,-3.5804
ENSG00000131473,ACLY,2.3885,2.813,2.5786,2.8726,2.0266,2.3534,0.8082
ENSG00000131475,VPS25,4.2389,4.4255,4.613,4.4314,4.0355,4.3143,3.7314
ENSG00000131495,NDUFA2,2.7236,2.4179,3.0782,2.9651,2.3168,3.19,2.2184
ENSG00000131503,ANKHD1,-0.8559,0.73185,0.98216,1.3481,2.1673e-05,1.0347,-0.22427
ENSG00000131504,DIAPH1,3.496,3.8264,4.5353,4.3593,3.7695,3.474,2.9491
ENSG00000131507,NDFIP1,1.8038,0.96527,1.2079,2.4071,0.86432,1.7986,1.4037
ENSG00000131508,UBE2D2,2.2459,3.2308,2.7988,3.325,3.2175,3.0948,2.4158
ENSG00000131558,EXOC4,2.5647,3.0836,2.8617,2.9302,2.548,2.8516,2.3471
ENSG00000131652,THOC6,-0.71282,0.19113,-0.20449,1.1847,1.1711,-0.17051,-0.2142
ENSG00000131653,TRAF7,3.5323,4.1539,4.2334,4.6051,4.0025,3.7432,3.8228
ENSG00000131669,NINJ1,4.4061,4.6762,4.7005,4.6447,5.3998,4.3502,5.1082
ENSG00000131724,IL13RA1,2.9863,2.595,3.3414,2.9545,3.9085,1.5293,2.8838
ENSG00000131732,ZCCHC9,-0.34248,0.28707,0.59681,1.3918,0.22076,2.2539,0.040256
ENSG00000131747,TOP2A,3.5513,3.7948,4.0049,3.5595,3.2207,3.9634,2.9133
ENSG00000131778,CHD1L,0.55197,1.8869,0.31854,-0.40778,0.61065,-0.95104,-0.7781
ENSG00000131779,PEX11B,2.7818,3.0654,3.8891,3.5186,3.5108,3.629,3.5871
ENSG00000131828,PDHA1,-0.69035,-0.91329,-0.71795,-0.39621,-0.44775,-0.50458,-0.60658
ENSG00000131844,MCCC2,0.64718,0.27882,1.1225,1.367,0.43425,1.11,0.15906
ENSG00000131871,SELENOS,1.7468,1.1085,1.2623,1.7023,1.3059,1.5632,1.0075
ENSG00000131873,CHSY1,2.0167,2.6756,2.1762,1.95,2.2222,0.90699,2.0185
ENSG00000131876,SNRPA1,1.3396,0.9729,1.0388,2.2879,-0.75438,1.8061,1.2322
ENSG00000131941,RHPN2,0.89265,1.2294,0.2581,1.2671,1.5451,1.067,0.72314
ENSG00000131943,C19orf12,2.1346,2.3887,3.1723,3.1625,3.484,2.9483,2.913
ENSG00000131966,ACTR10,1.3638,1.565,1.9455,2.3436,1.5466,1.9996,1.9561
ENSG00000131981,LGALS3,0.14014,-0.39356,0.44964,1.1864,-0.017787,0.42941,0.24347
ENSG00000132002,DNAJB1,4.8492,5.0392,5.0696,5.6429,5.3679,4.4714,4.8887
ENSG00000132005,RFX1,0.64624,1.8026,1.0457,1.849,1.7669,2.4555,1.9469
ENSG00000132017,DCAF15,0.60332,2.4786,2.5189,3.404,1.8327,2.6681,1.2555
ENSG00000132024,CC2D1A,3.3667,3.4386,1.5763,3.5534,2.9744,2.8387,3.5745
ENSG00000132109,TRIM21,2.7966,3.3258,3.7002,3.4445,2.8232,3.0942,2.6584
ENSG00000132128,LRRC41,1.8137,1.3653,0.87305,1.7017,1.6082,0.59028,0.97056
ENSG00000132153,DHX30,0.53463,0.97814,1.1051,1.6446,0.7282,1.0251,-0.064056
ENSG00000132155,RAF1,3.7792,4.6212,4.4439,4.3974,4.2417,4.3681,4.4816
ENSG00000132182,NUP210,4.0626,4.1306,4.2126,4.5822,4.2136,4.7871,4.0189
ENSG00000132199,ENOSF1,-0.86856,-0.69797,-0.47207,-0.28105,-0.7091,-1.0216,-1.1511
ENSG00000132207,SLX1A,3.1126,2.7629,3.3848,3.3172,2.3311,2.6424,3.2478
ENSG00000132254,ARFIP2,3.7734,3.855,4.2104,4.2873,3.8065,3.7085,3.8582
ENSG00000132275,RRP8,2.882,3.1674,2.5125,2.168,2.8039,3.0302,2.3455
ENSG00000132286,TIMM10B,3.7035,3.9557,3.566,3.7875,3.6392,3.6629,3.2091
ENSG00000132294,EFR3A,-0.25074,0.015053,1.1436,1.994,0.46779,0.56454,0.47993
ENSG00000132300,PTCD3,2.7308,3.3048,3.2061,3.5346,3.7447,3.3596,2.9405
ENSG00000132305,IMMT,2.0727,3.1051,2.2431,3.2877,2.677,2.6035,2.2058
ENSG00000132313,MRPL35,3.763,3.6376,3.5742,3.6813,3.6491,3.6434,3.2701
ENSG00000132323,ILKAP,1.7014,0.39278,-0.53143,1.6185,-0.30684,0.79685,0.42323
ENSG00000132341,RAN,4.7125,5.3112,4.94,5.3572,4.7762,4.6893,4.4504
ENSG00000132356,PRKAA1,1.0152,-0.61496,1.3212,0.30834,1.0104,0.16881,0.60081
ENSG00000132361,CLUH,2.3917,3.2544,3.1727,3.879,3.3717,2.1441,2.4278
ENSG00000132376,INPP5K,3.0436,3.4617,3.6147,3.3614,3.2012,2.9468,3.7111
ENSG00000132382,MYBBP1A,3.0761,3.3502,3.262,3.2915,3.4342,2.5977,2.8906
ENSG00000132383,RPA1,4.3846,4.6807,4.7776,5.1334,3.863,4.2385,4.0448
ENSG00000132388,UBE2G1,3.4299,3.5928,3.5208,3.3435,3.6202,2.8944,2.8997
ENSG00000132394,EEFSEC,3.2739,3.7295,3.8702,4.0125,3.8654,3.5992,3.1733
ENSG00000132405,TBC1D14,-0.52406,-1.0113,-0.56333,0.1329,-1.2253,0.57678,-0.81826
ENSG00000132406,TMEM128,-0.9781,0.71892,1.0456,0.040091,-0.036627,0.43059,-0.54798
ENSG00000132423,COQ3,1.5193,2.3649,1.9021,2.9807,1.877,2.8905,1.8811
ENSG00000132424,PNISR,0.55584,1.4642,1.1073,0.072567,0.94533,1.4017,-0.25582
ENSG00000132432,SEC61G,-0.82704,-0.49575,-0.72662,-0.29113,-0.3054,-0.19248,-1.1902
ENSG00000132434,LANCL2,0.85495,1.3183,0.44372,1.3401,1.7697,1.0714,-0.39893
ENSG00000132463,GRSF1,3.2413,3.7755,3.5778,4.201,3.5143,3.2187,3.115
ENSG00000132467,UTP3,3.4637,4.0882,4.0903,3.9777,3.5249,3.4016,3.5115
ENSG00000132471,WBP2,3.2165,3.2635,3.7304,3.4207,2.4967,3.3156,2.2664
ENSG00000132475,H3F3B,3.0859,4.1555,3.8997,4.4417,3.6935,3.6574,3.6417
ENSG00000132478,UNK,2.7677,3.136,2.2817,2.3511,3.1956,3.0863,2.9025
ENSG00000132485,ZRANB2,0.36654,0.83812,1.6531,1.3693,0.92281,1.5711,-0.30838
ENSG00000132507,EIF5A,2.3762,3.0938,2.1033,3.4557,2.4884,2.2471,1.8387
ENSG00000132522,GPS2,1.6942,0.96208,-0.034025,0.94879,1.4588,1.119,-0.38216
ENSG00000132541,RIDA,-0.080439,0.4186,-0.22454,0.68937,-0.1952,0.10154,0.10745
ENSG00000132570,PCBD2,1.3679,0.78329,-0.38606,0.82513,0.63789,0.072569,-0.1533
ENSG00000132581,SDF2,3.5018,3.8493,3.698,3.7665,3.6577,3.2441,3.4721
ENSG00000132589,FLOT2,1.8442,2.5422,1.9005,1.818,1.1249,1.2262,0.93403
ENSG00000132591,ERAL1,4.2914,4.5099,4.3129,4.7968,4.2859,4.2078,3.5952
ENSG00000132600,PRMT7,1.9115,2.3877,0.93802,1.1995,2.081,-0.3194,1.3047
ENSG00000132603,NIP7,3.8571,4.4236,4.3998,4.7017,4.3718,3.262,3.8383
ENSG00000132604,TERF2,2.0729,1.2866,0.77184,2.6798,2.1318,-0.002827,1.0158
ENSG00000132612,VPS4A,3.0837,3.4465,3.6094,3.7446,3.0153,3.1283,2.4787
ENSG00000132613,MTSS1L,2.5133,1.4769,0.98464,2.1169,2.4753,-0.54341,1.436
ENSG00000132635,PCED1A,2.9109,3.0543,3.4588,2.917,3.6458,3.2461,2.7039
ENSG00000132646,PCNA,3.2005,3.6157,3.6372,4.2843,2.4828,3.3843,2.3338
ENSG00000132661,NXT1,4.2017,4.195,4.256,4.5942,4.4207,3.7985,4.1496
ENSG00000132670,PTPRA,-1.9464,-1.5683,-2.0022,-0.61279,-1.2942,-2.0001,-0.19347
ENSG00000132676,DAP3,3.687,3.6899,4.4824,4.2863,4.2021,4.1242,3.7698
ENSG00000132680,KHDC4,2.7554,3.2994,3.6201,3.4151,3.1839,3.1492,2.8994
ENSG00000132716,DCAF8,3.0465,3.1967,3.647,3.0119,3.2589,2.6981,2.5073
ENSG00000132768,DPH2,3.1671,3.9435,3.5213,4.2272,3.7404,3.4958,3.2883
ENSG00000132780,NASP,0.75864,1.7434,1.7175,1.4669,1.1489,0.55554,0.23999
ENSG00000132792,CTNNBL1,2.2036,3.0537,3.3271,2.862,3.2173,2.3916,2.2253
ENSG00000132819,RBM38,3.7091,4.4273,3.9361,4.2152,4.4062,3.8593,4.0917
ENSG00000132823,OSER1,3.4803,4.0017,4.3043,3.9687,4.0398,3.4621,3.6475
ENSG00000132824,SERINC3,2.0226,2.1853,3.0699,2.9051,3.6417,2.3601,1.9154
ENSG00000132842,AP3B1,1.7495,2.4964,2.5443,2.3484,1.8936,2.0815,1.454
ENSG00000132912,DCTN4,2.8619,3.4363,3.9493,3.9034,3.5311,2.3962,2.7672
ENSG00000132963,POMP,-0.17391,-0.14624,0.41922,0.64172,0.27242,0.21937,-0.17226
ENSG00000132964,CDK8,0.099621,0.41793,0.82273,0.70596,0.27253,0.66702,1.3225
ENSG00000132967,HMGB1P5,0.82584,-1.3153,0.090115,0.28813,-1.7379,-0.76351,-1.0517
ENSG00000133026,MYH10,1.5182,3.5178,2.325,2.7001,2.393,2.5374,2.0854
ENSG00000133027,PEMT,2.7189,2.792,2.897,3.3995,3.2683,1.9164,0.46434
ENSG00000133028,SCO1,3.7479,4.0549,3.6872,4.0489,3.832,3.0231,3.2716
ENSG00000133112,TPT1,5.0117,5.3339,5.6636,5.4733,5.2156,5.2327,5.2713
ENSG00000133119,RFC3,1.8327,2.445,1.7426,1.9613,0.7751,1.6854,0.032296
ENSG00000133193,FAM104A,2.9093,3.0348,3.8223,3.3861,3.0224,2.9206,2.7982
ENSG00000133195,SLC39A11,1.6693,2.0663,2.4627,3.1319,2.8966,2.4197,3.1263
ENSG00000133226,SRRM1,1.6153,2.8989,1.6198,2.9862,2.6331,1.918,2.0481
ENSG00000133243,BTBD2,3.5317,4.4403,4.7601,4.1411,3.8497,3.8273,3.5977
ENSG00000133265,HSPBP1,1.4003,1.9584,1.3689,3.1629,1.0655,1.3353,2.3094
ENSG00000133275,CSNK1G2,3.5987,4.3802,4.2838,4.3899,3.9666,4.0974,3.7505
ENSG00000133313,CNDP2,4.2205,4.6655,4.3219,4.298,4.122,3.8687,3.7048
ENSG00000133315,MACROD1,-0.17956,0.14768,-0.62314,0.42248,-0.77462,-0.072017,0.26893
ENSG00000133316,WDR74,1.2267,1.9658,1.6498,2.7685,1.3103,1.5849,0.36972
ENSG00000133318,RTN3,3.222,4.0166,3.8312,3.6587,3.403,3.6508,3.2053
ENSG00000133398,MED10,3.3189,3.4531,3.7177,3.7492,3.5499,4.1035,2.9012
ENSG00000133422,MORC2,-0.93349,1.0869,-1.2031,0.59134,1.0817,-0.98071,-0.58989
ENSG00000133597,ADCK2,3.3673,3.6087,3.8208,3.7223,3.3168,3.4797,3.6951
ENSG00000133606,MKRN1,3.4099,4.0757,3.6666,3.497,3.8496,3.6013,4.0706
ENSG00000133639,BTG1,3.8704,3.9734,4.6051,3.4829,3.7821,4.0877,4.1671
ENSG00000133641,C12orf29,0.24283,-0.42388,0.94129,1.4247,-0.57276,0.17124,-0.38632
ENSG00000133657,ATP13A3,-1.666,-1.3543,-1.4043,-1.7961,-1.6007,0.15132,-1.8355
ENSG00000133703,KRAS,-0.35835,0.27729,0.7692,-0.18126,0.55628,0.84996,0.28775
ENSG00000133704,IPO8,2.8091,3.2855,3.5594,3.1703,3.0285,2.3306,2.9204
ENSG00000133706,LARS,2.2677,3.6858,3.6979,3.5367,3.3037,3.4623,2.103
ENSG00000133731,IMPA1,-0.017164,-0.57668,-0.59616,0.30651,0.39986,-0.22369,-0.93353
ENSG00000133740,E2F5,1.4972,2.2521,1.7903,2.1867,1.7826,1.48,1.4318
ENSG00000133773,CCDC59,2.1765,2.6529,2.5778,3.2955,2.1836,2.5916,2.2979
ENSG00000133818,RRAS2,1.5282,3.5061,3.0042,2.4588,2.6896,1.0258,0.90214
ENSG00000133835,HSD17B4,0.92951,2.1397,1.2892,1.8341,1.421,0.75603,-0.36969
ENSG00000133872,SARAF,3.979,4.1446,4.2911,4.0482,3.9524,4.0498,3.4104
ENSG00000133884,DPF2,0.8672,0.37219,-0.93146,0.65859,0.53533,-0.12249,-0.16219
ENSG00000133895,MEN1,3.045,3.9185,3.4193,3.6266,3.1058,3.1503,3.18
ENSG00000133935,ERG28,-0.036191,0.6168,1.1114,0.86798,-0.32806,0.82098,0.25168
ENSG00000133983,COX16,3.124,3.3018,3.0357,3.5598,2.7358,2.6542,2.5922
ENSG00000133997,MED6,2.4434,1.9949,1.904,2.0782,1.6933,0.98092,1.4851
ENSG00000134001,EIF2S1,0.27232,0.70734,0.98654,1.5155,0.7728,0.02465,-0.42277
ENSG00000134014,ELP3,2.9994,3.4959,3.3546,3.5423,3.4644,2.9379,2.3033
ENSG00000134049,IER3IP1,2.0651,1.8185,2.1071,3.085,1.9679,2.5452,1.6039
ENSG00000134056,MRPS36,2.4563,1.5938,1.8141,2.401,2.1066,2.202,0.7824
ENSG00000134057,CCNB1,1.9526,2.2702,2.6485,2.8882,1.2656,2.9199,1.4718
ENSG00000134058,CDK7,-0.45883,-0.80466,-0.73535,-0.99165,-1.3631,-0.55599,-1.1259
ENSG00000134072,CAMK1,-0.99787,0.25896,-1.2394,-0.40113,-0.87343,-0.59991,-0.56442
ENSG00000134077,THUMPD3,2.733,2.9653,2.9445,3.5263,2.6724,2.7031,2.2966
ENSG00000134108,ARL8B,1.7569,2.1537,2.5669,2.8219,2.1623,2.0895,2.4691
ENSG00000134109,EDEM1,-3.168,-2.5936,-0.32997,-3.3539,0.22338,-1.1604,-2.0605
ENSG00000134146,DPH6,-0.37151,-0.99764,-0.59565,0.1981,-0.48595,-0.30131,-0.31178
ENSG00000134152,KATNBL1,2.3382,2.1931,2.1258,2.5946,2.4342,1.3771,2.2413
ENSG00000134153,EMC7,0.65154,0.55437,0.89383,0.52047,1.2796,0.47489,-0.30381
ENSG00000134186,PRPF38B,2.3423,3.0434,3.3269,2.9699,2.8126,2.6624,2.2123
ENSG00000134247,PTGFRN,0.46656,0.18186,0.65587,2.9422,-0.42442,-0.25584,-0.35187
ENSG00000134248,LAMTOR5,0.87129,0.86917,1.6321,2.3028,1.6288,1.478,0.24321
ENSG00000134255,CEPT1,-0.081035,-1.2026,-1.1393,0.52725,-0.03046,0.59716,-0.97025
ENSG00000134265,NAPG,2.7744,2.9515,3.6496,3.2318,3.0554,3.2048,2.975
ENSG00000134283,PPHLN1,-1.0993,0.49483,0.44443,-0.36236,1.1421,0.40126,-0.44763
ENSG00000134287,ARF3,3.3646,3.7882,3.9405,3.579,3.0417,2.9076,3.1009
ENSG00000134291,TMEM106C,2.9003,1.8712,1.6616,3.7627,2.4854,2.4623,2.8507
ENSG00000134294,SLC38A2,3.3666,4.1467,3.7738,4.2451,4.5564,2.9933,3.4808
ENSG00000134308,YWHAQ,3.2822,3.1831,3.744,3.7981,3.0531,3.2396,2.3159
ENSG00000134313,KIDINS220,2.4215,3.0183,3.4212,2.8648,3.3135,1.9049,2.4637
ENSG00000134318,ROCK2,2.7161,2.29,2.6137,3.0204,3.8446,2.6856,2.2832
ENSG00000134333,LDHA,4.2763,4.4222,4.7043,4.5559,4.4015,4.626,3.9879
ENSG00000134371,CDC73,1.7319,2.5636,2.2986,2.7667,2.3171,1.7414,1.9957
ENSG00000134375,TIMM17A,4.0652,3.9654,3.8011,4.4568,3.7001,3.8715,3.6364
ENSG00000134419,RPS15A,3.5635,4.3708,4.6623,4.3771,4.4147,4.4488,4.3096
ENSG00000134440,NARS,-0.099573,1.056,0.76576,0.82706,1.1809,-0.10027,-0.096883
ENSG00000134452,FBXO18,3.0413,3.2261,3.4416,3.5909,3.4496,3.4978,3.4489
ENSG00000134453,RBM17,3.0236,3.8284,3.6496,3.9639,3.5853,3.4662,3.2938
ENSG00000134480,CCNH,0.34729,1.2727,0.74916,0.73291,1.0485,0.95475,-0.12695
ENSG00000134575,ACP2,3.7791,3.5219,3.8289,4.2729,4.3013,3.2511,4.3092
ENSG00000134590,RTL8C,4.7901,4.8497,5.1076,4.6583,4.0547,4.7917,4.7613
ENSG00000134597,RBMX2,2.0102,2.9185,2.6292,3.5758,2.5073,2.5444,2.5513
ENSG00000134602,STK26,0.26997,1.258,0.91989,1.4851,0.91666,0.81537,0.30547
ENSG00000134644,PUM1,1.0092,1.1334,2.1156,2.1181,1.5766,0.72387,0.63754
ENSG00000134684,YARS,4.0884,4.7958,4.8649,4.8319,4.3882,5.0155,3.8289
ENSG00000134686,PHC2,3.583,3.703,4.7652,4.1894,4.5021,3.5338,3.3139
ENSG00000134690,CDCA8,2.659,3.3654,3.5691,3.6366,3.1258,3.5167,2.8361
ENSG00000134697,GNL2,1.0873,2.7812,2.6836,3.0471,1.9652,2.5247,1.796
ENSG00000134717,BTF3L4,1.4575,2.9839,2.4601,2.8261,3.0232,2.9347,1.8294
ENSG00000134748,PRPF38A,2.8168,3.5233,3.5457,3.6371,2.938,3.3804,2.9335
ENSG00000134758,RNF138,1.3366,0.99019,0.88104,1.8187,-0.17324,0.8112,0.62849
ENSG00000134759,ELP2,-0.17306,0.94723,1.0251,0.27829,0.40181,-0.18264,0.31727
ENSG00000134779,TPGS2,2.1001,2.4426,2.0161,2.316,2.2868,2.6501,1.5077
ENSG00000134809,TIMM10,1.567,2.1244,1.9004,2.4446,1.979,1.1916,0.78937
ENSG00000134815,DHX34,3.2016,3.5075,0.96013,3.7086,2.6588,2.93,1.9161
ENSG00000134825,TMEM258,0.91218,1.5952,0.54111,0.96332,0.23987,1.2373,-0.13429
ENSG00000134851,TMEM165,1.9609,2.506,3.3205,3.1187,2.4137,2.9383,0.85588
ENSG00000134882,UBAC2,2.6275,3.5995,3.4601,3.3885,3.2482,2.747,3.0783
ENSG00000134884,ARGLU1,2.6817,3.2637,3.3168,3.3236,2.9424,2.6118,1.9184
ENSG00000134900,TPP2,1.8642,1.6485,1.5938,2.1764,1.5085,1.8612,0.2323
ENSG00000134905,CARS2,0.85988,1.1336,1.0632,1.423,0.70029,-0.096432,-0.8251
ENSG00000134910,STT3A,0.89074,1.4555,1.2367,1.4484,2.2975,1.022,0.046025
ENSG00000134970,TMED7,3.784,3.842,4.312,4.2378,3.9743,3.3061,3.3365
ENSG00000134996,OSTF1,0.33399,0.72717,1.7414,2.5492,0.8756,0.92916,1.0761
ENSG00000135002,RFK,2.1742,0.16191,1.8686,1.8146,1.1482,2.0181,0.16893
ENSG00000135018,UBQLN1,0.47844,1.1167,1.142,1.9836,1.0555,0.60254,0.87791
ENSG00000135040,NAA35,1.5452,1.4005,2.3273,3.0166,1.8906,1.3284,2.3169
ENSG00000135045,C9orf40,1.8089,3.0743,3.557,2.7862,2.3565,3.1325,1.244
ENSG00000135047,CTSL,3.8831,2.0291,3.7128,3.4059,3.2166,3.9808,2.9097
ENSG00000135070,ISCA1,4.1046,4.4087,4.1116,4.1717,4.3897,3.6981,4.1298
ENSG00000135108,FBXO21,2.423,1.9371,2.2288,2.029,-0.046159,1.1129,1.6737
ENSG00000135148,TRAFD1,0.76703,0.8599,0.98159,2.034,0.72493,-0.082354,0.79487
ENSG00000135185,TMEM243,2.9042,3.0447,3.0368,3.3825,3.1684,2.3876,3.0161
ENSG00000135211,TMEM60,3.7065,3.5831,3.5656,3.507,3.6674,3.9534,3.6537
ENSG00000135245,HILPDA,3.3032,3.5085,3.0032,3.4423,2.8523,3.5294,4.4487
ENSG00000135249,RINT1,1.9762,1.3693,2.2037,2.847,1.024,2.1788,2.0024
ENSG00000135250,SRPK2,3.3074,2.9334,3.1592,3.0907,2.7579,2.7314,3.1106
ENSG00000135269,TES,0.23105,2.2103,2.3244,2.4127,2.0982,2.1108,2.0107
ENSG00000135316,SYNCRIP,3.0516,3.5537,3.5274,3.9074,3.2529,2.5719,3.0561
ENSG00000135317,SNX14,-0.58031,0.2088,0.22846,0.11043,-0.31425,-0.55208,-0.17715
ENSG00000135334,AKIRIN2,3.0348,3.7779,3.5778,3.4549,3.9356,3.5215,3.2288
ENSG00000135336,ORC3,0.84054,0.53815,0.020077,0.85343,-0.092617,0.28653,0.45001
ENSG00000135341,MAP3K7,2.2876,3.4345,3.2114,3.3235,3.3078,3.1321,2.7494
ENSG00000135372,NAT10,3.522,4.1331,4.1524,4.3968,3.5869,3.3951,3.8558
ENSG00000135387,CAPRIN1,3.8551,4.3592,4.225,4.7241,4.0893,3.6383,3.7364
ENSG00000135390,ATP5G2,1.6674,1.781,2.0604,1.9002,1.1976,1.4108,1.1781
ENSG00000135392,DNAJC14,1.7031,1.6399,2.0113,1.8378,1.7317,0.84763,1.4288
ENSG00000135404,CD63,1.8495,1.7579,1.8277,1.6111,1.5287,1.514,1.9659
ENSG00000135441,BLOC1S1,0.67221,1.4728,1.5846,1.3626,0.6423,1.0521,1.0088
ENSG00000135446,CDK4,3.1907,3.6638,3.7548,4.3297,3.3302,3.5346,3.2658
ENSG00000135451,TROAP,3.4179,3.6023,3.2136,3.9854,2.8137,3.1496,3.5082
ENSG00000135452,TSPAN31,-0.065816,-0.55904,0.013521,0.5354,-0.30584,0.89599,-0.49163
ENSG00000135486,HNRNPA1,3.759,4.9885,4.533,4.7337,4.1526,4.6481,3.7708
ENSG00000135503,ACVR1B,1.5698,1.8083,0.35887,1.0288,0.62001,0.7929,1.1158
ENSG00000135506,OS9,4.0642,4.1642,4.3502,4.2635,4.7778,4.3021,4.1915
ENSG00000135521,LTV1,0.65614,1.2224,0.53374,2.3066,0.30983,0.82205,0.042457
ENSG00000135535,CD164,3.1102,3.2922,3.9021,3.8458,4.2156,3.5669,3.5825
ENSG00000135587,SMPD2,0.74639,-0.83604,0.59052,0.36207,0.88579,-0.50677,-0.036406
ENSG00000135597,REPS1,-1.2593,-0.50727,0.018514,-0.56503,-0.26493,-0.58982,-0.88984
ENSG00000135617,PRADC1,3.4613,3.3907,3.7189,3.9564,3.4525,3.8179,3.6881
ENSG00000135624,CCT7,2.7702,3.0775,3.4772,3.6705,2.3449,2.762,2.4066
ENSG00000135632,SMYD5,3.8461,4.4114,3.9913,4.3901,4.1727,3.7221,3.3293
ENSG00000135637,CCDC142,3.5714,2.296,3.4233,3.5631,2.9071,3.3669,3.7545
ENSG00000135655,USP15,1.5367,2.1156,2.4283,2.9256,2.3923,2.2369,2.033
ENSG00000135677,GNS,0.15157,-1.2337,0.33642,-0.14799,-0.70097,-0.075192,-0.741
ENSG00000135679,MDM2,-3.0137,-2.4407,-3.0958,-1.4091,-0.9178,-1.4546,-2.2189
ENSG00000135698,MPHOSPH6,-0.017104,-0.39501,-0.40144,0.4656,0.078019,-0.14369,-0.82742
ENSG00000135720,DYNC1LI2,0.77942,0.58802,0.37616,2.4406,0.68379,-0.082266,0.55218
ENSG00000135723,FHOD1,1.8398,2.6535,2.2475,2.7383,2.3361,2.8019,2.4159
ENSG00000135763,URB2,2.4884,3.7123,3.0802,3.652,2.9807,2.9972,2.3483
ENSG00000135766,EGLN1,3.3801,2.0439,2.3373,3.3254,2.7106,2.3901,1.8136
ENSG00000135775,COG2,3.5296,3.5532,3.2156,4.0252,3.8028,3.2424,2.7494
ENSG00000135776,ABCB10,2.6246,2.3984,2.5648,2.9943,2.9025,2.9838,1.9593
ENSG00000135778,NTPCR,2.2787,2.9356,3.0116,2.552,2.348,2.585,1.9521
ENSG00000135829,DHX9,1.9869,1.6354,2.2124,2.3935,1.7576,0.30106,1.6975
ENSG00000135845,PIGC,2.7903,3.4805,3.5782,2.9813,3.3379,3.4447,3.0806
ENSG00000135900,MRPL44,3.6091,4.2738,4.1443,4.2801,4.0169,3.3654,3.4373
ENSG00000135916,ITM2C,0.14454,2.0376,1.0132,0.42086,0.65899,1.4743,-0.33893
ENSG00000135924,DNAJB2,-2.1429,-1.7601,-1.9812,-1.012,-2.1086,-2.4916,-1.8826
ENSG00000135930,EIF4E2,0.84009,0.59686,1.3611,1.3248,0.46895,0.82463,0.80006
ENSG00000135932,CAB39,2.0859,3.0276,3.5842,3.2134,2.9853,2.5574,2.534
ENSG00000135940,COX5B,1.4015,0.69028,1.1691,1.2714,0.8494,1.4824,0.57645
ENSG00000135956,TMEM127,3.679,3.7728,3.852,3.7785,4.1029,3.1024,4.0733
ENSG00000135972,MRPS9,-0.49041,-0.20016,-0.3963,0.27426,0.45008,0.48987,-0.28251
ENSG00000135974,C2orf49,1.6032,0.8266,1.4304,1.7744,2.3573,1.1385,0.79412
ENSG00000135999,EPC2,2.6153,3.2012,3.2793,3.3683,3.4128,2.726,3.0305
ENSG00000136003,ISCU,2.5574,2.5474,2.7364,2.9415,2.9135,2.5204,2.2123
ENSG00000136021,SCYL2,2.4443,3.0834,3.1213,2.816,2.937,2.8796,2.82
ENSG00000136045,PWP1,4.0402,4.1422,4.1945,4.22,3.9842,3.6308,3.5304
ENSG00000136048,DRAM1,1.8706,2.4489,2.9788,2.5282,3.4224,1.9914,2.7928
ENSG00000136051,WASHC4,1.0751,1.082,1.1877,1.4587,0.77583,0.2454,0.34786
ENSG00000136068,FLNB,3.3957,2.902,3.5584,3.157,2.9655,2.6531,1.7096
ENSG00000136104,RNASEH2B,1.606,1.3739,2.2626,1.9477,1.7511,2.2144,0.98871
ENSG00000136108,CKAP2,0.23261,1.8906,2.3403,2.7767,1.6163,1.4765,0.41662
ENSG00000136143,SUCLA2,2.9623,3.6807,3.0043,3.61,2.5339,3.0965,2.7297
ENSG00000136144,RCBTB1,-1.1267,0.10973,-0.25826,-1.0181,-0.63319,-0.72043,-1.1514
ENSG00000136146,MED4,0.29703,1.5432,2.2861,2.766,1.56,1.2424,1.8212
ENSG00000136152,COG3,0.46958,0.28341,-0.48568,-0.81898,-0.20029,0.27101,-0.89458
ENSG00000136156,ITM2B,2.822,3.1666,3.5064,3.3897,3.8492,2.8541,2.9478
ENSG00000136159,NUDT15,1.396,0.56504,1.7095,1.8524,1.2446,1.9913,0.72935
ENSG00000136213,CHST12,3.0471,3.4675,3.1113,3.6494,3.6789,3.2906,3.2425
ENSG00000136238,RAC1,3.5698,3.9885,3.6061,4.2015,4.0432,3.6619,3.8741
ENSG00000136240,KDELR2,3.7936,3.8818,4.5254,4.234,4.4182,4.378,3.9224
ENSG00000136247,ZDHHC4,2.5578,3.0995,2.4455,3.1805,3.043,2.5253,2.5756
ENSG00000136261,BZW2,2.6566,2.8398,3.8053,3.5775,2.1606,3.3827,2.9295
ENSG00000136270,TBRG4,3.5502,4.3791,4.1244,4.4977,3.8148,3.6157,3.5467
ENSG00000136271,DDX56,3.819,3.8434,4.2149,4.3775,3.4254,3.5304,3.8649
ENSG00000136279,DBNL,2.7591,3.1249,3.3276,3.32,1.8689,2.7144,2.7293
ENSG00000136280,CCM2,3.7582,4.0452,4.2491,3.9759,3.4893,3.7994,4.0332
ENSG00000136319,TTC5,0.014589,0.28422,-0.27178,0.40004,0.062525,0.22244,-0.94918
ENSG00000136371,MTHFS,2.8566,2.7659,1.8863,3.3283,2.5404,2.555,2.3949
ENSG00000136381,IREB2,1.1757,1.3141,0.72514,1.6546,0.74485,0.43194,-0.24895
ENSG00000136436,CALCOCO2,1.3187,-0.015372,0.58172,0.79303,-0.026989,-0.075524,-0.37756
ENSG00000136444,RSAD1,4.1013,3.9914,4.2392,4.5545,4.2316,3.8033,3.7932
ENSG00000136448,NMT1,4.0367,4.4822,4.5859,4.4813,4.6451,4.2805,3.9817
ENSG00000136450,SRSF1,1.8857,2.5691,1.9983,3.4965,1.5639,1.3785,0.87774
ENSG00000136451,VEZF1,0.86312,1.2757,2.3494,2.3598,1.7695,1.7289,1.6961
ENSG00000136463,TACO1,4.1023,3.9988,4.2044,4.4854,4.3244,3.7705,4.3684
ENSG00000136485,DCAF7,2.7313,3.2622,3.5015,3.4039,3.17,3.4159,3.4029
ENSG00000136504,KAT7,2.5857,3.444,3.2618,3.5319,3.1085,2.9444,2.8823
ENSG00000136518,ACTL6A,0.60958,0.9891,1.0293,0.46055,0.28958,0.30362,0.066376
ENSG00000136521,NDUFB5,-0.73777,-0.4677,0.47115,1.2159,1.2693,0.99136,-0.094024
ENSG00000136522,MRPL47,0.61742,0.21792,-0.17432,0.65962,0.61403,0.12369,0.32711
ENSG00000136527,TRA2B,0.57038,1.6812,0.40311,1.041,0.8947,1.109,0.17713
ENSG00000136536,MARCH7,3.0225,3.5648,3.6875,3.5568,3.4488,2.3214,3.2773
ENSG00000136560,TANK,1.1225,0.25428,-0.52334,0.337,0.33926,0.35146,0.82762
ENSG00000136628,EPRS,3.2164,3.6009,3.8358,4.0619,3.5599,3.7716,2.3165
ENSG00000136631,VPS45,1.085,1.7259,2.472,1.7162,0.83725,1.4708,1.7413
ENSG00000136636,KCTD3,3.1214,3.8668,3.359,3.792,3.6578,2.7491,3.4956
ENSG00000136699,SMPD4,3.2502,4.0026,3.9767,4.3236,3.8894,3.7348,3.7041
ENSG00000136709,WDR33,2.8614,3.5686,3.2666,3.6797,3.5047,3.1619,3.1958
ENSG00000136710,CCDC115,0.94145,2.8235,1.6709,2.1442,3.2457,1.219,2.428
ENSG00000136715,SAP130,3.149,3.1876,3.3054,3.343,3.3097,2.9139,3.1544
ENSG00000136718,IMP4,3.63,3.9449,3.9135,4.5289,3.9375,3.2322,3.7635
ENSG00000136720,HS6ST1,3.4169,4.2661,3.0908,4.0674,4.771,1.3991,4.3344
ENSG00000136731,UGGT1,-2.414,-2.1013,-2.2269,0.065708,-1.7899,-2.1614,-1.4725
ENSG00000136738,STAM,3.1409,3.3587,3.405,3.7955,3.8325,2.6268,2.6582
ENSG00000136754,ABI1,-2.0752,-1.504,-2.4146,-1.3998,-2.3044,-1.781,-2.9024
ENSG00000136758,YME1L1,1.5125,1.8296,2.0519,2.4698,2.0352,1.2859,1.4671
ENSG00000136770,DNAJC1,2.7737,2.9334,2.973,3.0235,3.0183,3.7694,3.7595
ENSG00000136783,NIPSNAP3A,0.1126,0.2753,0.30679,0.058904,0.25311,0.4502,-0.31234
ENSG00000136802,LRRC8A,3.8206,4.7778,4.5868,3.6953,3.646,3.1464,3.735
ENSG00000136807,CDK9,3.7382,4.1486,4.6608,4.4522,3.743,4.1641,4.0742
ENSG00000136810,TXN,0.34361,0.38023,0.82087,0.47626,0.38282,0.38877,0.1956
ENSG00000136813,KIAA0368,0.51015,0.23714,0.9028,0.67977,0.59469,1.1513,0.45347
ENSG00000136816,TOR1B,3.108,3.0343,3.6329,3.5218,3.8697,3.2244,3.2937
ENSG00000136819,C9orf78,3.708,3.8697,4.0951,4.3783,3.2864,4.3715,4.0872
ENSG00000136824,SMC2,2.1865,2.2259,1.9967,1.8988,1.6615,1.6289,1.901
ENSG00000136827,TOR1A,3.5345,3.6348,3.5985,3.2901,3.47,3.2109,3.6076
ENSG00000136830,FAM129B,4.2191,3.9439,5.4951,4.7206,3.8545,4.068,4.5296
ENSG00000136840,ST6GALNAC4,2.605,3.0577,3.7064,3.4652,3.4323,3.1002,2.7163
ENSG00000136868,SLC31A1,2.0551,2.6575,1.3518,2.5487,3.1985,1.6734,1.8401
ENSG00000136875,PRPF4,3.9363,3.9025,4.1026,4.4027,3.9614,3.4842,3.7127
ENSG00000136877,FPGS,2.7972,3.9872,3.5773,3.7338,3.1822,2.7091,3.3404
ENSG00000136888,ATP6V1G1,1.3587,2.2271,1.027,2.6774,1.7609,1.7861,1.824
ENSG00000136891,TEX10,3.5345,4.33,4.6876,3.9614,3.6367,3.1349,3.6741
ENSG00000136897,MRPL50,3.9755,4.2796,4.2009,4.1313,4.5154,3.8538,3.7475
ENSG00000136908,DPM2,3.7646,4.1731,4.5215,4.3376,3.6625,4.2691,3.9373
ENSG00000136930,PSMB7,2.1861,3.1834,3.2982,3.4172,2.5611,2.9752,2.6536
ENSG00000136933,RABEPK,-1.1572,-1.5964,-0.38978,-0.43624,-1.1772,-1.0895,-1.7838
ENSG00000136936,XPA,0.75354,0.28768,0.9766,0.65128,-0.51062,2.1889,0.93927
ENSG00000136937,NCBP1,0.8435,1.166,1.0231,1.808,0.74177,1.9621,0.65404
ENSG00000136938,ANP32B,4.0136,3.991,5.0403,4.7738,4.3142,5.1485,4.0519
ENSG00000136940,PDCL,3.0443,3.5345,3.3619,3.2725,3.4142,2.651,3.5797
ENSG00000136942,RPL35,1.9267,2.2224,2.4611,2.1955,1.8729,2.0828,1.7663
ENSG00000136950,ARPC5L,3.2524,3.5518,4.0151,3.9601,3.7354,3.5517,3.5159
ENSG00000136982,DSCC1,1.1296,2.8451,2.4305,3.4863,2.0178,2.2045,1.9938
ENSG00000136986,DERL1,2.6388,2.9422,3.2231,3.568,1.8147,1.3813,2.3714
ENSG00000136997,MYC,3.8141,3.8648,4.966,5.212,4.95,4.1723,4.1843
ENSG00000137038,DMAC1,4.4218,4.7576,4.9646,4.5274,4.1329,4.3875,3.8098
ENSG00000137040,RANBP6,-1.4843,-1.608,-0.3109,-1.0114,-0.3986,-1.0991,-1.2369
ENSG00000137054,POLR1E,1.9417,2.9465,2.781,3.541,1.9861,2.4866,2.561
ENSG00000137055,PLAA,2.5746,3.9764,3.6417,3.467,3.1376,2.4843,2.2966
ENSG00000137073,UBAP2,0.054972,0.87685,0.18758,-0.22465,0.78585,0.95685,-0.97712
ENSG00000137076,TLN1,3.736,3.7,4.3704,3.9904,4.0156,4.099,3.3556
ENSG00000137100,DCTN3,-0.75124,-0.70769,1.0939,0.66383,2.1624,-0.76949,-0.083283
ENSG00000137106,GRHPR,2.1463,3.3167,3.3121,3.4902,2.2543,3.2454,1.2215
ENSG00000137124,ALDH1B1,3.437,3.603,3.443,3.9379,3.9867,2.6766,2.3951
ENSG00000137133,HINT2,1.8494,1.33,2.7958,1.6427,1.6425,1.5776,0.64917
ENSG00000137154,RPS6,2.9226,3.3141,3.5865,3.2501,2.4101,3.4821,3.4123
ENSG00000137161,CNPY3,4.4672,4.878,4.7663,4.8701,5.0277,4.4587,4.4708
ENSG00000137166,FOXP4,2.3125,2.011,2.1944,3.1702,2.5593,1.4445,2.0299
ENSG00000137168,PPIL1,1.3776,2.8826,1.9981,2.5405,2.2435,2.8204,-0.18632
ENSG00000137177,KIF13A,-1.2819,-0.76143,-0.76899,-0.2509,-0.087147,-0.52514,-0.47816
ENSG00000137193,PIM1,3.2256,3.8656,3.6847,3.6724,4.0592,5.5172,3.5903
ENSG00000137200,CMTR1,2.9149,3.2964,3.6817,3.7014,3.3126,3.7608,2.9966
ENSG00000137207,YIPF3,3.4707,4.0888,4.2686,4.1595,4.4697,4.1076,4.0676
ENSG00000137210,TMEM14B,2.3028,1.6908,1.8846,2.3468,2.0177,2.5978,1.3913
ENSG00000137267,TUBB2A,2.729,4.3167,2.9173,3.9822,3.5865,3.8722,1.6676
ENSG00000137274,BPHL,1.3699,1.8111,0.97622,1.4735,1.4299,-0.40373,0.65923
ENSG00000137288,UQCC2,0.69179,1.0147,0.64334,1.2661,1.5021,0.54179,-0.57199
ENSG00000137309,HMGA1,3.3612,4.6335,4.4649,4.3149,3.3562,3.3866,2.5022
ENSG00000137312,FLOT1,1.2334,1.9617,2.2008,2.254,1.3293,1.9304,0.080015
ENSG00000137364,TPMT,0.29293,0.28573,-0.0089448,-0.0068259,-0.0021832,-0.61391,0.54529
ENSG00000137409,MTCH1,2.8529,3.6438,3.7943,3.873,3.0998,3.3977,2.72
ENSG00000137492,THAP12,3.5804,3.7517,4.0613,4.2206,4.0281,3.4258,3.8262
ENSG00000137497,NUMA1,2.6758,3.2752,3.8027,3.6504,2.9654,3.2709,2.9277
ENSG00000137500,CCDC90B,2.7255,2.5074,3.2103,3.0668,2.239,2.6472,2.3097
ENSG00000137504,CREBZF,1.4708,0.85374,1.0045,1.7297,1.2295,1.4529,1.5071
ENSG00000137509,PRCP,1.6738,2.8399,2.4676,1.9769,2.5262,2.6983,1.0189
ENSG00000137513,NARS2,0.40042,1.4501,0.85465,2.1283,1.8226,0.74542,1.16
ENSG00000137522,RNF121,3.4866,3.8566,3.6315,3.5726,3.8022,3.3182,3.5116
ENSG00000137547,MRPL15,4.1209,4.413,4.7024,4.706,4.4915,4.0022,3.8937
ENSG00000137563,GGH,1.2022,-0.4833,1.6687,1.0491,1.0863,-0.0044495,0.2654
ENSG00000137574,TGS1,-0.099143,-1.7749,-2.7054,-2.222,-2.8901,-1.998,-2.1007
ENSG00000137575,SDCBP,1.9726,3.0927,3.2692,2.5327,2.053,2.5854,2.1182
ENSG00000137692,DCUN1D5,2.2143,3.1388,3.2628,2.9442,2.3673,2.8253,1.9001
ENSG00000137700,SLC37A4,0.9864,0.81568,1.3246,2.1178,-1.5027,0.68437,-0.41288
ENSG00000137710,RDX,1.2035,1.7374,1.5243,1.1541,0.70047,0.6983,1.5073
ENSG00000137713,PPP2R1B,-0.78841,-0.88903,-0.23105,0.58434,-0.39466,-0.72516,-1.0537
ENSG00000137714,FDX1,2.3975,2.8295,2.8498,3.7106,2.8258,3.0497,2.5018
ENSG00000137720,C11orf1,-0.18168,-0.37747,0.32146,1.2014,0.38922,0.37082,0.17231
ENSG00000137764,MAP2K5,-2.0047,-1.7183,-1.0639,-1.5681,-1.2512,-1.7387,-1.7803
ENSG00000137776,SLTM,2.4092,3.2525,2.7119,3.1951,2.48,1.8425,2.1874
ENSG00000137804,NUSAP1,-0.047704,0.98522,1.0311,0.3863,0.47731,0.52948,0.23891
ENSG00000137806,NDUFAF1,1.3809,2.2753,2.7866,2.9725,2.6456,2.3113,2.5646
ENSG00000137812,KNL1,-2.2438,-0.9052,-0.87257,-1.2299,-1.4266,-2.0926,-2.4807
ENSG00000137815,RTF1,2.8419,3.502,3.2144,2.7975,2.9614,2.602,2.233
ENSG00000137818,RPLP1,3.0826,3.469,2.683,2.6178,3.0947,2.9375,2.8864
ENSG00000137824,RMDN3,1.861,0.43943,1.1343,1.8198,-0.14638,-1.0201,0.21609
ENSG00000137845,ADAM10,2.6608,3.184,3.1154,2.9102,3.3272,1.5427,2.4694
ENSG00000137876,RSL24D1,2.0907,2.7353,1.9574,3.3651,2.5307,3.3143,2.2514
ENSG00000137944,KYAT3,-1.1597,-1.5754,-1.6118,-1.4868,-1.4386,-2.2521,-1.4509
ENSG00000137947,GTF2B,1.893,2.3512,3.3968,3.407,2.6475,2.474,1.6718
ENSG00000137955,RABGGTB,-0.81337,-0.099712,-0.016929,0.23533,-0.3216,0.78069,-0.23063
ENSG00000137996,RTCA,0.94781,2.3438,1.6549,2.3596,1.6758,2.0259,1.0784
ENSG00000138018,SELENOI,-1.0781,-1.3482,-1.0303,-1.4271,-0.82541,-1.4451,-0.62317
ENSG00000138029,HADHB,1.4549,0.73038,1.2565,1.6962,1.8383,1.5959,0.47738
ENSG00000138032,PPM1B,1.2812,1.9721,0.64545,1.3872,0.34852,2.0581,0.79886
ENSG00000138035,PNPT1,-0.63398,-0.90734,-0.7971,-0.23281,-0.21741,-1.0465,-1.2635
ENSG00000138036,DYNC2LI1,0.68314,1.2514,0.2051,-0.76899,0.34048,1.2906,-0.099625
ENSG00000138069,RAB1A,3.5464,3.5096,3.8555,3.8641,4.1834,3.6646,3.0459
ENSG00000138071,ACTR2,3.4025,4.0237,4.5846,4.0109,4.046,3.293,3.1682
ENSG00000138073,PREB,4.0777,4.1169,4.2046,4.6189,4.634,4.2714,3.7318
ENSG00000138074,SLC5A6,3.953,4.8827,3.6253,4.3281,4.7943,3.2419,3.7907
ENSG00000138078,PREPL,0.51476,1.0548,0.048466,0.30749,-0.22463,0.93513,-1.1912
ENSG00000138081,FBXO11,3.2587,2.8412,3.674,3.5164,3.3378,3.046,2.9317
ENSG00000138085,ATRAID,2.881,2.4805,2.0565,3.092,3.0114,1.5817,1.8902
ENSG00000138092,CENPO,2.5381,2.8426,2.3286,2.7117,1.8162,2.3573,2.3806
ENSG00000138095,LRPPRC,1.3707,2.0818,1.5241,2.2332,2.4833,1.9835,1.3016
ENSG00000138107,ACTR1A,3.1626,4.0087,3.789,4.0621,3.3988,2.2208,2.5508
ENSG00000138138,ATAD1,-1.6157,-1.2816,-1.8121,-0.40086,-2.3872,-1.9616,-1.7398
ENSG00000138160,KIF11,2.2272,2.4722,2.3969,2.8006,1.222,2.1042,1.0951
ENSG00000138166,DUSP5,3.9854,3.6063,4.9199,4.4064,3.0246,2.9007,3.2456
ENSG00000138175,ARL3,1.6973,1.1931,1.411,2.3462,1.0126,0.33156,0.82273
ENSG00000138180,CEP55,2.2038,1.1622,2.9159,2.3107,0.87982,1.7435,1.1342
ENSG00000138231,DBR1,-0.42396,-1.2046,-2.3988,-0.33176,-0.88501,-1.7709,-1.803
ENSG00000138246,DNAJC13,0.51842,0.40752,0.46253,0.80029,1.25,1.1783,1.7101
ENSG00000138279,ANXA7,0.50224,1.4176,1.392,1.7962,0.94264,2.2772,0.98043
ENSG00000138303,ASCC1,2.7091,2.4937,2.6287,2.3083,2.6481,1.9806,2.5276
ENSG00000138326,RPS24,3.8319,4.2831,4.5685,4.3457,3.7715,4.8492,3.887
ENSG00000138363,ATIC,1.1368,1.5251,1.5455,2.2502,2.3091,1.2489,0.14879
ENSG00000138375,SMARCAL1,0.92127,3.2511,2.5722,2.5305,1.0403,2.6165,-0.43608
ENSG00000138381,ASNSD1,3.7851,3.8897,4.0495,3.9681,4.1187,3.3338,3.6878
ENSG00000138382,METTL5,0.82339,0.67352,0.22029,0.93193,0.27716,0.10435,0.031911
ENSG00000138385,SSB,0.61277,0.89301,1.1242,0.49408,0.68636,0.30166,-0.62952
ENSG00000138386,NAB1,1.9389,0.53553,0.84332,2.2436,2.1877,0.95104,1.5616
ENSG00000138398,PPIG,2.7239,3.4905,2.688,3.2816,3.0516,2.7715,2.8412
ENSG00000138399,FASTKD1,2.4133,2.6408,2.44,2.5919,2.471,2.6512,0.94559
ENSG00000138413,IDH1,1.3659,1.6162,0.72161,1.8919,2.0676,1.6509,0.63359
ENSG00000138430,OLA1,2.4195,2.3693,2.4906,3.1321,2.3767,3.0086,2.1456
ENSG00000138433,CIR1,2.0996,2.6688,3.1021,3.0852,2.7936,2.8718,2.9205
ENSG00000138442,WDR12,-0.12577,-0.48799,0.2683,-0.18862,-0.35202,-0.32084,-0.78807
ENSG00000138443,ABI2,2.9202,3.8877,3.2992,3.0414,3.1475,1.0752,3.2079
ENSG00000138448,ITGAV,1.038,0.42816,0.27445,1.5502,0.21794,0.15303,0.36488
ENSG00000138495,COX17,1.5491,1.8649,1.6439,1.5157,0.55239,1.7651,0.94674
ENSG00000138592,USP8,-0.0025848,0.68777,-0.092711,1.0733,0.9142,0.092929,-0.14196
ENSG00000138593,SECISBP2L,0.59176,-0.47456,-0.29709,-0.22682,-1.4139,-0.15586,-1.1006
ENSG00000138594,TMOD3,0.87119,1.6903,1.9136,1.9003,1.3304,1.4023,1.7395
ENSG00000138600,SPPL2A,2.794,0.7535,1.1879,2.7789,2.6829,2.7188,2.8786
ENSG00000138614,INTS14,2.8527,3.3041,3.2466,3.7824,3.1761,3.3769,2.9265
ENSG00000138621,PPCDC,2.7452,3.0091,2.4198,3.2881,2.5226,2.7889,2.9998
ENSG00000138629,UBL7,0.011423,0.86422,0.49494,0.56098,1.5573,0.4316,0.57132
ENSG00000138660,AP1AR,-0.22476,-0.46772,-0.96442,0.14638,0.037859,-0.50608,-0.73997
ENSG00000138663,COPS4,1.486,1.7919,1.7136,2.6703,1.8012,0.99727,0.63665
ENSG00000138668,HNRNPD,0.29644,0.40815,1.1193,1.7647,-0.11196,0.45059,-0.61011
ENSG00000138674,SEC31A,2.6103,3.1507,4.1874,3.1624,3.6594,3.2975,2.112
ENSG00000138698,RAP1GDS1,0.030804,0.91192,1.6406,1.3355,1.3424,-0.071048,-0.80318
ENSG00000138750,NUP54,0.27499,0.92228,0.10703,0.039982,0.28448,0.87485,0.51356
ENSG00000138757,G3BP2,3.4218,4.2786,3.8225,3.9243,4.1125,3.0988,3.1398
ENSG00000138758,SEPT11,-0.63483,-0.7246,0.24295,0.13798,0.218,-0.82783,-0.25549
ENSG00000138768,USO1,2.7775,3.7366,3.5507,3.3558,3.5192,3.1443,2.0693
ENSG00000138772,ANXA3,-0.57954,-0.92859,-0.14046,0.71442,-1.5062,-1.3692,-1.1205
ENSG00000138777,PPA2,1.6773,0.94495,1.0696,2.6804,0.78659,0.92624,-0.24823
ENSG00000138794,CASP6,2.3869,3.0378,2.8044,3.0441,2.766,2.5199,2.3422
ENSG00000138796,HADH,0.26662,1.7784,0.35407,0.64908,0.49556,1.2457,0.40171
ENSG00000138801,PAPSS1,1.36,2.058,2.3911,2.5977,2.5436,1.7511,1.5292
ENSG00000138802,SEC24B,1.5496,1.1686,1.9214,2.3628,1.4474,2.2023,0.5503
ENSG00000139112,GABARAPL1,-0.83121,-0.99297,-0.87778,-0.41188,-0.97034,-1.3062,-0.87322
ENSG00000139131,YARS2,3.4125,3.7735,3.8912,4.0533,3.339,3.1481,3.0184
ENSG00000139146,SINHCAF,-1.1052,-0.23253,-0.37628,-0.70276,-0.49548,-1.7015,-1.4012
ENSG00000139163,ETNK1,-0.39476,1.0488,0.029882,1.9144,0.33253,0.74316,-1.7587
ENSG00000139168,ZCRB1,1.7401,2.0482,2.2516,1.9955,1.866,2.239,1.7572
ENSG00000139180,NDUFA9,0.35365,-1.2009,-0.12437,0.84036,-0.57066,-1.3544,-0.031699
ENSG00000139197,PEX5,0.74778,1.0065,0.43403,1.1655,0.63463,0.94292,0.048807
ENSG00000139218,SCAF11,0.17228,-0.59834,-0.056899,-0.72718,0.41194,-0.079972,-0.21049
ENSG00000139233,LLPH,3.0331,2.7808,3.0464,3.5722,2.7562,3.1894,2.6241
ENSG00000139323,POC1B,0.39241,-1.2975,-1.3394,-1.4273,-0.5974,-0.4794,-0.74322
ENSG00000139343,SNRPF,-0.52481,-0.59315,-0.35136,-0.1852,-0.89159,0.167,-0.98284
ENSG00000139350,NEDD1,-0.48632,-0.47695,0.40933,1.1098,-0.92981,-0.22016,-1.2996
ENSG00000139370,SLC15A4,2.9558,3.5043,3.8191,3.451,3.5973,2.9895,2.5892
ENSG00000139372,TDG,0.00043523,1.7565,0.32718,2.3072,0.4586,1.6523,0.12745
ENSG00000139405,RITA1,3.2607,3.5731,3.5868,3.6959,3.617,3.0673,3.0623
ENSG00000139428,MMAB,3.4282,3.3688,3.7547,3.4235,3.0335,3.6548,3.6939
ENSG00000139433,GLTP,2.6101,2.7181,3.7295,3.5565,2.739,2.3169,3.3892
ENSG00000139437,TCHP,0.74539,0.35813,2.0523,1.4017,-0.99189,1.2239,-0.2126
ENSG00000139496,NUP58,-0.54611,0.43882,0.54975,1.2819,0.29017,0.45759,-0.48553
ENSG00000139505,MTMR6,0.34976,-0.83641,0.90328,0.055681,-0.60638,0.14608,0.21983
ENSG00000139514,SLC7A1,3.3715,3.8323,4.2449,4.1589,4.2557,3.6465,3.3741
ENSG00000139546,TARBP2,3.9264,4.3124,3.9829,4.4118,3.8368,3.6787,3.8609
ENSG00000139579,NABP2,2.2734,2.7909,2.3975,2.9214,2.1189,2.1576,2.2809
ENSG00000139613,SMARCC2,1.923,2.3596,2.7426,2.1388,2.3857,1.9999,2.3366
ENSG00000139620,KANSL2,3.2478,3.7406,3.3594,3.6936,3.5909,3.3485,3.243
ENSG00000139641,ESYT1,2.7574,3.5594,3.2896,3.4322,3.0153,3.9341,2.9142
ENSG00000139644,TMBIM6,1.7804,3.2311,3.0052,3.3415,2.8664,2.6079,2.6013
ENSG00000139645,ANKRD52,1.5731,1.2521,1.7659,0.31511,2.7866,0.88078,1.0044
ENSG00000139651,ZNF740,1.0303,0.13914,0.44167,0.34887,-0.18433,-1.1759,-0.59495
ENSG00000139675,HNRNPA1L2,2.2967,2.7576,2.9125,2.8155,2.5435,2.1491,2.5021
ENSG00000139684,ESD,-0.98149,-0.67901,0.3406,0.76055,-0.15886,-1.1579,-0.7775
ENSG00000139687,RB1,1.9385,1.6266,2.7949,2.8464,2.2964,1.6193,1.6718
ENSG00000139719,VPS33A,1.4624,3.1069,1.8864,3.0801,2.5933,1.715,2.4502
ENSG00000139722,VPS37B,3.0267,3.6786,4.3732,4.541,3.554,3.7585,3.7959
ENSG00000139726,DENR,2.288,2.6423,1.9297,3.7927,2.5483,2.356,2.0834
ENSG00000139734,DIAPH3,-0.53929,-2.1933,-1.1605,-0.68332,-1.8791,-1.4996,-1.9536
ENSG00000139826,ABHD13,3.1332,3.3626,3.9801,3.6269,3.6501,2.5895,3.1185
ENSG00000139842,CUL4A,3.1516,3.3545,3.5369,3.3747,3.5236,3.3685,3.2499
ENSG00000139921,TMX1,2.3403,3.0058,2.2584,3.1361,2.6219,2.1451,1.1337
ENSG00000139977,NAA30,0.65821,1.3254,1.1244,0.93548,1.258,0.5392,1.1361
ENSG00000140006,WDR89,-4.5577,-4.8447,-4.3715,-4.0268,-4.0179,-4.8249,-4.3067
ENSG00000140105,WARS,2.379,2.7273,2.8029,3.3555,3.1884,3.6734,0.87317
ENSG00000140157,NIPA2,3.1076,3.4195,3.4858,3.5331,3.1368,2.8157,2.643
ENSG00000140259,MFAP1,3.5937,4.1237,4.1383,4.2872,3.7461,3.5775,3.5257
ENSG00000140262,TCF12,-0.65765,-0.79224,-0.29818,-0.81464,-0.67179,-1.137,-1.6026
ENSG00000140263,SORD,1.0298,3.075,2.8332,3.4912,2.3177,1.4442,1.4296
ENSG00000140264,SERF2,0.49587,1.0381,0.53029,1.1008,1.3972,0.37229,1.0964
ENSG00000140299,BNIP2,2.5247,2.7846,3.3317,3.0156,2.8956,2.303,1.6337
ENSG00000140307,GTF2A2,1.3808,0.76573,1.5448,2.2638,0.97815,1.6195,0.50319
ENSG00000140319,SRP14,-0.11261,-0.43896,-0.47592,0.34268,0.51642,0.096008,-0.56398
ENSG00000140350,ANP32A,1.6662,2.0086,1.0956,2.6229,1.5621,1.1996,1.5089
ENSG00000140365,COMMD4,4.2746,4.3206,4.4143,4.8761,3.5583,3.8015,3.5745
ENSG00000140367,UBE2Q2,1.6136,1.2898,1.289,1.4783,1.7761,1.2058,1.5152
ENSG00000140374,ETFA,1.3282,0.44839,0.52409,1.5078,1.3074,0.6746,0.24222
ENSG00000140382,HMG20A,0.51977,-1.2494,-1.3233,-1.7119,-0.93949,-1.2711,-0.26487
ENSG00000140391,TSPAN3,3.7083,3.9179,4.0678,3.9217,4.0657,3.3917,2.9068
ENSG00000140395,WDR61,0.093687,-0.046988,-0.074415,-0.099201,-0.16089,0.12827,-0.050978
ENSG00000140406,TLNRD1,3.6146,4.0265,4.4764,3.8804,3.9925,3.5397,3.3834
ENSG00000140416,TPM1,1.4101,0.121,1.1328,0.20198,1.9366,-0.30016,0.86171
ENSG00000140455,USP3,2.7665,2.9469,3.2647,3.119,2.5743,3.0634,3.0479
ENSG00000140497,SCAMP2,0.93699,2.5665,1.7897,2.9948,1.6316,2.6892,2.5552
ENSG00000140521,POLG,2.6608,3.5051,3.4681,3.5077,3.1888,3.0356,3.129
ENSG00000140525,FANCI,1.5831,2.229,1.5219,2.3142,0.77807,2.0346,1.856
ENSG00000140526,ABHD2,0.26472,1.8453,1.4738,0.65405,-0.28429,-0.86358,1.7224
ENSG00000140553,UNC45A,2.9884,3.4763,2.7282,3.3999,3.218,2.85,2.9699
ENSG00000140564,FURIN,1.9436,2.3187,1.2458,0.82383,2.0814,1.72,-0.36609
ENSG00000140575,IQGAP1,3.2853,3.2248,3.7044,3.7911,2.6316,2.5875,2.866
ENSG00000140577,CRTC3,0.254,-1.1924,-0.80234,0.84001,-0.21323,-0.1245,-1.0265
ENSG00000140598,EFL1,-1.8359,-0.18195,-1.0052,-0.70861,-1.3423,-1.5568,-1.0433
ENSG00000140612,SEC11A,3.0781,3.4222,3.3924,3.2206,2.4938,3.9539,3.098
ENSG00000140632,GLYR1,3.4066,4.0839,2.1683,3.4397,3.6791,2.5967,2.4459
ENSG00000140650,PMM2,3.7847,3.7158,3.5091,3.7451,3.7837,3.7018,3.8133
ENSG00000140688,C16orf58,3.7475,3.9742,4.33,4.2358,3.981,4.2122,3.234
ENSG00000140694,PARN,0.6596,-0.93701,-0.60362,-1.0747,-0.91168,-0.23369,0.11954
ENSG00000140740,UQCRC2,0.41249,0.31694,1.007,1.7253,0.47393,0.6903,0.52433
ENSG00000140743,CDR2,3.5947,3.915,4.0843,4.0465,4.4662,3.5388,3.2639
ENSG00000140750,ARHGAP17,-0.71111,0.29257,0.72896,0.41109,0.6842,-0.92563,0.26822
ENSG00000140829,DHX38,2.8236,3.5228,3.7707,3.9356,3.5191,3.3395,3.2814
ENSG00000140854,KATNB1,2.7106,3.4946,3.6397,3.0421,3.1244,3.7339,1.4945
ENSG00000140905,GCSH,1.0813,1.3555,1.074,2.3799,2.0454,0.56076,1.5659
ENSG00000140941,MAP1LC3B,1.1434,1.7992,0.78606,1.3038,1.7368,1.8185,1.7802
ENSG00000140943,MBTPS1,3.3567,3.1868,3.7826,4.0177,4.0669,3.2557,3.6188
ENSG00000140948,ZCCHC14,1.4403,1.9556,2.1633,2.3101,2.1443,2.0661,2.349
ENSG00000140983,RHOT2,2.9913,3.9968,3.5305,2.5092,3.4417,3.3309,2.9945
ENSG00000140988,RPS2,3.5419,4.257,4.0146,3.7886,3.5901,3.4724,3.6415
ENSG00000140990,NDUFB10,3.8574,2.8447,3.1457,4.4072,3.4945,2.4828,2.7133
ENSG00000140992,PDPK1,1.4516,2.0194,2.2137,3.3171,3.2159,2.1842,2.2394
ENSG00000140995,DEF8,0.16731,1.0267,0.24493,1.2173,0.067887,0.49143,0.28255
ENSG00000141002,TCF25,1.7636,2.5039,2.8203,3.0643,1.7744,2.2898,2.9403
ENSG00000141030,COPS3,0.32991,0.040254,0.0423,0.72447,0.52734,0.08258,-0.86655
ENSG00000141034,GID4,-0.26982,-1.7309,-1.1344,0.20235,-1.0325,-1.449,-2.0725
ENSG00000141076,UTP4,2.7265,3.4882,3.1057,3.8988,3.0184,1.93,2.1155
ENSG00000141084,RANBP10,0.65724,2.2044,3.1557,2.9692,2.048,2.5211,0.83843
ENSG00000141101,NOB1,4.3114,4.6225,4.8083,5.0865,4.8163,4.6918,4.6214
ENSG00000141127,PRPSAP2,2.669,2.4894,3.1056,3.1406,3.1152,2.3482,1.2074
ENSG00000141179,PCTP,2.1852,3.3285,2.9714,2.8991,3.7544,2.5806,2.4707
ENSG00000141198,TOM1L1,1.2162,1.3639,2.469,2.5684,2.464,2.1164,0.96982
ENSG00000141219,C17orf80,2.0397,2.0536,3.0786,2.9773,2.7306,1.9904,2.289
ENSG00000141232,TOB1,2.4335,2.388,1.6229,2.2731,0.8717,1.1003,1.6342
ENSG00000141258,SGSM2,2.0122,3.0443,2.1844,1.9538,2.8594,1.6979,2.4237
ENSG00000141279,NPEPPS,3.0966,3.7851,3.8629,4.0233,3.4976,3.2354,3.2836
ENSG00000141295,SCRN2,1.3974,1.9476,2.2651,2.077,1.5064,0.27302,0.35399
ENSG00000141349,G6PC3,2.8954,2.7573,2.8795,2.5711,2.0209,3.0689,2.8318
ENSG00000141367,CLTC,2.9635,2.9903,3.2434,3.4756,2.8934,2.8222,3.1344
ENSG00000141378,PTRH2,4.2602,4.1359,4.5961,4.6422,4.4235,4.1907,4.333
ENSG00000141380,SS18,3.298,4.1226,4.3153,4.0336,3.7642,3.3795,3.63
ENSG00000141385,AFG3L2,3.8246,4.3517,4.3586,4.6595,4.4412,4.3866,3.8187
ENSG00000141401,IMPA2,0.91583,1.4841,0.62593,1.0711,1.1119,0.59208,-0.2616
ENSG00000141424,SLC39A6,-0.83119,-0.68909,-0.6851,-0.023317,0.030269,-0.56268,0.066856
ENSG00000141425,RPRD1A,-0.19203,0.51519,0.61459,1.232,1.0943,1.2399,0.37513
ENSG00000141428,C18orf21,1.8028,2.8266,2.4486,2.9475,2.7504,2.8733,2.5824
ENSG00000141429,GALNT1,3.7938,4.446,4.1098,4.2372,4.4565,3.1965,3.5997
ENSG00000141452,C18orf8,-0.17301,0.090133,-0.74892,-0.35166,-0.6733,-0.66857,-1.3131
ENSG00000141458,NPC1,3.3435,3.643,4.4947,3.6947,4.2788,3.4852,3.0062
ENSG00000141499,WRAP53,1.4958,-0.56811,-0.56527,-0.69739,-0.26402,0.22476,-0.37495
ENSG00000141503,MINK1,-2.0324,-1.9441,-0.79741,-1.4203,-1.6894,-1.5463,-2.254
ENSG00000141504,SAT2,3.6787,3.6991,2.8956,3.6789,3.3087,2.8708,2.3575
ENSG00000141522,ARHGDIA,5.2651,5.0444,5.6943,5.5998,5.0336,4.7106,4.8807
ENSG00000141524,TMC6,1.3497,0.74776,1.2065,0.80495,1.6753,1.5904,0.33473
ENSG00000141543,EIF4A3,3.6698,3.6897,4.473,4.7304,3.5455,3.7949,3.155
ENSG00000141551,CSNK1D,3.3237,3.8022,4.6021,4.3839,4.1394,3.6676,3.7597
ENSG00000141552,ANAPC11,3.0473,3.2295,3.2916,3.2646,2.9762,3.344,2.987
ENSG00000141556,TBCD,2.1022,1.9929,0.62457,1.7923,1.5209,0.28862,-0.27599
ENSG00000141560,FN3KRP,4.0719,3.73,3.8847,4.153,3.96,3.6274,3.726
ENSG00000141562,NARF,1.7618,2.1886,2.0658,2.6664,2.063,2.6494,1.4234
ENSG00000141564,RPTOR,3.2314,3.3477,3.4513,3.7322,3.7405,3.2292,3.3983
ENSG00000141568,FOXK2,3.7447,3.8409,4.096,4.443,4.5118,4.019,3.6508
ENSG00000141569,TRIM65,2.6707,2.3189,2.0195,3.1126,0.87787,2.6457,1.6645
ENSG00000141580,WDR45B,4.0356,4.4049,4.4383,4.6182,4.3236,3.8727,4.1899
ENSG00000141627,DYM,0.42741,2.399,0.87823,2.1137,1.7724,-0.058747,1.1304
ENSG00000141646,SMAD4,-1.4275,-0.58108,-0.60663,-1.2727,-0.72353,-1.6146,-1.5348
ENSG00000141682,PMAIP1,2.9487,4.6347,4.1402,4.2613,3.66,3.5174,3.3776
ENSG00000141698,NT5C3B,3.7862,3.7535,3.4447,4.1985,4.0913,3.6284,3.2662
ENSG00000141741,MIEN1,3.4089,3.3427,4.0398,3.8161,2.8984,3.3526,3.3703
ENSG00000141759,TXNL4A,3.1612,3.8287,3.5929,4.1177,3.9126,3.4534,2.9166
ENSG00000141858,SAMD1,2.6577,3.1017,2.7491,3.1096,2.0061,2.4799,2.1761
ENSG00000141867,BRD4,2.2223,2.5942,2.5059,2.3514,2.8868,2.8409,2.8227
ENSG00000141873,SLC39A3,4.0677,4.6187,4.3917,4.797,5.0012,4.9489,4.0232
ENSG00000141933,TPGS1,4.6267,4.6862,4.9446,4.7771,4.1709,4.4493,4.4204
ENSG00000141959,PFKL,1.7933,3.4484,3.5006,2.7051,2.5653,2.5128,2.8854
ENSG00000141965,FEM1A,2.9987,2.449,2.1003,2.8344,1.7107,0.86963,1.3483
ENSG00000141971,MVB12A,2.1773,1.8859,3.0715,3.4034,2.7483,2.074,-0.27337
ENSG00000141985,SH3GL1,2.3534,3.28,2.7192,3.873,2.4951,2.3166,1.6338
ENSG00000141994,DUS3L,1.4219,3.2054,2.7725,3.4206,1.5275,1.8134,2.0952
ENSG00000142002,DPP9,2.7802,2.5791,3.1314,3.1289,2.5574,1.9289,1.5288
ENSG00000142039,CCDC97,3.5845,3.3829,2.6305,3.7795,3.3233,2.4323,2.861
ENSG00000142082,SIRT3,4.1716,3.6384,3.7003,3.7049,3.9863,3.0528,3.4706
ENSG00000142166,IFNAR1,2.7172,2.7997,3.615,2.9406,3.0321,3.0399,2.8835
ENSG00000142168,SOD1,1.3566,1.3837,1.6821,2.3087,1.4463,1.7527,0.98786
ENSG00000142186,SCYL1,3.0191,3.3083,3.7235,3.7612,3.7474,3.5603,3.2974
ENSG00000142207,URB1,3.2293,4.0424,4.0882,4.0764,3.29,3.067,3.3747
ENSG00000142208,AKT1,3.1602,3.3791,3.9539,4.0805,3.857,3.1749,3.5713
ENSG00000142230,SAE1,3.7546,4.1481,3.6909,4.0593,3.7999,3.2553,3.1576
ENSG00000142252,GEMIN7,4.4549,4.6803,4.1756,4.6567,4.4865,4.3613,4.506
ENSG00000142327,RNPEPL1,3.3965,3.5841,4.1162,3.7816,4.1093,3.976,3.464
ENSG00000142396,ERVK3-1,3.7287,3.6518,3.6351,4.0661,3.8423,4.0696,3.897
ENSG00000142409,ZNF787,3.8524,4.3648,4.3575,4.3911,4.446,3.8259,3.4558
ENSG00000142444,TIMM29,3.4172,4.2198,3.9881,3.8084,2.9525,3.7194,3.8726
ENSG00000142453,CARM1,3.7031,4.8483,4.1927,4.7554,4.4067,3.6754,4.4982
ENSG00000142507,PSMB6,1.459,1.6056,1.6339,1.9463,1.5817,1.2512,0.60408
ENSG00000142534,RPS11,2.3528,2.4163,2.2941,2.7109,2.2753,2.4932,2.1291
ENSG00000142541,RPL13A,4.8491,5.4241,5.7514,5.4723,4.9512,5.4117,4.799
ENSG00000142544,CTU1,3.3396,3.5293,3.4467,3.6904,2.7013,3.3634,3.815
ENSG00000142546,NOSIP,2.4653,1.8956,2.6284,2.4308,1.2106,2.2314,1.8764
ENSG00000142599,RERE,-0.23976,1.5988,1.3419,1.7218,0.49498,2.4463,0.91858
ENSG00000142634,EFHD2,3.3532,3.0252,4.1957,3.8205,2.4284,3.1041,2.5763
ENSG00000142655,PEX14,3.8484,4.0808,4.1071,4.3894,4.0325,3.8176,3.2224
ENSG00000142657,PGD,5.3653,4.9769,4.6093,5.145,4.5623,4.5322,4.4695
ENSG00000142669,SH3BGRL3,2.597,2.9266,3.3073,3.1154,1.2759,2.7053,2.2851
ENSG00000142676,RPL11,3.7626,4.1871,4.1398,4.2283,3.4439,3.7865,3.9794
ENSG00000142684,ZNF593,4.2669,4.3975,4.5009,4.8157,4.354,4.3284,4.4394
ENSG00000142687,KIAA0319L,2.681,3.8972,3.3057,3.7765,3.6674,3.5067,2.487
ENSG00000142694,EVA1B,4.3537,4.5005,4.8991,4.8825,3.92,4.7249,4.2143
ENSG00000142731,PLK4,0.33974,0.10285,0.94776,1.7918,0.036565,0.2256,-0.97019
ENSG00000142751,GPN2,3.1217,3.2255,3.1441,3.6884,3.0251,3.1383,2.8654
ENSG00000142798,HSPG2,3.0795,3.4488,3.0444,2.5855,3.3481,3.5717,2.7639
ENSG00000142856,ITGB3BP,0.995,-0.46932,0.4514,0.78636,-0.15277,-0.5966,-1.3797
ENSG00000142864,SERBP1,3.8108,4.6852,4.5919,4.5479,4.3234,3.8307,3.823
ENSG00000142867,BCL10,-1.1858,-1.2524,-0.77673,-0.35433,-1.5553,-1.1356,-1.4608
ENSG00000142892,PIGK,-1.0261,-0.86358,-0.086625,-0.1547,-0.28373,-0.1395,-1.5054
ENSG00000142937,RPS8,1.0756,1.2048,1.501,1.5186,0.68603,0.73512,1.0219
ENSG00000142945,KIF2C,2.4477,2.5111,3.2907,3.206,0.81834,3.395,1.6468
ENSG00000143013,LMO4,3.0186,3.6853,3.7483,3.9752,3.8933,3.4586,2.6888
ENSG00000143033,MTF2,-1.8432,-2.2839,-2.889,-2.6313,-2.7413,-2.7682,-2.2966
ENSG00000143106,PSMA5,1.4927,2.0697,2.7022,2.2563,2.5752,2.8313,1.0136
ENSG00000143149,ALDH9A1,1.1922,1.1787,1.3991,1.3627,1.1688,0.24055,0.31666
ENSG00000143155,TIPRL,2.9371,3.347,3.3661,3.4028,2.2172,3.5484,2.3495
ENSG00000143157,POGK,2.8241,3.5349,3.5541,3.586,3.3179,2.8855,2.8952
ENSG00000143158,MPC2,1.6219,0.20446,0.253,2.0101,0.77281,0.71554,-0.59454
ENSG00000143162,CREG1,2.3857,2.8335,2.8108,3.1077,2.7708,4.4106,2.637
ENSG00000143164,DCAF6,0.014966,-0.96583,-0.17245,-0.98605,-0.89468,0.93513,0.1349
ENSG00000143179,UCK2,2.9237,2.9679,3.293,3.3951,3.0081,1.6375,2.1372
ENSG00000143183,TMCO1,0.80109,0.007283,0.64958,3.0377,2.2605,2.0197,0.17321
ENSG00000143198,MGST3,0.015111,-0.54736,-0.037039,-0.11034,-0.033245,-0.6693,-1.0852
ENSG00000143207,RFWD2,1.3079,2.8637,2.3115,2.8776,2.2609,2.3356,1.2945
ENSG00000143222,UFC1,3.061,3.4941,3.2071,3.6547,2.9995,3.5648,2.4639
ENSG00000143228,NUF2,0.22212,-0.61278,1.0417,0.85061,1.2777,0.50859,0.70506
ENSG00000143252,SDHC,2.5552,2.5679,2.6432,2.6715,2.2983,1.8259,2.0148
ENSG00000143256,PFDN2,3.0349,3.0025,3.8129,3.8664,3.2037,3.1553,3.0859
ENSG00000143294,PRCC,3.3796,4.024,4.1742,4.0914,3.6871,3.637,3.5924
ENSG00000143303,RRNAD1,2.1832,3.2909,2.9722,2.3931,2.1345,3.3115,1.8682
ENSG00000143314,MRPL24,1.5744,0.80023,1.1208,1.6891,-0.31089,0.26533,0.98388
ENSG00000143319,ISG20L2,3.795,4.1366,4.3178,4.38,3.8643,3.3532,3.6761
ENSG00000143321,HDGF,2.589,3.2465,3.1015,3.1284,1.5017,2.5144,2.3512
ENSG00000143322,ABL2,1.022,0.0010331,0.25367,0.24835,-0.16214,0.50144,0.027936
ENSG00000143324,XPR1,2.6877,3.1672,3.1507,2.9513,3.0609,2.768,2.6411
ENSG00000143337,TOR1AIP1,1.694,-0.13815,0.57332,1.6379,0.34903,0.31231,0.32143
ENSG00000143363,PRUNE1,2.822,3.8515,3.6061,3.213,3.3126,2.9788,3.2729
ENSG00000143368,SF3B4,4.2753,4.6095,4.8847,4.9258,4.2829,3.9227,4.5522
ENSG00000143373,ZNF687,2.4636,3.3141,2.3574,2.654,0.99891,1.717,1.84
ENSG00000143374,TARS2,3.2408,3.4727,3.7106,2.9008,3.2415,3.8409,3.4731
ENSG00000143379,SETDB1,1.4351,1.6262,2.5305,2.4272,2.4156,1.9922,2.1582
ENSG00000143384,MCL1,3.2325,3.918,4.8161,3.9595,3.8281,3.1775,3.5724
ENSG00000143390,RFX5,-0.017326,1.4528,-0.079818,0.68219,-0.48237,0.5338,0.23001
ENSG00000143393,PI4KB,3.0723,3.3273,3.8277,3.6954,3.176,3.2125,3.1433
ENSG00000143398,PIP5K1A,3.6089,4.1411,4.5241,4.0336,3.8795,3.1078,3.6594
ENSG00000143401,ANP32E,-0.85626,-0.56419,0.10291,-0.17871,0.29105,-0.0092513,-0.86434
ENSG00000143418,CERS2,1.9812,2.7203,2.7369,3.2202,2.8914,2.4167,2.1251
ENSG00000143420,ENSA,2.0061,2.9585,2.9076,3.2325,2.0643,2.394,2.7898
ENSG00000143436,MRPL9,3.2041,3.3893,3.6955,3.7514,3.1826,3.3663,3.009
ENSG00000143437,ARNT,-3.0852,-2.5558,-2.8171,-3.1957,-2.6223,-3.0896,-2.744
ENSG00000143457,GOLPH3L,3.1892,3.5274,4.0813,3.5873,3.0339,2.8834,3.5709
ENSG00000143476,DTL,-1.9349,-2.3544,-2.7758,-2.7715,-2.2214,-3.2136,-2.962
ENSG00000143486,EIF2D,1.1909,1.1012,2.3144,2.3561,2.5718,2.215,1.2351
ENSG00000143499,SMYD2,2.0395,-0.24037,2.6508,2.4075,2.3873,1.433,0.48917
ENSG00000143514,TP53BP2,2.9559,3.2732,2.8497,3.1668,2.972,2.9944,2.5443
ENSG00000143515,ATP8B2,1.8872,2.0006,2.5606,2.5871,1.8443,1.4537,1.771
ENSG00000143537,ADAM15,2.5291,2.1988,3.643,3.3653,1.6037,2.9043,2.499
ENSG00000143543,JTB,4.38,4.5427,4.688,5.1138,4.8603,5.0202,4.9385
ENSG00000143545,RAB13,-0.7645,-0.040795,-0.076175,0.56792,-0.28495,1.1375,-0.7854
ENSG00000143549,TPM3,2.138,2.2576,2.6707,2.5893,2.3706,1.8755,1.7255
ENSG00000143553,SNAPIN,3.5861,3.5151,4.1076,3.9829,3.0878,3.4965,3.767
ENSG00000143569,UBAP2L,2.3035,2.6031,2.6891,2.5131,2.5469,1.5897,2.151
ENSG00000143570,SLC39A1,0.94868,1.8059,0.76398,0.28189,-0.020755,0.8049,-0.35726
ENSG00000143575,HAX1,1.2151,1.2033,1.2586,1.9116,2.2173,2.1158,1.5387
ENSG00000143612,C1orf43,4.0442,4.0967,4.4921,4.5262,4.2333,4.1333,4.0877
ENSG00000143621,ILF2,4.0316,4.5691,4.4942,4.8948,4.232,4.1506,3.7437
ENSG00000143641,GALNT2,4.1739,4.4774,4.5044,4.0889,4.3428,3.8001,3.0919
ENSG00000143727,ACP1,1.4815,1.5599,2.1284,2.3246,2.0764,-0.53656,1.1106
ENSG00000143740,SNAP47,3.5411,4.1444,4.0619,4.1549,3.7293,4.1189,3.5276
ENSG00000143742,SRP9,2.1728,2.2949,1.8229,2.9294,2.388,2.4192,1.0511
ENSG00000143748,NVL,0.454,0.96965,1.8868,1.3336,0.72784,0.59384,-0.68699
ENSG00000143753,DEGS1,3.7632,3.7482,3.86,3.9566,3.7719,3.4572,3.2376
ENSG00000143756,FBXO28,2.813,3.7743,3.282,3.5518,3.4511,2.9461,2.7559
ENSG00000143761,ARF1,3.2308,4.1613,3.8879,4.3568,3.5643,4.1268,3.3251
ENSG00000143771,CNIH4,1.2526,1.7418,1.0267,1.63,1.5924,1.7549,0.94485
ENSG00000143774,GUK1,2.1122,2.5998,3.3519,2.8264,2.5473,2.9779,2.2931
ENSG00000143793,C1orf35,2.241,2.6275,2.3487,2.8738,2.6879,2.7024,2.4347
ENSG00000143799,PARP1,1.8122,2.7938,1.9735,2.0443,1.382,2.1567,2.5116
ENSG00000143811,PYCR2,3.0005,3.7104,3.6298,4.2506,3.4356,4.0735,2.8589
ENSG00000143815,LBR,2.1024,2.8051,2.4718,3.22,2.6504,2.3721,2.0112
ENSG00000143819,EPHX1,0.93149,0.87293,-0.19336,0.38318,0.83478,0.24146,0.019993
ENSG00000143862,ARL8A,1.1064,2.2053,0.61614,1.8582,1.046,0.26653,1.1948
ENSG00000143870,PDIA6,3.8484,4.3428,4.3315,3.9345,4.4473,3.7556,3.3962
ENSG00000143878,RHOB,4.2781,3.6434,3.5776,4.7711,5.523,3.5668,4.1765
ENSG00000143889,HNRNPLL,2.2682,2.7774,1.9101,1.7617,2.4454,2.0495,0.10359
ENSG00000143924,EML4,2.532,3.246,2.3209,2.6562,3.7194,2.176,2.2345
ENSG00000143933,CALM2,3.2672,3.4779,3.9369,3.6038,3.7388,3.3028,2.0886
ENSG00000143942,CHAC2,3.2298,3.236,2.2923,3.1661,2.519,1.801,2.0404
ENSG00000143947,RPS27A,1.8097,2.1632,2.3927,1.7731,1.8121,2.2979,0.89239
ENSG00000143952,VPS54,2.2663,1.8046,2.7489,3.098,3.5548,2.7023,2.4842
ENSG00000143970,ASXL2,0.29767,-0.3228,0.26494,-0.10086,-0.87317,-1.3893,-0.034267
ENSG00000143971,ETAA1,2.5104,3.0571,2.6675,2.4862,2.2184,1.9876,2.5918
ENSG00000143977,SNRPG,0.096068,0.49492,0.046419,0.6162,0.046464,0.62421,0.63868
ENSG00000144021,CIAO1,4.3808,4.1668,4.7458,4.6078,4.2809,4.4009,4.2201
ENSG00000144028,SNRNP200,0.80505,1.8016,2.3626,2.4193,1.4954,1.9438,1.7072
ENSG00000144029,MRPS5,3.0562,2.8752,3.524,3.5208,3.4059,3.1933,2.4615
ENSG00000144034,TPRKB,-0.87388,-1.1871,-0.77839,-0.62925,-0.027149,-0.65743,-1.4514
ENSG00000144043,TEX261,1.9037,1.0838,1.9783,2.5135,1.6984,0.6758,1.2791
ENSG00000144048,DUSP11,3.3738,3.6052,3.7741,3.8375,3.4936,3.2165,3.6084
ENSG00000144118,RALB,3.0539,2.7249,3.9822,3.3976,3.4894,3.181,2.9602
ENSG00000144136,SLC20A1,3.5969,4.0609,4.8296,4.212,4.0656,3.8054,2.7499
ENSG00000144224,UBXN4,2.7092,3.0795,3.2953,3.3763,3.4255,2.9821,2.7456
ENSG00000144231,POLR2D,3.4629,4.0366,3.8437,3.8344,3.7081,3.6333,3.4476
ENSG00000144233,AMMECR1L,-0.16214,1.6857,1.915,1.161,1.756,1.1701,1.7562
ENSG00000144283,PKP4,3.0711,3.5333,3.3781,3.4273,3.4888,3.1855,3.3994
ENSG00000144354,CDCA7,0.65997,1.1566,0.63579,1.6064,-0.95898,0.043198,0.66373
ENSG00000144381,HSPD1,3.8181,4.1844,3.9565,4.5584,4.1776,3.4326,3.5362
ENSG00000144401,METTL21A,0.67673,0.66087,1.1754,1.0406,0.48273,0.9398,0.50806
ENSG00000144559,TAMM41,-0.30865,-1.0754,0.30041,-0.17449,-0.26765,-0.91079,-0.78554
ENSG00000144566,RAB5A,3.1742,3.7248,4.1292,3.6525,3.4735,3.3301,3.1655
ENSG00000144567,RETREG2,3.5545,3.6967,3.9816,3.8545,4.2391,3.0414,3.6086
ENSG00000144579,CTDSP1,3.3267,3.47,3.1372,3.4812,3.2045,3.0431,2.5594
ENSG00000144580,CNOT9,1.1941,2.0432,1.1465,2.3179,1.2733,1.8125,-0.50787
ENSG00000144591,GMPPA,2.4187,3.0518,3.0927,2.8734,2.831,3.0319,1.3498
ENSG00000144597,EAF1,1.2125,2.0299,0.93016,1.759,-0.35874,0.2257,1.1116
ENSG00000144635,DYNC1LI1,1.0323,1.3098,1.6788,2.5521,1.6636,2.1276,0.68236
ENSG00000144655,CSRNP1,0.78758,-0.3088,0.51948,-0.11906,-0.073175,-0.026285,-0.51293
ENSG00000144659,SLC25A38,3.3347,3.9036,3.8953,3.7907,3.6747,3.968,3.432
ENSG00000144674,GOLGA4,1.3036,0.38428,2.0293,1.9081,1.1276,1.7412,1.2476
ENSG00000144711,IQSEC1,2.585,2.9888,2.8903,3.1759,3.6248,2.9566,3.3381
ENSG00000144713,RPL32,3.0295,3.4712,3.7037,3.3743,2.7082,3.0258,2.681
ENSG00000144744,UBA3,0.48047,1.0834,2.1908,2.4485,1.9099,1.1634,0.25143
ENSG00000144746,ARL6IP5,3.5818,3.5901,4.2803,3.9515,3.7488,3.1237,4.0787
ENSG00000144747,TMF1,-0.79937,1.1132,1.622,1.7268,1.7036,-0.81606,0.79282
ENSG00000144791,LIMD1,0.38004,-0.22307,-0.55913,-0.0066224,-0.20779,0.25612,0.3918
ENSG00000144827,ABHD10,2.2328,1.7931,3.1979,3.5522,2.745,1.3264,1.902
ENSG00000144840,RABL3,1.4334,1.2402,1.9092,1.8848,1.8102,1.5174,1.3896
ENSG00000144848,ATG3,1.396,2.5632,3.4541,2.6387,0.99238,2.4279,1.6414
ENSG00000144867,SRPRB,2.6301,2.852,3.1929,3.7045,3.2476,2.1734,2.4604
ENSG00000144895,EIF2A,3.6747,3.8895,4.7583,4.2217,3.7073,4.0358,3.3919
ENSG00000144909,OSBPL11,-1.8736,-1.6031,-1.8882,-1.5745,-1.4707,-1.7497,-2.4064
ENSG00000145041,DCAF1,2.3716,2.7387,2.6473,3.4934,1.9678,2.0184,2.136
ENSG00000145050,MANF,3.2247,4.0859,4.2724,4.2664,3.6774,3.8443,3.0158
ENSG00000145191,EIF2B5,1.7533,2.6548,3.5486,3.4364,3.0361,3.1612,2.795
ENSG00000145194,ECE2,3.6003,3.7126,3.5654,3.9898,3.0422,3.422,3.3628
ENSG00000145216,FIP1L1,-0.74148,-0.19161,0.88169,-0.44138,-0.79907,-0.52852,0.30394
ENSG00000145220,LYAR,0.27432,0.7695,0.32869,1.2091,0.054735,0.87122,0.58416
ENSG00000145293,ENOPH1,1.4991,2.466,1.8299,2.6683,1.6678,1.2402,1.3604
ENSG00000145337,PYURF,3.513,3.9118,4.2512,4.0767,3.7414,4.1217,3.2625
ENSG00000145354,CISD2,-0.56631,-1.1913,-0.92307,-0.49684,-0.79916,-0.17245,0.27818
ENSG00000145365,TIFA,0.74516,-0.85752,1.6684,2.1956,1.5408,1.9638,1.0553
ENSG00000145386,CCNA2,1.0438,2.069,1.7316,2.4308,1.4213,1.8372,0.67939
ENSG00000145414,NAF1,-0.55009,0.29428,0.69399,1.3384,0.49686,0.32686,-0.054567
ENSG00000145425,RPS3A,0.58982,1.0789,1.1121,1.0858,0.97087,0.9637,0.65802
ENSG00000145439,CBR4,-0.70411,-0.71758,-1.4757,-0.84184,-0.71366,-1.0721,-1.3539
ENSG00000145494,NDUFS6,-0.35762,0.18809,-0.30069,0.073541,-0.36968,-0.3727,-0.10142
ENSG00000145495,MARCH6,2.3184,2.3285,2.8333,3.0208,2.5488,2.4212,1.8823
ENSG00000145545,SRD5A1,-1.71,0.57222,-0.78955,-0.39355,-0.86229,0.11614,-0.96732
ENSG00000145592,RPL37,2.1452,2.7988,2.5495,2.6359,1.9189,2.4625,2.1859
ENSG00000145715,RASA1,-0.26467,1.0477,1.8132,0.96685,0.29727,0.72793,1.2783
ENSG00000145740,SLC30A5,2.5212,2.5322,2.9709,2.9215,2.5953,2.7124,2.289
ENSG00000145741,BTF3,3.4245,3.3563,3.9,4.0858,3.2207,3.6466,3.2341
ENSG00000145780,FEM1C,-2.7993,-2.4277,-1.2237,-2.6674,-2.8432,-3.0341,-3.673
ENSG00000145781,COMMD10,-0.4077,1.1173,-0.41911,0.45431,-0.5506,-0.46828,-1.1764
ENSG00000145782,ATG12,2.8202,3.3384,3.8606,4.0643,3.3403,2.9726,3.1299
ENSG00000145817,YIPF5,3.5662,3.6709,4.2167,3.5961,3.9417,3.6029,3.0172
ENSG00000145833,DDX46,0.97101,0.53563,-0.53812,0.81679,-0.42733,-0.68636,-0.011252
ENSG00000145901,TNIP1,4.2487,3.8414,4.9022,3.7878,4.2545,3.9756,3.3826
ENSG00000145907,G3BP1,3.7303,4.2286,4.3656,4.3289,4.0164,3.2428,3.0959
ENSG00000145912,NHP2,1.1309,1.2375,1.5746,1.5531,0.57353,-0.1754,0.8782
ENSG00000145916,RMND5B,2.4729,2.0415,2.2239,1.1955,1.4989,2.0817,1.7583
ENSG00000145919,BOD1,3.7104,4.6546,4.0113,4.2086,4.4932,3.4496,4.1984
ENSG00000145979,TBC1D7,-0.87587,0.3487,-0.28575,0.22208,0.52656,-0.14107,-0.84761
ENSG00000145982,FARS2,3.1747,3.5058,4.2378,3.9974,3.2978,3.8985,3.295
ENSG00000146007,ZMAT2,2.645,3.1419,2.3825,2.9008,1.9554,2.0857,2.1366
ENSG00000146063,TRIM41,-1.931,-2.7045,-1.6644,-2.0091,-2.5691,-2.6463,-2.4546
ENSG00000146066,HIGD2A,3.917,4.2492,4.2186,4.3134,4.1332,4.7037,4.257
ENSG00000146083,RNF44,1.8546,3.2606,2.0482,1.7843,2.2083,2.0514,1.628
ENSG00000146085,MUT,1.3193,1.7351,2.5933,1.8632,1.3705,2.3293,2.5578
ENSG00000146109,ABT1,3.6524,4.2844,4.2687,4.6068,4.4239,4.2128,3.9908
ENSG00000146143,PRIM2,1.894,2.6181,2.6744,2.5078,1.6383,2.2199,0.78827
ENSG00000146223,RPL7L1,2.625,3.2266,3.4222,3.3624,3.3655,2.9774,3.1797
ENSG00000146232,NFKBIE,3.6308,3.7662,3.7293,4.0189,3.6211,3.4191,3.4354
ENSG00000146247,PHIP,0.22017,1.0317,0.53809,2.0514,-0.50149,0.82088,1.6921
ENSG00000146278,PNRC1,3.1609,3.4811,4.2512,3.3912,4.1303,3.6105,3.8121
ENSG00000146282,RARS2,-0.60948,0.23178,0.54984,2.0081,0.41736,0.036588,1.3062
ENSG00000146409,SLC18B1,-3.4246,-3.7833,-3.5609,-3.6037,-3.497,-3.6816,-4.0182
ENSG00000146410,MTFR2,-0.10001,-0.22283,-0.98787,0.81888,-1.0925,-0.66948,-1.0286
ENSG00000146416,AIG1,1.2904,1.9847,3.3835,2.4474,2.9351,2.7152,2.3204
ENSG00000146425,DYNLT1,2.9918,3.0532,4.0043,3.8901,3.4113,3.9552,3.2143
ENSG00000146433,TMEM181,-0.72741,-0.11353,-0.83267,-0.43421,-0.69507,-0.16904,-0.55564
ENSG00000146457,WTAP,3.0718,3.8825,3.5774,4.2709,4.2126,3.6222,3.1388
ENSG00000146463,ZMYM4,2.4015,3.3731,3.2643,3.2268,2.8231,2.8857,2.6416
ENSG00000146476,ARMT1,2.29,3.3543,1.6649,3.1521,2.8859,2.801,3.4904
ENSG00000146535,GNA12,3.2747,4.2193,4.706,3.7496,4.2314,3.3561,3.5685
ENSG00000146540,C7orf50,3.8061,4.1408,3.8629,3.512,3.3165,3.4217,3.9665
ENSG00000146556,WASH2P,1.3979,2.3089,2.9523,3.1496,2.3507,2.8979,2.5375
ENSG00000146574,CCZ1B,-2.189,-1.582,-2.3764,-1.3257,-1.634,-2.181,-0.92137
ENSG00000146576,C7orf26,3.9459,4.1831,4.3776,4.4632,4.5613,3.7123,3.9507
ENSG00000146587,RBAK,1.9705,2.5992,1.9356,2.7192,1.4348,2.8814,2.8968
ENSG00000146670,CDCA5,4.1736,4.4312,4.4812,4.754,3.9654,4.2091,4.1726
ENSG00000146676,PURB,2.9794,3.3013,3.6223,3.0192,2.8001,2.5768,3.0473
ENSG00000146701,MDH2,2.3872,2.2043,2.2238,2.7463,2.8911,2.5015,1.4846
ENSG00000146729,NIPSNAP2,1.6184,1.7197,2.043,2.1857,1.3683,2.035,0.83916
ENSG00000146731,CCT6A,2.9954,3.7087,3.6453,3.9803,3.3257,3.0028,2.2524
ENSG00000146733,PSPH,-0.27276,0.33837,1.4776,2.118,0.36139,0.92784,-0.82386
ENSG00000146802,TMEM168,-1.45,-1.1713,-1.9197,-0.29322,-1.3469,-0.81797,0.091033
ENSG00000146830,GIGYF1,1.739,2.913,1.8069,2.5894,1.736,2.4943,2.2456
ENSG00000146834,MEPCE,3.8932,4.0621,3.8189,4.0511,3.6985,3.6437,4.0571
ENSG00000146918,NCAPG2,0.99905,1.8283,0.87693,1.7855,1.1445,1.8636,1.7599
ENSG00000146963,LUC7L2,1.2362,1.9751,2.0049,2.4104,2.1527,1.654,1.6045
ENSG00000147099,HDAC8,0.58153,1.5189,3.0046,1.5294,0.88207,0.61254,2.3129
ENSG00000147123,NDUFB11,1.5765,2.0929,2.0435,2.1078,1.6838,2.4798,1.6565
ENSG00000147130,ZMYM3,-1.6328,0.18535,-0.87693,-1.1873,-1.8497,-1.6195,-1.5579
ENSG00000147140,NONO,3.6031,3.8967,3.9222,4.2575,3.3418,3.3725,2.7862
ENSG00000147155,EBP,4.0155,4.2089,4.1715,4.7413,3.6606,4.934,4.0518
ENSG00000147162,OGT,2.6968,3.0426,3.4583,3.3398,3.2172,3.4197,3.0012
ENSG00000147164,SNX12,1.0865,2.4603,2.0998,2.0389,1.5318,0.074683,1.1931
ENSG00000147224,PRPS1,1.3015,2.4262,1.7024,2.3484,1.2093,1.9608,0.72266
ENSG00000147274,RBMX,4.0218,4.7286,4.592,4.4762,4.1162,4.1962,3.9766
ENSG00000147324,MFHAS1,2.7995,3.2901,2.5194,3.1636,3.2616,2.0969,1.865
ENSG00000147364,FBXO25,0.48145,0.56298,2.4194,2.1675,2.8017,2.6543,2.6343
ENSG00000147383,NSDHL,3.4751,4.0367,3.7879,3.8886,3.4915,3.7364,3.6097
ENSG00000147400,CETN2,3.2953,3.4047,3.8302,3.6392,3.2747,3.2365,3.5304
ENSG00000147403,RPL10,3.0467,2.4992,3.0492,3.6508,3.222,3.9419,3.0141
ENSG00000147416,ATP6V1B2,1.0983,0.35687,0.48765,1.5972,1.0804,0.083576,0.56576
ENSG00000147419,CCDC25,1.9714,2.6173,2.4232,3.0624,2.2769,1.8325,2.0061
ENSG00000147439,BIN3,3.5055,3.8242,3.6557,4.1532,3.5032,3.699,3.3574
ENSG00000147457,CHMP7,2.8972,3.9973,3.3662,3.7578,2.7012,2.2794,2.3623
ENSG00000147471,PLPBP,1.8631,2.4143,2.2112,2.5897,1.8958,2.052,2.201
ENSG00000147475,ERLIN2,1.0081,0.40829,0.68946,0.051165,0.31237,-0.1592,0.2895
ENSG00000147533,GOLGA7,3.2495,3.3605,3.4351,3.5187,3.3861,3.2019,3.2421
ENSG00000147548,NSD3,2.0246,2.4674,2.0367,2.506,2.4268,1.9429,1.6818
ENSG00000147586,MRPS28,2.4744,2.7206,3.3432,3.4948,3.0838,2.2207,2.8441
ENSG00000147592,LACTB2,-0.8611,-0.55659,-0.93552,-0.40902,-1.039,-0.62753,-1.1857
ENSG00000147601,TERF1,2.0628,4.4468,2.6146,2.6398,1.9457,2.2156,2.1799
ENSG00000147604,RPL7,2.4562,2.8163,2.919,2.6738,2.5529,2.8905,2.2242
ENSG00000147649,MTDH,3.5315,3.4242,4.1223,4.2059,3.4073,2.7754,3.2606
ENSG00000147654,EBAG9,3.3395,2.8849,2.9727,3.2158,3.1515,3.2452,3.3754
ENSG00000147669,POLR2K,0.51737,-0.60837,0.036117,0.17525,0.85236,-0.39211,-0.83639
ENSG00000147677,EIF3H,1.5515,2.9476,3.5229,3.0143,2.991,2.4929,2.6769
ENSG00000147679,UTP23,2.607,2.9649,3.5847,3.3822,2.9382,2.4481,2.4096
ENSG00000147684,NDUFB9,1.7395,1.8285,2.5521,2.5005,2.338,1.9451,1.375
ENSG00000147687,TATDN1,0.15213,0.53314,0.91117,1.0272,0.29216,-0.27089,1.0666
ENSG00000147853,AK3,1.6299,1.284,1.4206,2.0913,2.239,2.0019,1.1109
ENSG00000147874,HAUS6,3.0206,3.5673,3.6533,3.5779,3.3037,2.2591,2.5912
ENSG00000147905,ZCCHC7,-0.30126,-0.46258,-0.47708,0.93279,-1.084,-0.96144,-0.12779
ENSG00000147955,SIGMAR1,3.9977,4.1338,4.0448,4.2029,3.6116,3.4409,2.3833
ENSG00000148090,AUH,1.7209,0.58441,0.57946,1.3482,0.77323,-0.30862,-0.12671
ENSG00000148110,MFSD14B,2.6716,3.0363,3.6706,3.2043,3.0312,2.5453,2.9373
ENSG00000148153,INIP,2.1235,2.9009,3.0278,3.216,3.0972,2.9184,2.7859
ENSG00000148154,UGCG,1.2857,0.052328,1.857,0.8661,-0.74955,0.49736,0.31552
ENSG00000148175,STOM,-0.24381,-0.14756,0.0079567,-0.1357,0.35694,-0.39865,-0.53602
ENSG00000148180,GSN,1.4596,2.4109,3.3007,2.1565,2.5755,2.3892,2.1979
ENSG00000148187,MRRF,1.6923,2.9828,2.8537,3.4733,2.2208,2.1871,2.3764
ENSG00000148218,ALAD,-1.6696,-1.8461,-1.0194,-0.68683,-1.7707,-1.874,-1.7992
ENSG00000148229,POLE3,2.9266,3.1261,3.5105,3.6557,2.5685,2.7474,2.8595
ENSG00000148248,SURF4,3.5983,4.1517,4.4324,3.9389,3.9193,3.3747,3.4039
ENSG00000148290,SURF1,1.4996,2.4857,1.7087,2.2042,0.90812,1.3398,1.2478
ENSG00000148291,SURF2,-0.60868,-0.52204,0.23418,-0.52562,-1.3715,-1.3275,0.55665
ENSG00000148296,SURF6,3.3866,4.2047,4.2075,4.1277,3.513,3.3742,3.2159
ENSG00000148300,REXO4,-0.72799,-0.92731,0.025152,-1.2253,-1.0001,-0.35525,-1.0628
ENSG00000148303,RPL7A,2.9979,3.1118,3.2694,3.2252,3.0146,2.9328,2.3855
ENSG00000148308,GTF3C5,3.0762,3.9416,3.497,3.8789,3.2142,3.6237,3.2151
ENSG00000148331,ASB6,3.6672,3.3586,4.0599,4.5757,3.388,3.2492,3.6476
ENSG00000148334,PTGES2,2.8049,3.1416,2.6897,3.309,2.0969,2.7221,2.4558
ENSG00000148335,NTMT1,3.7066,3.6848,4.1596,4.0981,3.6754,3.1826,3.4215
ENSG00000148337,CIZ1,1.2078,2.0947,2.4089,2.4697,2.2761,1.8652,1.0205
ENSG00000148341,SH3GLB2,0.43752,2.9301,2.7715,2.9138,3.1748,2.9585,2.6714
ENSG00000148362,PAXX,1.9303,1.5868,2.5724,3.0697,0.34519,1.9563,1.3366
ENSG00000148396,SEC16A,2.801,2.567,3.202,3.2678,2.7922,2.7054,3.3819
ENSG00000148399,DPH7,3.4766,3.532,3.4263,4.0553,3.2061,3.2937,3.0102
ENSG00000148411,NACC2,1.5379,-0.12261,0.67337,2.3764,1.2568,1.5786,1.3967
ENSG00000148429,USP6NL,-1.4784,-1.474,-2.2184,-0.27198,-2.1352,-1.8413,-2.2679
ENSG00000148444,COMMD3,0.62538,0.039434,1.7669,0.5443,1.1879,1.1369,1.7755
ENSG00000148450,MSRB2,0.48181,-0.028311,0.28368,0.83478,-0.93443,-0.20507,0.56486
ENSG00000148459,PDSS1,0.3824,0.16783,1.3305,1.7369,1.0181,0.92404,0.76272
ENSG00000148481,MINDY3,0.051567,-0.30172,0.53128,0.61668,-0.53368,1.4625,0.91387
ENSG00000148484,RSU1,0.61259,-0.2409,0.33591,0.64719,0.54503,-0.33117,-0.045871
ENSG00000148572,NRBF2,3.5108,3.8555,3.9227,3.741,3.7728,3.4366,3.3355
ENSG00000148606,POLR3A,0.04277,2.9831,1.696,1.9832,0.89171,2.3464,1.4298
ENSG00000148672,GLUD1,1.5178,2.9877,3.0093,2.306,3.4318,1.5356,2.0264
ENSG00000148688,RPP30,-1.1856,-0.62101,-0.77859,-0.64478,-0.73192,-0.94569,-1.3677
ENSG00000148690,FRA10AC1,-0.79215,-1.5163,-1.132,-0.73964,-0.71395,0.025113,-1.1443
ENSG00000148700,ADD3,0.2843,-0.70551,-0.20757,0.06554,-0.55938,-0.99959,-0.12994
ENSG00000148719,DNAJB12,-0.19585,-1.0048,0.095604,-0.13589,-0.0073843,-0.80559,-0.072396
ENSG00000148730,EIF4EBP2,0.19183,2.0955,0.85917,1.6978,1.2829,0.93772,0.62908
ENSG00000148834,GSTO1,3.652,2.4659,4.4946,4.2474,4.3344,4.2396,2.0935
ENSG00000148840,PPRC1,-1.6231,-1.3782,-1.6251,-0.36493,-1.5116,-1.3747,-2.1737
ENSG00000148843,PDCD11,3.654,4.1114,3.9651,4.5734,3.9445,3.6962,3.496
ENSG00000148925,BTBD10,2.9804,3.3479,3.8606,3.3359,3.2328,2.8391,2.7808
ENSG00000148943,LIN7C,-1.8524,-2.0944,-2.8277,-2.6893,-2.2663,-2.475,-2.4501
ENSG00000148950,IMMP1L,-0.7813,-1.8938,-1.1479,0.11233,-1.6316,-1.555,-1.8463
ENSG00000148985,PGAP2,3.1304,3.7219,3.0834,3.5789,3.3362,3.1951,3.3174
ENSG00000149084,HSD17B12,1.624,1.8701,1.2298,2.0509,2.0191,1.8365,1.3528
ENSG00000149089,APIP,0.92814,0.2096,0.16627,1.2058,-0.82757,0.90604,0.48343
ENSG00000149091,DGKZ,2.9179,2.796,3.0677,3.2779,2.9309,2.6737,2.0701
ENSG00000149100,EIF3M,0.52037,0.93272,0.58581,0.72686,0.19086,0.5369,-0.64732
ENSG00000149115,TNKS1BP1,3.1229,3.5683,3.6033,3.1769,2.8811,2.8472,2.9125
ENSG00000149136,SSRP1,1.8341,1.4818,1.637,2.2305,1.7271,1.4046,-0.091605
ENSG00000149177,PTPRJ,2.2954,1.7214,1.9778,1.5096,1.9424,1.9983,1.8954
ENSG00000149179,C11orf49,2.9255,3.0754,3.2227,2.8474,2.8135,2.6992,3.5009
ENSG00000149182,ARFGAP2,2.7449,2.8874,2.3887,3.2013,1.5707,2.6464,2.5274
ENSG00000149187,CELF1,2.1784,1.7964,0.46193,2.3208,1.177,2.5358,2.2433
ENSG00000149196,HIKESHI,2.1348,2.2912,2.8189,2.7469,2.4219,2.6161,2.1009
ENSG00000149257,SERPINH1,3.5245,4.8132,3.8867,4.5433,4.3622,4.0902,3.3603
ENSG00000149273,RPS3,2.4169,2.8471,2.8832,2.497,2.7146,2.6632,1.9422
ENSG00000149313,AASDHPPT,2.1594,2.7463,3.2453,3.4819,3.4534,2.906,2.3391
ENSG00000149357,LAMTOR1,3.9706,4.772,4.6483,4.6533,4.5679,4.4832,4.0148
ENSG00000149428,HYOU1,0.89735,0.13888,0.063871,0.3945,-0.051597,0.50351,-1.0783
ENSG00000149476,TKFC,2.68,3.0001,2.6414,3.0928,2.9933,2.4924,2.1638
ENSG00000149480,MTA2,1.2583,2.7015,2.2146,3.1808,1.5658,2.052,0.90027
ENSG00000149483,TMEM138,3.2844,2.9013,3.2288,3.8525,3.4021,3.2654,2.9234
ENSG00000149485,FADS1,2.2062,2.3961,1.9072,3.5027,1.5394,2.1379,0.69543
ENSG00000149499,EML3,-0.58463,1.5621,2.0251,1.8682,1.7232,2.262,0.52523
ENSG00000149532,CPSF7,3.4174,3.8871,3.8896,3.6028,3.6095,3.482,3.5074
ENSG00000149541,B3GAT3,3.7065,3.595,3.7511,4.2888,3.7123,3.7489,3.0569
ENSG00000149547,EI24,3.307,4.3089,4.184,4.2684,3.9047,3.9832,3.424
ENSG00000149600,COMMD7,1.2661,1.7982,1.8552,0.96673,1.6672,1.1438,1.2353
ENSG00000149639,SOGA1,-0.092558,-0.7485,-0.31421,0.034655,0.5861,0.77427,-0.75323
ENSG00000149657,LSM14B,2.4109,3.4507,3.3816,3.2624,3.4139,2.8783,3.1114
ENSG00000149658,YTHDF1,3.6389,4.1844,4.0673,4.1004,4.4124,3.1536,3.7414
ENSG00000149743,TRPT1,0.56178,0.33349,0.60839,0.51575,-0.15205,-0.21133,-0.61328
ENSG00000149761,NUDT22,3.1974,3.4669,3.7158,4.0632,2.2924,3.4193,2.5157
ENSG00000149792,MRPL49,2.8122,3.4601,3.4653,3.9508,2.9334,2.8922,2.7799
ENSG00000149806,FAU,1.7425,1.9361,1.9827,1.8786,1.6581,1.514,1.0839
ENSG00000149823,VPS51,3.6792,4.4862,4.4435,4.3197,4.1998,3.885,3.636
ENSG00000149923,PPP4C,3.3506,3.6843,3.4795,4.1823,3.6119,2.9876,3.2755
ENSG00000149925,ALDOA,3.7982,3.9865,4.5799,4.1333,3.7416,4.5387,3.9231
ENSG00000149930,TAOK2,1.5546,1.3773,0.56513,2.696,1.4034,0.60706,0.58326
ENSG00000149932,TMEM219,2.5995,2.8089,3.1084,2.7785,2.1749,3.2487,1.5583
ENSG00000150093,ITGB1,4.0321,3.6691,3.9682,4.2064,3.222,3.4396,2.4777
ENSG00000150316,CWC15,-0.12711,1.5857,1.7848,1.7635,1.7068,1.5906,1.8324
ENSG00000150403,TMCO3,2.8435,3.4582,3.7317,3.3178,3.7215,3.1442,2.2863
ENSG00000150433,TMEM218,1.3485,1.4465,0.97073,0.90138,0.31362,1.3929,1.1348
ENSG00000150456,EEF1AKMT1,1.5812,1.4803,2.4703,2.0499,1.9955,1.2518,1.7963
ENSG00000150459,SAP18,0.29041,1.4531,1.1035,1.8314,0.52435,0.83723,0.46718
ENSG00000150593,PDCD4,-0.71367,-0.30297,-0.30965,1.9853,-0.82366,0.43537,0.64514
ENSG00000150712,MTMR12,-0.91239,-3.999,-3.4549,-3.4724,-3.3809,-4.095,-2.4504
ENSG00000150753,CCT5,2.7339,1.7267,2.4584,2.8327,1.8828,0.78249,0.47959
ENSG00000150768,DLAT,-0.55627,-0.18756,0.20953,1.2779,-0.30775,-0.31206,-0.70237
ENSG00000150779,TIMM8B,3.4628,3.8696,3.3836,3.8536,3.2596,3.5705,2.6842
ENSG00000150787,PTS,-0.65241,-0.5867,0.60055,0.19655,-0.47419,-0.58561,-1.3743
ENSG00000150867,PIP4K2A,-1.2467,-0.68342,-0.97852,-1.2872,-0.63024,-0.90412,-0.68098
ENSG00000150961,SEC24D,-0.16846,1.7687,2.0304,0.47714,1.0841,1.5837,-0.03804
ENSG00000150977,RILPL2,2.1645,2.8437,3.3253,3.4021,2.9877,3.2778,3.1566
ENSG00000150990,DHX37,3.1937,3.6518,3.0772,3.4258,2.7951,0.93584,2.5153
ENSG00000150991,UBC,4.3961,4.6821,5.1915,5.3174,5.4733,4.4754,4.9441
ENSG00000151012,SLC7A11,1.9809,1.1165,0.74556,1.4452,1.6205,1.0794,0.80993
ENSG00000151092,NGLY1,2.5281,2.7436,2.9973,2.7412,2.8844,3.4784,2.4655
ENSG00000151131,C12orf45,2.2816,3.4821,2.8627,3.0778,2.9637,3.1536,1.9821
ENSG00000151135,TMEM263,-0.40471,0.026347,0.81526,0.51244,1.842,-0.59742,-0.51005
ENSG00000151176,PLBD2,1.4097,2.0202,1.4645,1.8351,0.50984,1.5624,2.0444
ENSG00000151239,TWF1,0.56367,-0.65457,0.40702,1.4213,0.57796,-0.33546,1.3911
ENSG00000151247,EIF4E,3.7001,4.3921,4.1078,4.4049,4.0775,3.8844,3.4343
ENSG00000151327,FAM177A1,2.422,2.4785,2.3821,2.9599,2.7425,2.253,2.0547
ENSG00000151332,MBIP,1.0986,1.5346,1.0438,1.2495,0.60571,0.87911,0.64414
ENSG00000151348,EXT2,3.3829,3.9253,3.7451,3.7791,3.7749,3.0288,3.0039
ENSG00000151353,TMEM18,2.4764,2.7128,2.1525,2.7776,1.6286,2.517,1.99
ENSG00000151366,NDUFC2,2.5122,1.4748,1.9717,3.0912,3.0436,3.2398,1.9619
ENSG00000151414,NEK7,-0.54187,-1.3858,-1.5262,-0.1148,-1.9954,-1.1558,-1.6584
ENSG00000151465,CDC123,1.6184,1.3419,1.1224,1.6401,3.248,1.5272,0.8459
ENSG00000151498,ACAD8,2.4811,3.1466,2.7733,2.2936,2.6876,2.5408,2.4168
ENSG00000151500,THYN1,-0.34672,0.61311,0.7607,0.48219,1.1827,0.19705,-0.070956
ENSG00000151502,VPS26B,2.7906,3.3278,2.9896,3.7668,3.2446,1.7534,2.2075
ENSG00000151503,NCAPD3,0.14959,-0.28499,-0.80423,-0.0010135,-1.211,-0.94111,-0.81417
ENSG00000151552,QDPR,0.85959,1.4163,0.52045,2.1511,1.6229,0.53839,0.94904
ENSG00000151657,KIN,1.0982,1.9072,0.4165,1.507,0.82773,1.7917,0.68826
ENSG00000151665,PIGF,0.15672,0.16374,-0.15971,-0.20038,0.24324,0.774,-0.67909
ENSG00000151694,ADAM17,1.161,1.2963,2.4093,2.2746,2.1557,2.8514,0.10346
ENSG00000151725,CENPU,0.15416,2.6569,1.254,2.305,1.0751,2.4388,0.83225
ENSG00000151729,SLC25A4,2.9429,3.508,3.1887,3.4272,3.3945,3.2687,2.3678
ENSG00000151748,SAV1,2.6001,3.9329,3.8062,3.7993,3.1113,3.2297,2.285
ENSG00000151779,NBAS,-0.04315,2.8919,2.5954,0.10446,0.46878,1.521,0.75551
ENSG00000151893,CACUL1,2.3391,2.1286,2.5463,3.2575,2.9535,2.378,2.8615
ENSG00000151923,TIAL1,3.0817,3.2728,3.5694,3.678,3.3854,3.1741,2.9162
ENSG00000151929,BAG3,3.8949,3.1154,4.4869,4.5652,3.5247,3.2238,4.0943
ENSG00000152082,MZT2B,1.2295,0.91577,1.7511,1.4704,1.1883,1.8291,1.1604
ENSG00000152102,FAM168B,1.1847,0.64494,1.0436,2.993,1.6885,1.9728,1.0735
ENSG00000152127,MGAT5,1.7188,2.348,1.8602,2.4407,3.0243,-0.31631,-0.030397
ENSG00000152219,ARL14EP,2.6166,3.141,3.3622,3.0978,3.031,2.4576,2.4947
ENSG00000152234,ATP5A1,0.21379,0.85224,1.1328,1.1661,1.0687,0.081422,-0.18166
ENSG00000152240,HAUS1,0.10809,1.228,0.62002,1.3189,0.28439,1.0756,-0.39121
ENSG00000152291,TGOLN2,1.0699,1.6305,1.3151,1.8886,2.3379,-0.46228,0.30151
ENSG00000152332,UHMK1,-1.2618,-1.451,-0.2294,0.010438,-0.56973,-0.13121,-0.97769
ENSG00000152359,POC5,-2.7269,-3.4309,-3.2755,-3.3525,-1.9176,-3.556,-3.1113
ENSG00000152382,TADA1,-0.10221,-0.36626,-0.74678,0.73032,-0.096517,-0.70961,-1.0818
ENSG00000152464,RPP38,3.0754,3.3235,2.8043,3.2082,2.7482,2.587,2.704
ENSG00000152465,NMT2,-0.90981,0.46238,1.9094,-0.044941,0.048274,-0.36605,0.44932
ENSG00000152484,USP12,-1.1161,-1.5967,-0.83336,-1.0762,-1.7565,-0.87982,-1.539
ENSG00000152492,CCDC50,2.9092,2.9973,4.2761,2.9774,3.5107,3.1809,2.6923
ENSG00000152518,ZFP36L2,3.7357,4.3698,3.8942,4.0303,4.6674,3.6548,4.8235
ENSG00000152558,TMEM123,-0.18194,0.10993,0.6777,0.78443,1.1442,-0.29224,0.27955
ENSG00000152683,SLC30A6,-1.9529,-2.0221,-1.9545,-1.6855,-2.0482,-2.1729,-2.3697
ENSG00000152684,PELO,3.9269,3.7783,4.4966,4.2783,4.1494,3.6368,3.8777
ENSG00000152700,SAR1B,2.2799,1.6946,2.4855,2.8321,2.833,2.3178,1.8605
ENSG00000152795,HNRNPDL,2.2998,3.0076,3.2164,3.1934,2.8566,2.7591,2.2746
ENSG00000152904,GGPS1,2.8459,3.891,3.263,3.6355,3.4857,3.9935,3.194
ENSG00000152944,MED21,2.6287,2.8807,3.1552,3.1512,2.3507,2.0514,2.437
ENSG00000153006,SREK1IP1,1.5846,2.344,2.0432,2.6948,2.1773,1.4732,1.6816
ENSG00000153015,CWC27,0.78246,2.0377,1.9597,1.8798,1.6787,0.798,-0.0035312
ENSG00000153037,SRP19,3.9841,4.2986,4.1673,4.2833,4.3986,4.2531,3.9203
ENSG00000153044,CENPH,0.48029,1.4014,1.326,0.23402,0.76751,1.7882,0.34213
ENSG00000153046,CDYL,0.39467,0.77668,0.32809,1.8715,1.5543,1.0819,1.6949
ENSG00000153048,CARHSP1,3.7411,4.7169,4.3048,4.0983,4.302,3.4858,3.7015
ENSG00000153066,TXNDC11,0.94382,1.1116,1.7821,1.8931,2.3937,1.1614,1.2422
ENSG00000153107,ANAPC1,1.668,0.80971,0.251,1.2817,1.3745,0.25367,0.27523
ENSG00000153113,CAST,-0.51741,-1.0776,-0.39206,-0.36585,-0.76605,-0.42945,-1.1489
ENSG00000153130,SCOC,-0.3811,0.41109,-0.55283,1.2464,0.025992,-0.40359,0.45142
ENSG00000153140,CETN3,1.704,1.5029,2.5639,1.7941,2.3462,2.8114,1.6991
ENSG00000153147,SMARCA5,0.19727,1.0763,0.41289,0.95776,0.58904,0.024721,-0.014513
ENSG00000153179,RASSF3,0.92491,0.82343,-0.6764,1.5382,1.3451,0.49155,1.2328
ENSG00000153187,HNRNPU,2.3083,3.1444,2.6497,3.1071,2.8713,2.0357,1.8312
ENSG00000153201,RANBP2,3.1284,3.4238,3.5213,3.7512,3.2689,3.2402,3.0317
ENSG00000153207,AHCTF1,2.3009,2.5934,2.3799,3.2275,2.6173,2.3335,2.0334
ENSG00000153214,TMEM87B,-0.016579,-0.6047,-1.5323,0.30555,-0.85624,-1.2757,-1.3862
ENSG00000153310,FAM49B,0.40606,0.20526,0.89112,0.60303,-0.42802,0.060762,-0.26943
ENSG00000153339,TRAPPC8,2.2458,2.6083,2.3641,2.646,2.8666,2.2063,1.9564
ENSG00000153391,INO80C,3.4638,3.9532,3.6058,3.834,3.8176,3.5321,2.8097
ENSG00000153395,LPCAT1,2.4962,4.5543,3.3245,3.3458,3.2011,2.4667,3.5202
ENSG00000153406,NMRAL1,2.7548,3.2044,3.0253,3.2299,2.6017,2.9679,3.1466
ENSG00000153443,UBALD1,3.8432,4.1397,4.1406,4.2933,4.1483,3.775,3.9272
ENSG00000153560,UBP1,3.7041,4.1627,4.2814,4.0321,4.3369,3.468,3.6463
ENSG00000153561,RMND5A,1.163,0.33366,1.1235,0.21843,0.71758,1.1076,-0.44655
ENSG00000153574,RPIA,-0.17215,0.38712,0.25793,1.4398,-0.18784,0.12764,0.84108
ENSG00000153767,GTF2E1,1.2603,1.3291,1.2092,1.2311,0.73153,-0.10817,0.78962
ENSG00000153774,CFDP1,0.919,1.7349,0.58988,0.53896,1.1652,0.53632,1.7125
ENSG00000153786,ZDHHC7,3.4609,3.7562,4.0338,3.9417,4.1084,3.4342,3.9609
ENSG00000153815,CMIP,3.0794,2.8254,3.4094,2.5434,3.3621,2.6107,2.3609
ENSG00000153827,TRIP12,3.4042,3.2577,3.9813,3.9107,3.6431,3.5114,3.588
ENSG00000153879,CEBPG,3.7767,4.1356,4.0738,4.2521,4.4059,4.1072,3.8188
ENSG00000153885,KCTD15,3.628,3.9466,3.3385,3.3886,3.3751,3.3387,3.3875
ENSG00000153914,SREK1,2.8218,2.8365,3.2812,3.1863,3.0271,2.4433,3.0084
ENSG00000153922,CHD1,2.4912,2.4528,2.8946,3.1113,2.6982,2.3104,2.3579
ENSG00000153936,HS2ST1,2.3688,2.2188,2.6567,2.7568,3.0352,0.95713,1.6136
ENSG00000153944,MSI2,0.41441,-0.52617,0.69197,2.0782,-0.5216,0.77218,-0.50595
ENSG00000153975,ZUFSP,-0.64885,-1.0443,-0.54087,-0.30676,-0.38897,-0.79435,-0.64354
ENSG00000153989,NUS1,3.1837,3.9343,3.8903,3.9188,3.9557,3.3504,3.469
ENSG00000154001,PPP2R5E,2.4811,3.0088,2.6801,3.4611,2.7304,1.4263,2.8762
ENSG00000154059,IMPACT,2.4743,1.8739,1.0014,2.6901,1.1845,1.1281,0.24744
ENSG00000154174,TOMM70,3.6944,4.0092,4.5285,4.27,3.9114,3.6451,3.583
ENSG00000154222,CC2D1B,2.5399,2.737,2.4075,3.1248,2.3473,1.613,2.5369
ENSG00000154229,PRKCA,-2.8732,-3.3832,-2.3397,-3.0367,-2.5525,-2.8388,-3.1186
ENSG00000154305,MIA3,2.6404,3.1004,3.0958,2.8116,2.8109,2.9384,2.611
ENSG00000154370,TRIM11,3.482,3.7376,3.6451,4.1452,3.4729,3.7201,3.3859
ENSG00000154473,BUB3,2.2061,2.0465,2.1213,3.3868,2.1758,2.3387,1.5542
ENSG00000154518,ATP5G3,1.2301,1.2106,1.408,1.8913,1.3645,1.2216,0.87857
ENSG00000154582,ELOC,1.0641,0.81701,0.9027,1.4448,1.1563,0.77514,-0.4814
ENSG00000154719,MRPL39,0.10542,-0.62785,0.0049827,0.093336,-0.63348,-0.69652,0.21159
ENSG00000154723,ATP5J,0.35616,0.56272,0.4046,1.2634,0.47985,0.75573,-0.21449
ENSG00000154727,GABPA,-1.4975,-1.1802,-0.99609,-0.75954,-1.6159,-0.2835,-2.3471
ENSG00000154767,XPC,3.2391,3.3682,4.3163,3.561,3.1154,3.0238,3.1351
ENSG00000154781,CCDC174,1.6496,2.5385,2.7704,1.4401,2.6887,1.3834,2.5301
ENSG00000154803,FLCN,-0.81696,-1.4929,-1.2368,-0.64401,-0.42618,-0.87061,-1.1636
ENSG00000154813,DPH3,2.3374,2.4783,2.7091,2.6172,2.5084,1.6652,1.6959
ENSG00000154814,OXNAD1,-0.51326,-0.50926,0.15004,0.056775,0.96235,-0.70186,0.4911
ENSG00000154832,CXXC1,-0.58934,-0.46587,-0.20406,1.1817,-0.54691,-0.39858,-1.0741
ENSG00000154845,PPP4R1,3.3907,3.6809,4.0468,3.6571,3.3942,3.0611,3.107
ENSG00000154945,ANKRD40,3.0185,2.9748,3.3728,3.6098,2.6939,1.9107,2.4113
ENSG00000154978,VOPP1,4.3785,4.6736,5.3249,4.2246,4.2691,3.9714,4.3677
ENSG00000155090,KLF10,3.4964,3.0044,4.2784,4.3578,4.3141,3.5073,4.0785
ENSG00000155096,AZIN1,1.7481,2.5537,2.2632,2.9131,2.5105,1.6928,2.1256
ENSG00000155097,ATP6V1C1,0.80609,1.7046,2.4205,2.6131,2.6431,0.98492,2.0885
ENSG00000155115,GTF3C6,3.0187,3.246,2.4373,2.9411,3.1592,1.9208,1.463
ENSG00000155189,AGPAT5,3.3465,4.2403,4.1648,3.9941,3.9466,3.5959,3.4621
ENSG00000155252,PI4K2A,3.2447,3.9152,4.0801,4.0941,3.6091,3.2735,3.1389
ENSG00000155287,SLC25A28,2.5196,2.9821,3.1263,3.7071,2.5649,2.1487,2.9557
ENSG00000155304,HSPA13,3.3578,3.7061,4.0808,3.5968,3.8016,3.0338,3.3086
ENSG00000155313,USP25,2.4286,3.1339,2.9225,3.033,2.4709,2.5068,1.3194
ENSG00000155329,ZCCHC10,2.3332,3.4768,2.8905,2.9737,3.2688,2.6194,2.8626
ENSG00000155330,C16orf87,2.7331,3.3234,2.6356,3.1685,3.1033,2.8492,2.7597
ENSG00000155366,RHOC,3.8863,3.3356,4.5397,4.1118,3.4882,4.0336,3.7982
ENSG00000155368,DBI,2.8959,2.7875,2.7302,3.3518,2.176,2.1912,2.1948
ENSG00000155380,SLC16A1,-0.21991,-1.036,-2.0772,-0.743,-1.9073,-1.5059,-2.0694
ENSG00000155393,HEATR3,0.40392,-1.2739,-0.84677,-0.027706,-0.75634,-1.1101,-0.88556
ENSG00000155438,NIFK,3.0294,3.5004,3.3896,3.6607,3.3778,2.9518,3.1808
ENSG00000155463,OXA1L,3.3751,3.7259,3.8754,3.6557,3.7596,3.6227,3.5231
ENSG00000155506,LARP1,3.835,4.5556,4.406,4.205,4.1504,3.8615,3.8389
ENSG00000155508,CNOT8,1.8105,3.1401,3.1354,2.5529,2.8594,3.0455,2.2814
ENSG00000155561,NUP205,0.82881,2.8,1.6743,2.381,1.6795,2.363,1.8773
ENSG00000155621,C9orf85,0.19306,0.43112,0.94137,0.37832,1.3169,0.61157,1.2804
ENSG00000155660,PDIA4,3.876,4.669,3.909,4.4876,4.5649,4.0025,4.1355
ENSG00000155755,TMEM237,-0.27401,-0.19359,0.070366,0.20488,-0.063142,-1.451,-0.50701
ENSG00000155827,RNF20,2.5313,3.4423,3.3517,3.0928,3.2094,2.5114,2.9584
ENSG00000155868,MED7,3.196,3.5865,3.7218,3.5312,3.2995,3.1157,3.3901
ENSG00000155876,RRAGA,4.1107,4.1413,4.5441,4.1794,4.4584,3.4525,3.9121
ENSG00000155906,RMND1,0.3966,1.2947,1.0966,1.9913,2.2265,0.014885,1.3042
ENSG00000155957,TMBIM4,2.1664,1.6584,2.4592,2.1084,1.7282,1.6908,2.5384
ENSG00000155959,VBP1,0.50419,0.12089,0.040229,1.1577,-0.31337,0.52389,-0.24494
ENSG00000155975,VPS37A,1.2324,0.32872,0.94634,0.97243,0.7643,0.7239,1.0051
ENSG00000156017,CARNMT1,-1.3405,-2.0973,-0.20581,-1.8927,-1.9039,-2.0066,-1.5339
ENSG00000156026,MCU,-0.12557,1.3015,1.4993,1.2772,1.6522,1.9639,-1.0449
ENSG00000156052,GNAQ,-0.010258,0.965,-0.021538,0.51975,0.61211,0.11182,0.47658
ENSG00000156110,ADK,2.1035,1.5306,2.1606,2.355,3.0429,2.4257,1.4719
ENSG00000156136,DCK,-1.8391,-1.5066,-1.394,-0.52074,-1.0095,-0.75468,-0.63323
ENSG00000156256,USP16,1.786,2.8319,2.0309,2.9778,2.4274,2.3572,2.4282
ENSG00000156261,CCT8,0.59697,0.97483,1.3882,1.315,0.62097,1.168,0.60031
ENSG00000156304,SCAF4,1.7707,2.6803,2.3115,2.4331,2.8497,2.691,1.9573
ENSG00000156374,PCGF6,2.1458,2.7399,2.6439,3.1807,2.5483,1.2441,2.2167
ENSG00000156381,ANKRD9,3.352,4.1324,4.1803,3.7754,3.9622,4.1222,4.0484
ENSG00000156411,C14orf2,2.1848,2.2123,2.4874,2.6862,2.2349,2.9113,2.1428
ENSG00000156467,UQCRB,-0.26907,-0.22002,0.77894,0.63437,-0.063851,0.3405,0.30045
ENSG00000156469,MTERF3,2.8783,3.4325,3.6682,3.9887,2.9403,3.0009,2.7043
ENSG00000156471,PTDSS1,3.6837,3.5268,4.0479,3.4169,3.3195,3.1473,3.2726
ENSG00000156482,RPL30,3.4652,3.8389,4.2177,4.079,4.0313,3.5237,3.2262
ENSG00000156502,SUPV3L1,3.1498,3.4695,3.5473,4.1783,3.5932,3.9766,2.9417
ENSG00000156508,EEF1A1,5.3142,5.8907,5.8755,5.551,5.3409,5.5814,5.3173
ENSG00000156531,PHF6,-0.56696,-1.8503,-1.7521,-0.67214,-1.0512,-0.8716,-0.73863
ENSG00000156587,UBE2L6,-1.5595,-0.62489,-0.82505,-1.2044,-0.93627,-0.14432,-0.52738
ENSG00000156599,ZDHHC5,3.3759,3.9353,4.0302,3.8671,3.9323,3.4083,2.8675
ENSG00000156603,MED19,3.3423,3.1892,3.6526,3.7735,3.1853,3.6133,2.9888
ENSG00000156639,ZFAND3,2.2792,2.9165,2.9802,2.452,3.4352,2.4058,1.9847
ENSG00000156642,NPTN,0.32982,0.91609,0.75205,1.1973,0.57334,1.4807,-0.25956
ENSG00000156697,UTP14A,1.2274,0.70211,2.0152,2.3637,2.0001,1.6442,2.8234
ENSG00000156709,AIFM1,1.3351,1.3539,1.1846,1.4538,1.5396,0.47838,0.97364
ENSG00000156735,BAG4,1.784,2.5018,2.3469,2.7064,2.7306,2.4476,1.8524
ENSG00000156795,WDYHV1,1.5972,2.739,3.4089,3.3338,2.7895,2.1202,2.594
ENSG00000156802,ATAD2,-0.048401,-0.081889,0.67721,1.8498,0.88478,-0.011122,0.069032
ENSG00000156831,NSMCE2,1.9758,2.9535,3.6855,3.0688,1.9212,3.1902,2.8965
ENSG00000156853,ZNF689,1.9578,2.7362,2.3201,2.1072,2.0126,0.92602,1.8206
ENSG00000156860,FBRS,1.4718,1.4255,0.50094,0.16529,-0.33298,-1.2688,-0.41294
ENSG00000156873,PHKG2,3.5356,3.6916,3.5616,3.7022,3.5074,3.5611,3.8419
ENSG00000156875,MFSD14A,2.2354,3.1196,3.6066,2.8437,3.6552,3.2035,2.3126
ENSG00000156928,MALSU1,2.3085,1.3276,1.3067,2.2481,1.1895,2.4304,0.55394
ENSG00000156970,BUB1B,0.75157,2.0089,1.1117,1.3382,0.45101,0.63015,-0.26471
ENSG00000156976,EIF4A2,2.7802,3.8558,4.554,3.5864,3.5808,3.3918,3.0279
ENSG00000156990,RPUSD3,1.9659,2.8726,2.9644,2.8971,2.2035,3.1316,0.82016
ENSG00000157014,TATDN2,3.1434,3.6774,3.3529,3.6227,3.1923,3.0646,3.6397
ENSG00000157020,SEC13,3.4904,3.786,3.9815,3.9798,3.5711,4.3334,3.0639
ENSG00000157045,NTAN1,1.0236,2.2926,1.7925,2.1154,1.343,1.0146,0.78942
ENSG00000157106,SMG1,0.56188,0.70724,0.12742,0.22481,0.7444,-0.81775,-0.0084134
ENSG00000157181,C1orf27,-0.78298,0.20083,0.13093,-0.13112,0.81851,-1.6624,0.5314
ENSG00000157191,NECAP2,3.5064,3.6445,4.3189,3.8814,4.0132,3.7807,3.3157
ENSG00000157224,CLDN12,-3.8409,-3.0269,-2.793,-2.0933,-3.008,-3.7761,-2.5237
ENSG00000157259,GATAD1,1.4911,1.9351,1.2668,2.3415,1.1678,1.619,0.93844
ENSG00000157326,DHRS4,3.5647,3.4371,2.934,3.5154,3.6886,3.4226,2.6321
ENSG00000157349,DDX19B,3.0359,3.5147,3.5352,3.3001,3.5292,2.591,2.9096
ENSG00000157456,CCNB2,1.1994,1.4399,1.3832,1.838,0.17595,1.3317,0.42657
ENSG00000157514,TSC22D3,-0.53467,0.70287,0.49468,-0.2126,0.67614,0.30643,0.58006
ENSG00000157538,DSCR3,2.3331,3.3534,3.4899,3.0689,2.9654,2.7395,2.484
ENSG00000157557,ETS2,2.9606,3.5391,3.7577,3.8297,3.8781,2.9737,2.892
ENSG00000157593,SLC35B2,3.8547,3.8569,4.3471,4.169,4.5567,3.5635,3.778
ENSG00000157637,SLC38A10,4.1229,3.8826,4.1027,4.6428,4.7039,3.9271,4.3535
ENSG00000157693,TMEM268,0.81926,1.0451,1.086,-0.10823,0.24054,0.71065,1.1917
ENSG00000157778,PSMG3,3.9038,4.4661,4.4257,4.8188,4.2352,4.3104,4.3029
ENSG00000157823,AP3S2,3.255,3.4001,3.2071,3.1477,3.6165,2.9314,2.9086
ENSG00000157837,SPPL3,3.8538,4.2573,4.2772,4.3067,4.4872,3.8049,3.9599
ENSG00000157869,RAB28,0.14965,-1.2162,-0.80509,-1.3151,-0.68565,-0.47488,-0.75211
ENSG00000157881,PANK4,-2.128,-2.5476,-2.6068,-2.6536,-2.5309,-2.5055,-2.1571
ENSG00000157911,PEX10,2.5925,2.8311,2.3704,3.2445,3.0544,2.107,2.7469
ENSG00000157916,RER1,2.4013,2.9897,3.3059,3.4158,3.2362,2.8642,2.1021
ENSG00000157933,SKI,2.5654,3.8415,3.4653,3.2914,3.9415,3.1227,2.8958
ENSG00000157954,WIPI2,3.2068,4.0629,4.2913,3.796,3.8521,3.6414,3.8715
ENSG00000157978,LDLRAP1,3.2421,3.5818,3.1693,3.7689,3.1388,3.4363,3.3196
ENSG00000158019,BABAM2,1.0742,0.69039,0.75609,-0.14803,0.10913,1.1292,0.16336
ENSG00000158042,MRPL17,4.4103,4.3852,4.4506,4.7467,3.7285,4.0871,4.0715
ENSG00000158092,NCK1,2.6818,3.4848,3.6512,3.5499,3.2539,2.8579,2.8864
ENSG00000158109,TPRG1L,3.3873,4.1003,4.0447,3.9266,4.4586,3.4007,3.2739
ENSG00000158122,AAED1,1.5424,1.8329,2.7271,2.7308,1.5575,2.1979,-1.1426
ENSG00000158195,WASF2,2.0945,3.1185,2.5084,2.7754,2.1866,1.9671,1.6038
ENSG00000158201,ABHD3,2.5607,1.5515,2.2722,2.9544,2.352,1.8307,0.91866
ENSG00000158290,CUL4B,2.4493,3.0396,3.3201,3.2217,2.7723,2.5687,2.5888
ENSG00000158402,CDC25C,2.8751,2.977,3.1808,3.2053,2.8601,3.3067,2.5304
ENSG00000158411,MITD1,0.84126,-0.043246,-0.010302,-0.61735,-0.32136,0.69248,-0.042186
ENSG00000158417,EIF5B,3.7398,3.8498,3.6863,4.2387,3.8177,3.483,3.3304
ENSG00000158435,CNOT11,1.8898,2.1245,2.6693,2.7019,2.9821,2.4478,2.1091
ENSG00000158470,B4GALT5,0.11329,-0.42688,-0.71541,0.026152,-1.0104,-0.87111,-1.311
ENSG00000158526,TSR2,2.7476,3.2789,2.5263,2.9523,2.3107,2.0715,2.5989
ENSG00000158545,ZC3H18,3.9177,4.0181,3.9633,3.9373,3.8824,3.8109,3.6965
ENSG00000158552,ZFAND2B,0.85625,2.0859,2.7145,2.8379,3.1359,1.6219,1.423
ENSG00000158604,TMED4,2.3825,2.0029,2.0019,3.0597,2.7233,2.0994,1.2836
ENSG00000158615,PPP1R15B,2.7862,2.5794,3.018,3.1323,2.9643,3.0718,3.1183
ENSG00000158623,COPG2,1.0077,2.178,2.1067,1.7542,0.65345,2.7298,1.2212
ENSG00000158669,GPAT4,3.8073,3.8659,4.3027,3.9309,3.938,3.5615,3.3218
ENSG00000158710,TAGLN2,3.0314,3.3463,3.5259,2.0461,0.18191,3.3159,1.8793
ENSG00000158717,RNF166,3.201,3.7832,3.9123,4.2781,4.1868,3.9944,3.7219
ENSG00000158769,F11R,1.93,4.0545,3.4263,3.6592,3.6875,2.9393,3.1913
ENSG00000158792,SPATA2L,2.7146,2.8023,2.1581,2.9921,1.4415,0.021596,3.3522
ENSG00000158793,NIT1,1.3824,2.5213,2.8655,2.6023,1.8905,2.4562,2.1501
ENSG00000158796,DEDD,3.207,3.8844,4.149,3.7412,3.6274,3.3306,3.6987
ENSG00000158828,PINK1,3.0582,3.4942,4.4716,3.5758,3.7661,3.5007,3.3669
ENSG00000158850,B4GALT3,3.0256,3.1763,3.7842,3.8268,3.5194,3.3649,2.6408
ENSG00000158863,FAM160B2,3.2469,3.4575,3.7747,3.4755,3.2849,3.2006,3.8434
ENSG00000158864,NDUFS2,1.0716,1.4143,1.0931,2.0632,0.93614,1.3468,0.8876
ENSG00000158941,CCAR2,3.3873,3.3565,2.1706,3.9616,2.9447,2.1245,3.2236
ENSG00000158985,CDC42SE2,-1.8191,-1.8045,-2.7805,-2.9447,-2.0994,-3.0638,-2.1861
ENSG00000159055,MIS18A,0.13733,1.8297,2.4965,2.4041,1.6577,2.0941,0.92757
ENSG00000159063,ALG8,1.001,1.0277,0.64406,0.52092,1.0042,1.5694,0.74676
ENSG00000159069,FBXW5,3.3467,4.0293,3.9296,4.0412,3.8193,3.9499,3.5462
ENSG00000159079,C21orf59,1.3775,3.2724,3.4135,3.2022,1.9426,2.9902,2.8832
ENSG00000159086,PAXBP1,0.55702,-0.60196,-0.55184,1.2865,-0.60045,-0.83401,-0.88917
ENSG00000159111,MRPL10,4.2226,4.7675,5.0011,4.9777,4.7353,4.3601,4.356
ENSG00000159128,IFNGR2,3.2096,3.4353,3.597,3.3942,3.8304,3.4492,3.0635
ENSG00000159131,GART,2.0931,2.8475,2.6021,3.4633,3.1297,3.0559,1.1389
ENSG00000159140,SON,2.4067,2.3298,2.1454,3.3236,2.5564,2.167,2.4383
ENSG00000159147,DONSON,2.3474,2.6867,2.4735,3.1032,2.6707,2.7468,1.9038
ENSG00000159176,CSRP1,3.973,1.4778,4.6664,3.8926,3.1981,2.4407,3.0443
ENSG00000159199,ATP5G1,0.26292,0.52219,0.90575,1.1055,0.40535,-0.035114,0.3073
ENSG00000159202,UBE2Z,4.259,4.4076,4.7769,4.512,4.6568,3.5642,4.2003
ENSG00000159210,SNF8,1.2517,0.95145,0.67597,1.3953,1.191,0.69331,1.1229
ENSG00000159259,CHAF1B,3.0125,2.9243,2.694,3.5635,2.4632,3.0722,2.4398
ENSG00000159322,ADPGK,3.5651,3.427,3.3673,3.7306,3.6938,3.1113,3.1293
ENSG00000159335,PTMS,1.1303,1.3211,1.0698,1.795,0.58681,-0.3155,0.32235
ENSG00000159346,ADIPOR1,3.5626,3.9702,3.9491,4.2103,3.806,4.1307,3.7761
ENSG00000159348,CYB5R1,0.15677,1.4341,1.1142,0.068547,-0.088445,-0.19609,1.4465
ENSG00000159352,PSMD4,3.3135,3.2214,3.7363,4.1147,3.7378,3.7432,3.3158
ENSG00000159377,PSMB4,1.4557,1.4378,2.1851,2.2448,1.9204,2.0153,1.4131
ENSG00000159423,ALDH4A1,3.277,4.0338,1.1107,3.298,4.468,2.6617,3.0201
ENSG00000159461,AMFR,3.4831,3.0697,3.8823,3.7957,3.5614,3.7398,2.7838
ENSG00000159479,MED8,2.8589,3.0376,2.8534,3.2515,3.0042,3.6038,1.7023
ENSG00000159579,RSPRY1,2.3189,2.6284,3.0783,2.4044,3.2442,2.4355,2.1658
ENSG00000159592,GPBP1L1,1.9991,3.071,3.315,2.5731,3.0636,2.8,2.7067
ENSG00000159593,NAE1,-0.14741,0.82448,-0.36103,0.49068,0.42002,-0.29727,0.53315
ENSG00000159596,TMEM69,2.3758,3.2355,3.737,3.1981,3.0431,3.6168,3.0816
ENSG00000159658,EFCAB14,1.5382,0.16147,0.11553,1.3988,1.1397,0.4381,0.32631
ENSG00000159685,CHCHD6,-0.64085,0.28767,0.23411,0.91162,0.027256,-0.86583,-0.57766
ENSG00000159692,CTBP1,3.376,4.1633,4.2062,4.3861,4.5135,3.9922,3.6323
ENSG00000159720,ATP6V0D1,3.8494,4.049,4.1055,4.2121,4.2565,3.9147,3.8675
ENSG00000159792,PSKH1,0.76998,1.5957,-0.15765,1.2897,1.9242,1.1674,-0.059176
ENSG00000159840,ZYX,1.2455,2.037,2.3393,2.4684,1.8997,1.574,1.334
ENSG00000159884,CCDC107,0.29373,1.6059,0.18292,0.75185,1.0178,0.16508,0.63001
ENSG00000160007,ARHGAP35,3.1343,3.0794,2.2594,2.7271,2.4914,2.364,2.9749
ENSG00000160014,CALM3,4.3786,5.0369,5.0144,4.8794,4.6256,4.3347,4.2302
ENSG00000160049,DFFA,1.283,-0.12332,2.0865,2.4982,-0.34245,-0.44354,-0.15096
ENSG00000160058,BSDC1,2.1678,2.0126,2.982,1.9402,2.4865,2.8625,2.2168
ENSG00000160075,SSU72,4.3304,4.8756,4.4778,4.9327,4.7556,4.7807,4.7134
ENSG00000160087,UBE2J2,3.3517,4.1713,3.9513,4.1395,3.6799,3.9709,3.7043
ENSG00000160113,NR2F6,4.7196,5.1191,4.6628,5.2867,5.0728,4.8931,4.764
ENSG00000160124,CCDC58,2.286,2.8366,1.3586,3.7747,1.624,2.8717,1.9568
ENSG00000160131,VMA21,0.77073,0.5926,2.3265,1.394,0.66316,1.6363,1.1314
ENSG00000160193,WDR4,-1.1803,-1.4233,-0.61723,-0.21921,-1.799,-1.5745,-2.1716
ENSG00000160194,NDUFV3,2.4204,2.8704,2.9516,3.2072,2.6108,2.3998,2.2034
ENSG00000160201,U2AF1,-0.22518,0.3697,0.43309,0.86669,-0.071393,0.22524,0.47157
ENSG00000160208,RRP1B,2.8932,3.6718,3.442,3.7965,3.0733,2.6997,2.0488
ENSG00000160209,PDXK,0.96004,1.2044,0.72611,1.3068,0.17755,0.21318,0.032348
ENSG00000160211,G6PD,4.0193,3.1128,3.4696,3.3983,2.8713,3.1121,3.2701
ENSG00000160213,CSTB,2.1183,1.97,2.1535,2.5024,1.1205,1.8272,1.1758
ENSG00000160256,FAM207A,3.6227,4.1,3.9035,4.493,3.6595,3.1917,3.8741
ENSG00000160294,MCM3AP,-2.8666,-1.1114,-2.5564,-1.4368,-1.1616,0.13134,-0.56348
ENSG00000160310,PRMT2,-0.5438,-0.77918,-0.78784,-0.63898,-0.84018,1.7833,-0.9012
ENSG00000160392,C19orf47,2.7852,2.6217,2.0848,3.2263,2.8689,2.314,2.0595
ENSG00000160410,SHKBP1,2.1251,3.0034,3.5662,2.7169,2.45,2.4987,2.4233
ENSG00000160445,ZER1,2.5398,3.2081,3.6505,2.5713,2.676,3.1382,3.2706
ENSG00000160446,ZDHHC12,3.5466,3.2184,2.9776,3.7481,2.9439,1.9523,3.8145
ENSG00000160447,PKN3,2.8823,3.2556,4.0321,4.0679,3.0655,3.7676,3.1873
ENSG00000160551,TAOK1,0.79244,0.15508,1.0344,0.65516,0.12915,0.7226,-0.23364
ENSG00000160563,MED27,3.846,4.2197,4.484,4.6231,3.9923,3.9251,3.976
ENSG00000160570,DEDD2,3.776,3.9611,3.8686,4.012,3.5825,3.7492,3.3722
ENSG00000160606,TLCD1,4.3343,4.6373,3.8255,4.7462,3.2419,3.7471,3.0369
ENSG00000160633,SAFB,1.1334,0.107,-0.052967,0.74632,0.35486,-0.90373,0.10159
ENSG00000160679,CHTOP,3.4342,4.1056,3.9712,4.157,3.6787,3.7207,3.7677
ENSG00000160688,FLAD1,3.2114,4.1189,3.3803,3.922,3.4708,2.9894,3.5241
ENSG00000160691,SHC1,3.9195,4.2065,4.1347,3.7686,3.3906,3.1988,3.1374
ENSG00000160710,ADAR,2.299,2.6779,2.9861,3.4031,2.7926,2.4496,2.0777
ENSG00000160714,UBE2Q1,3.9203,4.4389,4.3717,4.4666,4.3634,4.1628,4.2592
ENSG00000160746,ANO10,3.2608,3.685,4.2349,2.8532,3.0464,3.6869,2.7938
ENSG00000160752,FDPS,2.3349,2.8259,3.0448,3.0293,2.5671,2.9631,1.7798
ENSG00000160753,RUSC1,0.81341,2.3818,2.2256,2.1406,2.1535,2.278,1.5013
ENSG00000160767,FAM189B,1.5701,3.469,3.323,3.1659,1.2431,2.4013,2.5531
ENSG00000160783,PMF1,3.9075,4.5077,4.5592,4.4875,3.7515,3.7354,3.7167
ENSG00000160789,LMNA,2.4394,0.6773,3.2272,3.0224,2.5449,2.8742,1.6679
ENSG00000160796,NBEAL2,1.1869,1.1729,1.8958,1.1738,0.4753,1.1851,0.2835
ENSG00000160799,CCDC12,1.1166,1.8885,1.5721,1.4643,1.7213,1.3885,0.44734
ENSG00000160803,UBQLN4,3.2027,3.4712,3.6533,4.066,3.8001,3.6157,3.2753
ENSG00000160813,PPP1R35,3.6465,2.6609,3.4279,3.7696,3.0551,3.3068,2.8036
ENSG00000160818,GPATCH4,3.8538,4.1256,3.6757,4.2827,3.0026,2.7649,2.5007
ENSG00000160877,NACC1,2.8764,3.7186,3.4127,3.6917,3.0962,2.5536,3.1576
ENSG00000160888,IER2,3.8262,4.8867,4.9358,4.9399,4.4668,4.7493,4.8031
ENSG00000160917,CPSF4,2.4385,3.1787,2.4352,3.2475,2.7744,2.7321,2.7894
ENSG00000160932,LY6E,3.5325,3.9464,4.526,4.1562,3.2507,3.8525,3.4882
ENSG00000160948,VPS28,1.6473,1.8505,2.3793,2.2077,1.4595,1.6249,1.5165
ENSG00000160949,TONSL,0.33207,0.30725,1.4199,1.5205,-0.78825,1.1056,-1.0045
ENSG00000160957,RECQL4,2.8295,2.8094,3.7165,3.7989,0.79323,3.1982,2.0888
ENSG00000160972,PPP1R16A,2.9882,3.5672,3.6553,4.2727,3.9449,3.3679,3.6275
ENSG00000160993,ALKBH4,3.267,4.1118,3.141,4.1639,3.643,3.4144,3.7681
ENSG00000161011,SQSTM1,3.2462,2.9939,3.155,3.8008,2.9751,3.5851,2.8912
ENSG00000161013,MGAT4B,2.0958,0.9504,2.0857,1.9433,1.7965,1.8045,1.3689
ENSG00000161016,RPL8,3.1768,3.7144,3.9258,3.7335,3.1377,3.6676,3.4619
ENSG00000161036,LRWD1,2.4437,3.4457,2.7408,3.9766,2.8884,3.2147,2.9111
ENSG00000161057,PSMC2,1.5455,1.1229,1.3209,1.4922,1.632,1.6053,0.91327
ENSG00000161091,MFSD12,1.9301,3.0215,3.1871,2.7864,2.5847,2.904,1.9906
ENSG00000161179,YDJC,3.9787,4.1424,3.9322,4.8565,4.2606,4.8654,4.2205
ENSG00000161202,DVL3,2.9309,3.0598,3.8199,2.9654,3.618,2.5318,3.4746
ENSG00000161203,AP2M1,2.2881,3.1039,3.2282,3.3814,2.4451,2.9457,2.9789
ENSG00000161204,ABCF3,3.3295,3.6301,3.9356,3.9897,3.6794,3.5182,3.5836
ENSG00000161217,PCYT1A,3.1833,3.3231,3.7726,3.4137,3.3641,3.0403,3.2653
ENSG00000161513,FDXR,3.1795,3.0765,3.6724,3.4594,3.5702,3.4391,2.5996
ENSG00000161526,SAP30BP,3.8022,4.0493,4.3066,4.5145,4.0275,3.8252,3.9389
ENSG00000161533,ACOX1,0.95987,0.44911,-0.75732,2.0756,0.34898,0.67509,0.45482
ENSG00000161542,PRPSAP1,3.2104,3.8889,3.9978,3.9888,4.4357,3.5583,3.3792
ENSG00000161547,SRSF2,3.7758,3.8654,4.2989,4.6863,2.508,3.4596,3.1043
ENSG00000161618,ALDH16A1,3.1635,3.9956,3.7944,3.8379,3.5525,3.6477,3.1315
ENSG00000161654,LSM12,1.4973,1.2567,1.4616,2.5685,0.96328,1.8348,0.72512
ENSG00000161677,JOSD2,1.8842,0.38878,2.719,2.6669,-0.89927,0.081362,1.2357
ENSG00000161714,PLCD3,4.7842,4.2087,4.632,4.5799,4.3325,3.3936,4.514
ENSG00000161800,RACGAP1,2.5589,1.8773,2.3139,2.1483,0.81204,1.7203,1.0919
ENSG00000161813,LARP4,0.89129,0.88812,-0.11514,1.0011,0.31314,-0.70729,-0.44351
ENSG00000161847,RAVER1,2.6464,3.5185,3.4339,3.7193,3.2177,3.3835,2.9245
ENSG00000161888,SPC24,-1.0254,-0.31386,-0.62201,-0.81675,-1.2562,-0.72731,-1.018
ENSG00000161904,LEMD2,3.5148,3.9447,4.0119,3.6927,3.8303,3.0352,3.6561
ENSG00000161920,MED11,3.9552,3.8839,3.5905,4.1086,3.6032,3.2371,3.711
ENSG00000161939,RNASEK-C17orf49,3.3386,3.3999,3.894,3.5635,3.1676,3.3172,2.6348
ENSG00000161956,SENP3,3.3547,3.1993,3.5048,3.4142,3.3407,2.0257,2.5639
ENSG00000161960,EIF4A1,2.4534,3.2645,2.8223,3.6357,2.0508,2.6802,2.7538
ENSG00000161970,RPL26,0.64344,0.92089,1.0879,1.0878,0.72145,0.68245,0.16895
ENSG00000161980,POLR3K,0.17285,0.18589,-0.92618,0.63903,0.096743,0.68349,-0.71373
ENSG00000161981,SNRNP25,2.8411,2.998,2.7872,2.9615,2.5411,3.0481,2.3839
ENSG00000162066,AMDHD2,1.4553,1.9697,-0.22693,0.77692,0.33175,0.72487,-0.3016
ENSG00000162073,PAQR4,3.0894,3.6413,3.4503,3.9846,3.2785,3.283,3.0736
ENSG00000162076,FLYWCH2,1.0019,2.7112,2.2012,2.3409,1.3233,2.1595,1.8472
ENSG00000162144,CYB561A3,1.1399,3.1618,1.1607,0.78934,2.7151,2.0328,1.7713
ENSG00000162191,UBXN1,0.056253,0.57885,1.1493,0.56463,-0.046617,-0.14403,0.43309
ENSG00000162222,TTC9C,2.0671,2.2034,3.0942,2.9666,2.1705,2.4545,2.6707
ENSG00000162227,TAF6L,3.4745,4.2741,3.7021,4.4039,3.5981,3.7624,3.2195
ENSG00000162231,NXF1,2.2565,3.2498,2.8707,3.7204,3.1012,2.8248,2.345
ENSG00000162236,STX5,2.5528,3.3211,3.3051,3.2678,2.9792,3.3675,2.4482
ENSG00000162244,RPL29,4.9617,5.6161,5.6297,5.5512,5.0497,5.5236,5.1555
ENSG00000162298,SYVN1,2.682,2.6216,2.3952,2.8046,2.9052,2.6953,2.5024
ENSG00000162300,ZFPL1,0.44309,0.74062,1.2848,2.1528,1.3526,1.3818,0.44096
ENSG00000162302,RPS6KA4,3.5166,2.9285,3.9953,4.205,2.9328,2.5856,2.9474
ENSG00000162337,LRP5,3.4018,3.3327,3.7489,3.6771,4.182,3.5877,3.5665
ENSG00000162368,CMPK1,0.041506,-0.38657,0.73116,0.43748,0.98684,0.87806,-0.26384
ENSG00000162377,COA7,1.9758,3.1637,2.4114,2.9787,2.4369,2.7278,1.5624
ENSG00000162378,ZYG11B,0.11947,-1.0022,0.30197,0.91168,0.70026,0.46866,0.67979
ENSG00000162384,C1orf123,3.1434,4.0741,4.06,4.0633,3.8411,3.8144,3.5176
ENSG00000162385,MAGOH,0.45463,1.5246,1.663,1.7084,1.0065,2.8422,0.32379
ENSG00000162402,USP24,2.2691,2.8884,2.7728,3.0608,3.3474,3.0147,2.4762
ENSG00000162413,KLHL21,0.41925,0.65243,-0.72066,1.6125,0.6563,2.1043,-1.6024
ENSG00000162430,SELENON,-0.24188,0.056789,-0.23495,-0.75327,-1.0206,-0.52602,-0.63055
ENSG00000162433,AK4,0.72751,2.173,0.55032,1.9355,2.3467,1.2494,0.32965
ENSG00000162434,JAK1,3.6448,3.0038,4.2762,3.6313,3.856,3.3335,3.6687
ENSG00000162441,LZIC,-0.56157,0.54186,0.28959,0.083662,-0.27393,-0.072763,-0.54132
ENSG00000162496,DHRS3,3.7358,3.094,3.6324,4.1064,3.9849,3.4238,3.852
ENSG00000162517,PEF1,4.1106,4.5872,4.7789,4.6378,4.5761,4.4101,4.2392
ENSG00000162521,RBBP4,0.94206,2.5383,1.961,2.7354,1.5476,1.6216,0.54642
ENSG00000162522,KIAA1522,2.1663,2.6388,1.8325,2.5013,1.9519,2.3308,1.8286
ENSG00000162585,FAAP20,0.38782,2.5792,2.297,2.9018,1.4675,2.2696,1.8441
ENSG00000162600,OMA1,-0.44033,-1.4893,-0.91467,-0.79419,-1.1272,-0.99131,-0.941
ENSG00000162604,TM2D1,1.283,0.65374,1.7984,0.62431,0.39588,0.94482,0.10592
ENSG00000162607,USP1,2.8428,3.3859,3.5162,3.4015,3.2318,2.9813,2.774
ENSG00000162613,FUBP1,0.48257,1.8803,1.2104,1.6008,1.2239,1.4231,0.64082
ENSG00000162642,C1orf52,2.1899,3.0162,3.1195,3.2408,3.0628,2.707,2.1321
ENSG00000162702,ZNF281,2.4772,2.6663,2.1081,2.5482,1.3072,1.7093,2.013
ENSG00000162704,ARPC5,3.9766,4.3108,4.1344,4.4825,4.0395,3.6379,3.2021
ENSG00000162714,ZNF496,-1.1194,-1.7002,-1.9237,-1.6632,-1.8666,-0.45238,-1.5564
ENSG00000162729,IGSF8,-0.83548,0.29223,-0.52884,-0.020065,-0.56514,-1.3101,-0.57627
ENSG00000162734,PEA15,0.79408,1.3809,2.7291,2.0256,1.6447,1.5074,1.0146
ENSG00000162735,PEX19,1.8576,3.1882,2.4724,2.4169,1.2105,1.2978,1.3558
ENSG00000162736,NCSTN,2.3183,2.6498,2.2069,2.2308,2.5995,2.4584,1.655
ENSG00000162783,IER5,3.8392,3.3399,4.6313,3.9635,3.4843,3.7661,3.722
ENSG00000162851,TFB2M,2.2982,2.2475,2.177,3.0808,2.437,2.9427,1.3295
ENSG00000162852,CNST,0.18561,1.2592,0.51228,0.81147,1.5311,0.89299,0.61772
ENSG00000162889,MAPKAPK2,3.9103,3.9847,4.3808,4.086,4.2502,3.956,3.9866
ENSG00000162909,CAPN2,3.3651,2.4861,4.296,3.9022,2.4964,3.533,1.2786
ENSG00000162910,MRPL55,3.0221,3.2532,3.1691,3.2284,2.7605,3.2023,2.8788
ENSG00000162923,WDR26,3.5735,3.6878,4.1697,3.9563,3.9569,3.4808,3.6117
ENSG00000162959,MEMO1,0.82493,1.4797,0.67249,1.2143,1.7131,0.63285,-0.043698
ENSG00000162961,DPY30,0.79322,1.5921,1.9298,1.8654,1.092,1.6865,1.3735
ENSG00000162972,MAIP1,2.5989,2.9416,2.9498,3.3298,3.1031,2.2725,2.7581
ENSG00000162980,ARL5A,2.4927,2.9673,3.0731,3.1845,3.2398,2.9269,2.3672
ENSG00000163001,CFAP36,1.0517,0.99067,2.6022,2.9756,-0.10022,2.096,1.6863
ENSG00000163002,NUP35,-0.60615,-0.58334,-1.9037,-0.35111,-0.96037,-0.48668,-0.96672
ENSG00000163029,SMC6,2.6853,3.1551,2.892,2.7983,2.8585,2.8052,1.9793
ENSG00000163041,H3F3A,1.3528,2.0265,1.8251,2.2431,1.7043,1.7078,1.5318
ENSG00000163104,SMARCAD1,-2.7065,-3.111,-2.7698,-2.815,-2.7595,-2.7756,-2.4976
ENSG00000163110,PDLIM5,-3.9744,-3.8231,-4.5895,-2.9425,-3.7358,-3.8059,-4.1587
ENSG00000163125,RPRD2,2.6895,2.9306,2.0382,3.2389,2.1009,1.0856,3.0135
ENSG00000163138,PACRGL,0.80082,-1.3474,0.61181,0.61559,-0.060848,1.0997,-1.3298
ENSG00000163156,SCNM1,1.4914,2.5985,2.971,2.5764,2.1467,3.0772,2.4721
ENSG00000163159,VPS72,3.0817,4.0524,4.0634,4.1331,3.5257,3.5686,3.7162
ENSG00000163161,ERCC3,-0.17699,0.55444,-0.45517,0.77112,0.17281,-1.2161,-0.62185
ENSG00000163162,RNF149,3.0512,2.7741,3.6578,3.6861,3.7565,2.6436,3.1961
ENSG00000163166,IWS1,3.3611,3.8799,3.7412,3.9763,3.83,3.1778,3.2992
ENSG00000163170,BOLA3,1.5951,0.47117,1.175,1.6043,1.6161,1.0452,0.09885
ENSG00000163191,S100A11,2.1878,1.5798,2.3964,2.1029,0.54819,0.81272,1.5225
ENSG00000163214,DHX57,1.0865,2.091,1.6707,1.0439,1.0487,0.5016,1.3044
ENSG00000163319,MRPS18C,0.40693,-0.04363,0.42267,1.5144,-0.10359,0.41742,0.15629
ENSG00000163320,CGGBP1,2.6093,3.0399,3.4559,3.1069,2.9801,2.3469,2.4465
ENSG00000163344,PMVK,0.81592,1.0461,1.1278,1.8364,0.28915,-0.12138,0.099512
ENSG00000163348,PYGO2,2.6967,3.5948,3.7868,3.5002,3.5173,3.3294,3.1123
ENSG00000163382,NAXE,2.8027,3.0267,2.1034,3.7416,2.9866,2.911,2.2545
ENSG00000163399,ATP1A1,2.3039,3.0628,3.1914,3.2533,3.4881,3.176,3.0305
ENSG00000163428,LRRC58,1.8962,-0.027992,2.5128,2.1105,-0.22283,1.7407,0.40094
ENSG00000163444,TMEM183A,3.2048,3.4459,3.4365,3.7665,3.2775,3.9883,3.0631
ENSG00000163463,KRTCAP2,1.1048,-0.37718,0.97513,0.90754,0.016179,-0.42763,-0.41317
ENSG00000163466,ARPC2,3.0139,3.2964,3.5535,3.6457,3.1842,2.3089,2.8032
ENSG00000163468,CCT3,3.1615,3.1635,3.5771,3.9863,3.0612,2.1373,2.6642
ENSG00000163479,SSR2,4.427,4.8643,5.0778,4.8099,4.5342,4.9044,4.7043
ENSG00000163481,RNF25,3.3209,3.8684,3.6309,4.2023,3.9486,3.6524,3.4679
ENSG00000163510,CWC22,2.5053,3.3304,3.2436,3.4399,3.2583,3.0079,2.5275
ENSG00000163512,AZI2,2.8074,3.0672,3.6376,3.1098,2.5621,1.2131,2.3305
ENSG00000163527,STT3B,3.5823,4.1281,4.4386,4.221,4.2891,3.8235,3.2724
ENSG00000163528,CHCHD4,3.2876,3.7238,3.773,3.9145,3.3007,3.6343,3.0513
ENSG00000163535,SGO2,1.2448,1.2804,2.0813,2.5149,-0.92581,1.7288,1.8586
ENSG00000163541,SUCLG1,-0.40827,-1.2406,0.95054,0.2842,-0.14728,0.83666,0.27876
ENSG00000163558,PRKCI,0.92357,1.312,1.2991,1.4339,0.29811,2.0012,-0.89336
ENSG00000163577,EIF5A2,-1.6156,-0.8707,-0.34289,0.41067,-0.62781,-0.729,-1.5189
ENSG00000163584,RPL22L1,2.6692,3.211,3.4992,3.8896,2.0789,2.6721,1.188
ENSG00000163597,SNHG16,3.2705,3.6201,4.0888,3.9165,4.0323,3.6673,3.588
ENSG00000163602,RYBP,0.65831,0.067231,1.7749,0.39651,0.23243,-0.14489,1.8016
ENSG00000163605,PPP4R2,2.7338,3.5049,3.1892,3.4265,3.5377,2.5593,2.8721
ENSG00000163608,NEPRO,-2.3786,-1.9915,-2.2219,-2.648,-2.2476,-2.8225,-2.4156
ENSG00000163634,THOC7,0.91031,-0.15027,0.25645,0.55783,-0.12666,-0.53431,1.0586
ENSG00000163636,PSMD6,1.3337,1.0254,1.6555,1.6682,0.3022,1.1894,1.7426
ENSG00000163655,GMPS,1.7514,1.8935,2.1116,2.2616,1.3929,2.0527,1.3304
ENSG00000163659,TIPARP,-0.067972,-0.41838,-1.6448,-1.258,-1.4373,-1.1601,-1.3994
ENSG00000163660,CCNL1,-2.956,-1.6489,-2.0368,-1.7681,-2.0721,-1.5433,-2.2366
ENSG00000163681,SLMAP,-1.7917,-1.914,-2.3472,-2.0064,-1.7894,-1.6126,-3.044
ENSG00000163682,RPL9,3.0541,3.7109,3.3309,3.8061,3.3966,2.8185,2.5099
ENSG00000163683,SMIM14,1.2829,1.0578,1.0274,1.6633,0.99065,1.259,1.9729
ENSG00000163714,U2SURP,0.85519,-0.13047,-0.25116,0.99825,-0.12053,-0.56475,-0.18928
ENSG00000163719,MTMR14,2.7119,3.3308,3.473,3.4402,2.8349,3.1363,2.6697
ENSG00000163738,MTHFD2L,0.3191,-1.5758,-0.84959,1.5202,0.47027,-0.67138,-0.43803
ENSG00000163743,RCHY1,1.3189,1.9277,2.1535,1.768,1.9648,1.0577,0.98838
ENSG00000163754,GYG1,0.7166,0.36523,2.3415,1.6308,1.3739,1.2101,0.74434
ENSG00000163755,HPS3,3.0268,3.4972,3.781,2.8205,2.476,2.0662,2.728
ENSG00000163781,TOPBP1,2.1183,2.6604,3.2376,3.5055,2.4664,2.9048,2.5544
ENSG00000163798,SLC4A1AP,-0.047915,-0.39143,-0.54176,1.1678,1.1705,1.2777,0.51076
ENSG00000163807,KIAA1143,1.6215,3.2408,3.3954,3.0815,2.5347,2.7643,2.4712
ENSG00000163811,WDR43,3.421,2.9129,3.3765,4.4257,3.3001,1.8872,2.3693
ENSG00000163812,ZDHHC3,2.9051,3.9699,3.7877,3.6496,3.3373,2.6833,3.3332
ENSG00000163818,LZTFL1,-2.3326,0.28793,0.20201,1.2716,-0.33501,0.24214,0.14221
ENSG00000163832,ELP6,3.4134,4.1577,3.685,4.1052,3.6091,4.1996,3.6633
ENSG00000163866,SMIM12,4.3087,4.6154,4.2081,4.6073,4.2462,4.2151,3.9973
ENSG00000163872,YEATS2,2.1768,3.19,3.4032,3.0503,2.2309,2.2514,1.7641
ENSG00000163875,MEAF6,0.43547,1.7601,2.5047,2.2095,2.2336,2.7459,1.6854
ENSG00000163882,POLR2H,1.0585,2.3655,2.2754,2.898,2.5354,2.0214,1.9203
ENSG00000163900,TMEM41A,3.2137,3.9432,3.5931,3.8775,4.0635,3.863,3.6436
ENSG00000163902,RPN1,1.5158,1.7997,2.6516,3.2068,1.8131,2.5696,1.4602
ENSG00000163904,SENP2,2.989,3.3794,3.5136,3.39,2.9627,3.1688,2.7765
ENSG00000163918,RFC4,0.6329,0.68628,1.0428,1.7473,-0.48425,1.1127,-0.091301
ENSG00000163930,BAP1,2.882,3.8512,3.8486,4.0527,3.2742,3.1979,2.9697
ENSG00000163931,TKT,2.4313,2.744,2.7429,2.5706,1.859,2.1467,1.6728
ENSG00000163933,RFT1,3.3543,3.5571,3.8643,3.8644,3.4418,2.993,3.236
ENSG00000163938,GNL3,0.32414,0.59525,0.52401,1.6644,0.05559,0.70396,0.0020584
ENSG00000163950,SLBP,2.8982,2.8974,2.9873,3.772,2.8493,3.3314,2.0889
ENSG00000163956,LRPAP1,3.045,3.651,3.9058,4.0936,3.8825,2.8624,3.6082
ENSG00000163964,PIGX,0.75477,0.96425,0.48847,1.8774,1.2237,1.3704,1.5356
ENSG00000164008,C1orf50,3.1982,3.5663,3.6287,3.313,3.5546,3.8634,3.5451
ENSG00000164022,AIMP1,0.27338,0.68371,0.89687,0.65011,0.60405,0.81349,-1.1073
ENSG00000164024,METAP1,3.358,4.1316,4.3832,4.4469,3.8351,3.558,3.2104
ENSG00000164032,H2AFZ,3.9765,4.4462,4.4903,4.8637,3.9244,4.2695,3.8265
ENSG00000164039,BDH2,-1.093,-0.31347,-0.33428,-0.61814,-0.97868,-0.35129,-1.3207
ENSG00000164040,PGRMC2,2.9804,3.4236,3.5022,3.4152,3.4507,3.0209,2.4316
ENSG00000164051,CCDC51,3.5442,3.8867,3.3903,4.3521,3.3601,3.0772,2.3083
ENSG00000164054,SHISA5,2.1788,2.9583,2.7337,3.0134,2.1822,2.0601,2.2079
ENSG00000164062,APEH,2.7101,3.2321,2.5654,2.9257,2.6297,2.6483,1.7366
ENSG00000164070,HSPA4L,2.0461,2.2056,3.2888,3.1648,3.0497,2.4537,2.4461
ENSG00000164081,TEX264,3.3876,3.0062,3.802,4.2303,3.8176,3.245,3.8308
ENSG00000164087,POC1A,3.5432,4.2843,3.9742,3.8577,3.1784,3.7064,3.1208
ENSG00000164091,WDR82,-0.88583,1.5218,2.3284,2.6846,2.3214,1.467,1.2768
ENSG00000164096,C4orf3,3.5658,4.0099,4.1001,3.6061,3.7632,4.0112,3.1353
ENSG00000164104,HMGB2,0.94993,1.5477,2.0074,1.72,1.0521,1.3936,0.70306
ENSG00000164105,SAP30,-0.20786,-0.0057433,-0.25521,0.69352,-0.26886,0.6773,0.72214
ENSG00000164109,MAD2L1,1.2679,2.2041,2.1237,2.9201,1.6957,2.3569,1.4218
ENSG00000164111,ANXA5,2.0811,1.6547,2.8754,2.2955,2.3733,0.40902,0.41088
ENSG00000164117,FBXO8,0.10286,-0.10056,1.4439,-0.27134,-0.10702,0.96229,-0.62902
ENSG00000164134,NAA15,2.4318,2.757,2.6611,3.2592,2.6105,2.3059,1.6593
ENSG00000164144,ARFIP1,-1.0367,0.27366,0.37262,0.93488,0.019846,0.1868,-0.027608
ENSG00000164151,ICE1,1.7484,2.3471,1.6666,2.113,2.2401,1.5824,1.8233
ENSG00000164163,ABCE1,1.0524,1.7249,1.2873,1.9185,1.7461,0.44044,0.3489
ENSG00000164164,OTUD4,1.4157,1.4514,1.4779,1.8596,1.2749,-0.51075,0.077211
ENSG00000164167,LSM6,-1.5904,-1.0048,-1.4342,-0.77291,0.3055,0.29839,-0.51731
ENSG00000164168,TMEM184C,2.0658,2.8806,2.7083,2.7744,2.946,2.2657,2.7037
ENSG00000164172,MOCS2,0.051704,-0.5986,-0.30478,0.28421,-0.94572,-0.46614,0.43098
ENSG00000164182,NDUFAF2,1.1215,0.64714,1.4711,1.3961,0.73701,0.88337,0.2327
ENSG00000164209,SLC25A46,-1.7293,-1.2661,-1.8344,-2.2711,-0.75456,-2.2506,-1.7331
ENSG00000164219,PGGT1B,2.6064,2.3606,2.9687,2.9577,2.8929,2.3805,2.312
ENSG00000164244,PRRC1,2.9926,3.4285,4.2529,3.7333,3.6713,3.5228,3.0795
ENSG00000164252,AGGF1,2.3463,2.1293,2.879,2.6148,2.3303,2.121,2.123
ENSG00000164253,WDR41,0.64737,2.1982,2.0767,2.0752,2.2861,2.1592,0.91564
ENSG00000164258,NDUFS4,2.9063,2.0609,2.4035,3.1615,1.7532,3.1748,0.39631
ENSG00000164292,RHOBTB3,-0.81597,-1.2789,0.81017,-0.59881,-0.4069,0.42682,0.30009
ENSG00000164300,SERINC5,-3.9845,-2.1442,-2.5367,-2.4409,-1.9314,-2.1526,-0.57462
ENSG00000164327,RICTOR,-0.59448,-0.38978,0.031136,-0.24926,-0.54943,0.84637,-1.3955
ENSG00000164329,PAPD4,-0.12644,-1.4845,-1.0115,-0.68024,-1.8562,-0.64733,-0.76787
ENSG00000164331,ANKRA2,2.5598,2.7077,3.2126,2.5021,2.6268,2.6821,2.2558
ENSG00000164332,UBLCP1,1.313,2.2363,1.3742,2.1631,1.2548,1.9571,0.60237
ENSG00000164338,UTP15,3.1581,3.4557,3.3063,3.4291,3.0157,2.2799,2.4151
ENSG00000164346,NSA2,2.7327,2.1136,2.8288,2.654,2.1625,2.6941,1.1799
ENSG00000164347,GFM2,0.72463,0.16055,1.0816,1.2957,0.86315,0.72351,0.90111
ENSG00000164366,CCDC127,3.4244,3.871,3.7702,3.9169,3.7526,3.6108,3.8214
ENSG00000164402,SEPT8,2.2621,3.2357,3.6739,2.4203,3.1884,3.5135,2.6633
ENSG00000164405,UQCRQ,1.7123,1.3009,1.5674,2.1085,1.8667,1.5319,1.6986
ENSG00000164414,SLC35A1,1.4068,2.5845,2.3427,2.8843,2.7537,2.1765,2.8438
ENSG00000164442,CITED2,2.7085,4.1999,4.4571,3.5438,3.0197,3.785,3.2518
ENSG00000164465,DCBLD1,2.3735,2.8169,3.0346,2.7822,3.6494,2.3301,2.1715
ENSG00000164466,SFXN1,2.1158,2.5977,1.3813,2.1094,1.1404,1.8817,2.0661
ENSG00000164543,STK17A,3.6875,3.6467,4.8558,3.8283,4.0762,3.2786,3.5572
ENSG00000164548,TRA2A,0.54356,0.069877,0.79416,1.4537,-0.03175,0.029528,0.10717
ENSG00000164574,GALNT10,3.1336,2.12,3.5849,3.1713,2.543,1.8695,2.6015
ENSG00000164576,SAP30L,3.5785,3.696,3.4681,3.4508,3.4233,3.409,3.4093
ENSG00000164587,RPS14,2.2224,2.3316,2.4029,2.4411,2.4241,2.3349,2.0747
ENSG00000164609,SLU7,1.8066,2.736,2.5143,2.5785,2.9128,2.1225,1.6557
ENSG00000164610,RP9,2.954,3.6326,3.3792,3.4074,3.1845,3.1903,3.2477
ENSG00000164611,PTTG1,1.6089,1.1217,1.1096,2.0381,0.65537,2.199,0.1313
ENSG00000164615,CAMLG,3.4614,4.1042,4.2846,3.9249,3.4092,3.7173,3.5824
ENSG00000164631,ZNF12,2.6003,3.1246,2.9382,2.5709,2.6862,2.4123,2.9175
ENSG00000164654,MIOS,2.4422,2.8715,2.652,1.9468,2.1999,2.3399,2.2196
ENSG00000164687,FABP5,-0.56961,0.1085,0.067602,0.85196,-0.11448,-1.5337,-1.0438
ENSG00000164713,BRI3,4.3687,4.7119,4.9743,4.7253,4.6163,4.7147,4.4643
ENSG00000164715,LMTK2,2.7268,3.4206,2.3238,2.8986,3.0721,2.5822,2.6311
ENSG00000164733,CTSB,3.7041,3.5063,5.2236,4.2256,5.0909,3.7384,3.9779
ENSG00000164751,PEX2,1.7855,2.0978,3.2075,2.884,1.9943,2.4068,1.8391
ENSG00000164754,RAD21,3.1517,3.6193,4.2505,4.1656,3.4025,3.2899,3.2754
ENSG00000164758,MED30,-0.50419,1.2031,2.1326,1.6076,1.4642,1.1552,0.079971
ENSG00000164815,ORC5,3.0551,2.7419,2.6883,3.5435,2.3077,2.899,3.2001
ENSG00000164818,DNAAF5,3.5534,3.8977,4.1571,4.2798,3.6569,3.0892,3.6235
ENSG00000164823,OSGIN2,1.2804,0.69479,0.3309,-0.038509,-0.75305,-0.83588,-0.18737
ENSG00000164828,SUN1,1.661,2.6003,3.0069,2.3872,1.4707,1.8705,1.7475
ENSG00000164880,INTS1,2.4458,2.094,2.772,3.3465,2.2317,2.6435,3.2844
ENSG00000164885,CDK5,1.6457,2.1721,2.2859,2.0064,1.6368,2.8985,1.2875
ENSG00000164889,SLC4A2,1.1765,0.67047,2.3278,1.7629,1.0274,1.1983,0.16199
ENSG00000164896,FASTK,2.4969,2.9992,2.2964,3.1864,2.7278,2.9044,2.4073
ENSG00000164897,TMUB1,4.2412,4.6992,4.4747,4.8243,4.1552,5.1803,4.6426
ENSG00000164898,FMC1,1.3456,0.9196,0.42638,1.4804,1.0718,1.4629,1.2341
ENSG00000164902,PHAX,3.1718,3.4355,3.5249,2.8591,2.5795,2.0702,2.8684
ENSG00000164919,COX6C,1.9135,1.5005,1.8634,2.7138,1.4639,1.5881,1.7617
ENSG00000164924,YWHAZ,1.529,1.9732,1.8559,2.6977,1.2539,1.9622,1.118
ENSG00000164933,SLC25A32,-0.33368,0.23295,-0.23725,0.17389,-1.5332,-0.62353,-1.7672
ENSG00000164934,DCAF13,1.5134,1.5648,1.9231,2.4569,1.6946,1.3024,0.91441
ENSG00000164941,INTS8,-0.55457,0.010869,0.42691,0.23102,-0.034372,-0.39406,-0.95853
ENSG00000164944,VIRMA,1.7201,1.9595,2.9352,3.1708,2.1541,1.6475,2.3845
ENSG00000164961,WASHC5,-0.54288,0.72369,0.44835,-0.38441,0.27837,0.17463,-0.26338
ENSG00000164967,RPP25L,3.9385,3.971,4.0778,4.4239,3.7955,3.4333,3.9581
ENSG00000164975,SNAPC3,1.6807,1.8823,3.1075,2.7915,2.9465,2.3132,1.7422
ENSG00000164978,NUDT2,2.9959,3.2706,3.802,4.0323,2.1672,2.9268,3.6512
ENSG00000164983,TMEM65,-2.0702,-1.6715,-1.4677,-0.081746,-1.2524,-1.8613,-1.8324
ENSG00000164985,PSIP1,0.013476,0.94786,-0.035058,1.0251,-0.027378,0.28466,-0.98333
ENSG00000165006,UBAP1,3.1413,3.5535,3.8245,3.5281,3.6709,2.794,2.9924
ENSG00000165030,NFIL3,3.0847,3.353,3.6857,3.7408,4.4785,3.8295,3.6847
ENSG00000165055,METTL2B,-1.8057,-1.1278,1.2056,0.37528,-1.2156,0.34558,-1.5265
ENSG00000165060,FXN,2.7314,3.6886,3.5546,3.6983,3.838,3.4604,3.5088
ENSG00000165119,HNRNPK,1.718,1.9032,1.8545,2.2413,1.7147,1.4241,1.5514
ENSG00000165169,DYNLT3,-0.23234,0.037761,0.46452,1.5239,-0.51988,-0.45925,-0.57861
ENSG00000165175,MID1IP1,3.4354,4.288,3.5872,4.4086,3.9697,3.3533,3.3666
ENSG00000165209,STRBP,-0.27233,0.37449,1.1791,-0.12112,0.40832,1.3829,-0.37274
ENSG00000165233,CARD19,0.4185,1.6539,0.17717,0.78166,-0.13686,0.18112,-0.40359
ENSG00000165244,ZNF367,-1.254,-0.7945,-1.1252,-0.8619,-0.077487,-1.0938,-0.37123
ENSG00000165264,NDUFB6,0.85045,-0.19486,-0.28271,1.7427,-0.37483,1.0262,-0.17117
ENSG00000165271,NOL6,0.85806,1.9639,0.95635,1.4324,2.0379,-0.16993,-0.23238
ENSG00000165280,VCP,4.4642,4.8047,4.3066,4.5658,4.4312,4.2022,3.9458
ENSG00000165283,STOML2,2.455,2.0922,2.289,2.8988,2.2374,1.4244,0.75552
ENSG00000165304,MELK,2.8518,2.7868,2.9475,3.1263,2.0754,1.6322,1.7485
ENSG00000165355,FBXO33,0.81793,-1.3873,-1.4112,1.5033,-1.1175,-0.73427,-1.1414
ENSG00000165389,SPTSSA,3.045,3.1314,3.0925,3.0133,3.8584,2.4758,2.7738
ENSG00000165406,MARCH8,-3.4116,-3.2007,-3.4725,-3.5976,-3.0228,-3.4537,-3.3835
ENSG00000165416,SUGT1,0.036653,0.30323,1.1709,1.6366,0.87777,0.098833,-0.60402
ENSG00000165417,GTF2A1,1.702,2.172,0.85369,1.7007,1.9558,1.3866,1.8387
ENSG00000165458,INPPL1,3.6811,3.6504,4.12,3.784,3.4456,3.7089,3.9616
ENSG00000165476,REEP3,-0.26036,-0.56649,-0.33827,-0.21419,-0.45018,-0.67641,-0.69662
ENSG00000165487,MICU2,0.053673,0.91006,0.51211,2.0262,1.3435,1.2335,-1.1236
ENSG00000165501,LRR1,2.734,1.8097,1.6001,2.5446,1.1998,1.8591,1.6479
ENSG00000165502,RPL36AL,3.9924,4.7129,4.9463,4.5907,4.4094,4.4058,4.8077
ENSG00000165506,DNAAF2,3.3359,4.0215,3.184,3.7923,3.3942,2.8429,3.2964
ENSG00000165516,KLHDC2,-0.78127,0.78145,1.3891,1.1394,0.68822,1.668,0.29444
ENSG00000165526,RPUSD4,3.2393,4.0716,4.2534,4.2336,4.0621,3.8182,3.0889
ENSG00000165527,ARF6,4.2864,4.3442,4.6766,4.6611,4.2562,3.8979,4.213
ENSG00000165609,NUDT5,1.2252,1.906,2.042,2.2428,2.1383,2.0774,0.85956
ENSG00000165629,ATP5C1,2.6309,2.0172,2.1232,3.0912,1.97,2.0434,0.81098
ENSG00000165630,PRPF18,2.9802,2.7341,3.5962,3.3061,2.9495,2.5601,3.1844
ENSG00000165632,TAF3,2.6493,2.9012,2.8389,3.1276,2.9259,2.5411,3.1251
ENSG00000165637,VDAC2,1.8672,1.1525,1.3863,1.8528,1.5703,1.8637,0.4595
ENSG00000165644,COMTD1,3.7273,3.1549,3.4644,3.5049,3.6578,3.1258,3.7404
ENSG00000165650,PDZD8,-2.7939,-2.1574,-2.8274,-1.9753,-2.0069,-2.6651,-1.4157
ENSG00000165660,ABRAXAS2,2.6109,3.3042,3.1451,3.8053,3.1137,2.5074,2.8449
ENSG00000165661,QSOX2,0.023378,0.62245,0.66139,1.5799,0.48212,-0.20162,0.82915
ENSG00000165669,FAM204A,0.46533,0.28017,1.7009,1.2063,0.90517,1.8886,1.1292
ENSG00000165672,PRDX3,2.1862,2.129,2.0024,2.8832,2.6897,1.053,0.5874
ENSG00000165678,GHITM,2.4146,2.2386,2.7814,2.9292,3.1163,2.6237,2.023
ENSG00000165684,SNAPC4,3.7906,3.5734,4.223,4.2657,3.7205,3.3583,3.9608
ENSG00000165688,PMPCA,4.31,4.8073,5.0192,5.246,4.7792,4.4103,4.4493
ENSG00000165689,SDCCAG3,3.2763,3.62,3.9469,3.8537,3.3228,3.104,2.8574
ENSG00000165704,HPRT1,0.94309,1.0196,0.71266,1.3918,0.98074,0.9719,1.1042
ENSG00000165724,ZMYND19,4.048,4.4447,4.0829,4.6643,4.0295,4.0514,4.0726
ENSG00000165732,DDX21,2.8551,3.9882,3.8052,4.1375,3.8323,3.0761,1.7328
ENSG00000165733,BMS1,3.749,3.8669,3.9605,4.4816,3.5281,3.7327,3.5767
ENSG00000165775,FUNDC2,3.3351,3.9556,3.6994,3.6384,3.6225,4.2955,3.4137
ENSG00000165782,PIP4P1,2.3545,2.5465,2.6987,2.8993,2.7366,1.5951,1.5821
ENSG00000165792,METTL17,0.11493,0.83335,1.0125,0.78343,-0.017952,1.2658,-0.035673
ENSG00000165802,NSMF,2.7965,3.5011,3.2183,3.1085,2.7544,2.4244,2.3664
ENSG00000165819,METTL3,3.5608,3.7413,3.656,3.5973,3.1252,2.8899,2.1407
ENSG00000165832,TRUB1,-0.11536,0.38501,0.7491,0.84562,0.92637,-1.0109,-0.74787
ENSG00000165898,ISCA2,2.1458,3.142,2.4263,2.4465,2.215,1.3317,1.5249
ENSG00000165915,SLC39A13,3.0004,3.0162,3.8148,2.9737,3.155,3.1297,2.3405
ENSG00000165916,PSMC3,1.7189,1.3055,1.4712,1.7325,0.93574,0.90823,1.4393
ENSG00000165934,CPSF2,2.2786,2.8394,2.4187,2.969,2.9638,1.5189,2.2244
ENSG00000165997,ARL5B,-0.24982,-1.4902,-1.8422,-1.5394,-1.6656,-1.5854,-1.8842
ENSG00000166012,TAF1D,2.6487,2.6776,3.1584,2.912,2.6437,2.8688,2.2726
ENSG00000166037,CEP57,-1.9455,-1.4356,-1.2639,-1.2782,-1.9156,-1.655,-1.5653
ENSG00000166068,SPRED1,-0.034812,0.024921,0.51353,1.0811,0.22358,0.25636,0.51992
ENSG00000166123,GPT2,1.0091,1.1988,1.1669,0.60214,2.3168,0.66646,1.2405
ENSG00000166128,RAB8B,-1.4166,-0.45616,-1.5375,-1.7851,-1.074,-1.4453,-0.78814
ENSG00000166133,RPUSD2,3.1198,3.566,3.3277,3.9726,3.1083,3.1479,3.0268
ENSG00000166136,NDUFB8,1.7064,1.685,1.5845,2.1588,1.7386,1.2204,1.1047
ENSG00000166164,BRD7,0.96927,1.3624,1.0757,1.0911,1.0114,1.3158,1.2997
ENSG00000166165,CKB,2.3948,3.524,1.7188,4.0384,1.9874,3.25,1.9459
ENSG00000166170,BAG5,2.5504,2.5502,1.9968,1.6397,1.8666,2.5485,2.2473
ENSG00000166171,DPCD,2.1006,3.3978,2.6563,3.3522,2.3241,2.9799,1.738
ENSG00000166181,API5,2.6092,3.5029,3.3495,3.5162,3.0954,2.4996,2.0932
ENSG00000166189,HPS6,4.3665,4.4857,4.4973,4.9059,4.2411,3.7363,4.1544
ENSG00000166197,NOLC1,1.983,3.0633,2.923,4.0672,2.8237,2.2062,1.7707
ENSG00000166199,ALKBH3,2.1133,1.3246,2.4614,1.5628,0.98659,2.2043,1.7066
ENSG00000166200,COPS2,3.0938,3.2805,3.5917,3.7781,3.2802,3.3092,2.9332
ENSG00000166226,CCT2,1.7851,2.1181,2.0797,2.3573,1.2499,2.1796,1.4705
ENSG00000166228,PCBD1,3.2906,1.9652,2.64,3.6675,3.0252,2.6692,2.1218
ENSG00000166233,ARIH1,3.0727,3.3519,3.2989,3.3204,3.3635,2.8681,2.5639
ENSG00000166260,COX11,1.6727,1.1302,2.1104,2.2505,1.9744,1.6937,0.9355
ENSG00000166266,CUL5,-1.0168,0.68372,0.16191,-0.14955,-1.1029,-1.3357,-0.51605
ENSG00000166272,WBP1L,3.432,2.785,3.4074,3.2757,3.2915,3.0366,3.4938
ENSG00000166275,BORCS7,0.37427,0.26411,0.49427,1.4381,1.647,1.1434,1.3324
ENSG00000166295,ANAPC16,3.448,3.3216,3.2112,3.608,3.2894,3.6805,3.0766
ENSG00000166326,TRIM44,2.1255,2.4082,2.9705,2.6868,2.3603,2.18,2.5499
ENSG00000166333,ILK,2.6248,3.2205,3.5447,3.0531,2.4294,2.7926,2.0333
ENSG00000166337,TAF10,1.3829,1.5153,1.9655,1.9159,1.3232,1.4675,1.1528
ENSG00000166340,TPP1,2.5044,1.0743,1.6755,2.4856,2.7709,1.2756,1.3754
ENSG00000166347,CYB5A,1.9127,2.3301,1.1907,1.2055,2.7738,1.7861,1.851
ENSG00000166352,C11orf74,0.77751,-1.0763,0.78106,0.46465,-0.50366,0.67038,-0.13977
ENSG00000166411,IDH3A,2.6332,2.149,2.1735,2.727,2.8231,2.3827,1.453
ENSG00000166441,RPL27A,3.0247,3.2372,3.4436,3.5975,3.187,3.2464,3.3547
ENSG00000166451,CENPN,0.081642,-0.24386,0.043979,1.0282,0.15747,0.75099,1.174
ENSG00000166452,AKIP1,2.7976,3.1046,3.3887,3.2499,3.3065,3.1615,2.6156
ENSG00000166454,ATMIN,3.2833,3.9565,3.2822,4.2554,4.2045,2.7505,3.9039
ENSG00000166471,TMEM41B,1.5897,2.2426,2.3667,2.5669,2.6803,2.762,2.5017
ENSG00000166477,LEO1,-0.79241,0.062427,-0.21482,-0.73689,0.042704,-0.65984,-1.1469
ENSG00000166478,ZNF143,0.56014,-0.4206,0.32611,0.95583,-0.66377,0.20167,-0.61438
ENSG00000166479,TMX3,-0.87728,-0.87728,-0.54111,0.049913,-0.41319,0.21141,-1.2825
ENSG00000166483,WEE1,3.0079,4.1038,3.7796,3.6725,2.9071,3.2824,2.8926
ENSG00000166508,MCM7,3.0326,3.3236,3.247,3.8174,2.4178,3.3395,3.1813
ENSG00000166557,TMED3,3.7617,3.7214,3.9048,3.4792,3.0025,3.2722,3.4968
ENSG00000166562,SEC11C,0.057125,0.48096,-0.51885,0.72927,1.6825,0.30606,-0.21327
ENSG00000166575,TMEM135,0.65463,0.22336,-0.56921,0.77732,1.6135,1.2886,0.073098
ENSG00000166579,NDEL1,3.0843,3.1519,3.2374,3.8602,4.1316,2.6791,2.2884
ENSG00000166595,FAM96B,0.1626,0.25738,0.1127,0.59064,0.24199,0.15246,-1.1547
ENSG00000166598,HSP90B1,3.0845,3.5093,4.3432,4.0388,3.6033,3.1688,2.4848
ENSG00000166619,BLCAP,3.5498,3.8547,4.3563,3.6685,4.2583,3.3008,3.4949
ENSG00000166685,COG1,0.060533,-0.3473,0.91413,2.087,0.92979,-0.87011,-0.4701
ENSG00000166710,B2M,3.2903,2.9539,4.7636,4.0067,3.5934,4.6192,2.9708
ENSG00000166734,CASC4,-0.26222,-0.85696,-0.883,-1.0172,-1.0003,-1.3177,-1.2165
ENSG00000166747,AP1G1,2.0435,1.6161,1.0866,2.7723,1.1161,0.97869,1.6074
ENSG00000166788,SAAL1,1.6334,1.5239,2.0508,2.2721,-0.69065,1.9977,0.80575
ENSG00000166794,PPIB,5.3151,5.4574,5.6039,5.7335,5.5652,5.2027,5.1207
ENSG00000166797,FAM96A,2.5853,1.9233,2.4086,2.757,2.6611,1.7596,1.334
ENSG00000166803,PCLAF,2.539,2.1644,2.2973,2.8099,2.4998,2.1978,1.9649
ENSG00000166847,DCTN5,3.2242,3.5442,3.9402,3.6495,4.0123,3.3182,3.5273
ENSG00000166848,TERF2IP,3.2196,3.1577,3.1166,3.7488,3.6407,3.2993,3.4849
ENSG00000166851,PLK1,4.323,4.9858,4.806,4.9169,4.464,4.816,3.9176
ENSG00000166855,CLPX,2.1475,2.3246,2.464,2.5661,2.4773,2.4974,2.2818
ENSG00000166886,NAB2,3.5021,3.6316,3.5531,4.2447,3.3675,3.3257,4.0858
ENSG00000166887,VPS39,2.7569,3.5376,3.911,3.3422,3.6014,3.219,3.0383
ENSG00000166888,STAT6,3.9641,3.8505,4.5872,3.895,3.9159,3.0955,3.1313
ENSG00000166889,PATL1,0.48539,-0.5824,-0.45801,0.51951,0.26446,-0.23312,-0.2382
ENSG00000166900,STX3,-0.68011,-0.94407,-1.5773,-1.2094,-0.65365,-0.55253,-1.7087
ENSG00000166902,MRPL16,3.8815,4.4087,4.4148,4.6373,4.1302,4.5438,4.1216
ENSG00000166908,PIP4K2C,3.5008,3.6455,3.619,3.8347,3.8848,3.1699,3.5125
ENSG00000166913,YWHAB,3.2591,3.3144,3.1999,3.6708,3.318,2.8057,3.0378
ENSG00000166925,TSC22D4,3.8425,4.225,4.565,4.3421,3.8923,4.453,4.1781
ENSG00000166938,DIS3L,3.0258,3.0174,2.4588,2.9195,2.3772,2.4023,2.5108
ENSG00000166946,CCNDBP1,1.7747,2.4231,3.1949,2.6438,2.5388,2.6466,1.0609
ENSG00000166965,RCCD1,2.7725,3.1911,2.6997,3.1363,2.7323,3.2104,2.7278
ENSG00000166986,MARS,1.8217,2.3945,2.3299,2.719,2.7807,2.1156,1.2742
ENSG00000166987,MBD6,-0.16113,-0.64465,0.036735,-0.0062009,0.8681,1.2073,0.61565
ENSG00000167004,PDIA3,4.0326,4.8287,4.6801,4.7652,4.7655,4.5083,3.7374
ENSG00000167005,NUDT21,1.9494,2.7294,2.9171,3.1667,2.2991,2.5874,0.7706
ENSG00000167085,PHB,3.345,3.4956,3.642,4.043,3.6263,2.704,2.6102
ENSG00000167088,SNRPD1,0.43653,0.14842,1.3658,0.86295,0.38546,0.067759,-0.66749
ENSG00000167106,FAM102A,3.1229,3.3044,2.8386,3.1868,2.9206,2.6342,4.521
ENSG00000167110,GOLGA2,0.85701,1.2171,2.415,1.1816,0.30459,1.6527,0.52825
ENSG00000167112,TRUB2,3.6863,4.0789,4.1002,4.4087,3.8649,3.9913,4.015
ENSG00000167113,COQ4,3.0611,2.9725,4.0889,3.8634,2.4926,3.8837,3.5877
ENSG00000167114,SLC27A4,3.6891,3.8676,4.0901,4.3131,4.1088,3.2742,3.7034
ENSG00000167118,URM1,3.1811,3.1956,2.9776,3.1613,2.4014,2.6864,2.0405
ENSG00000167130,DOLPP1,2.7295,3.7041,3.412,3.3824,3.4135,3.5046,3.153
ENSG00000167136,ENDOG,3.1393,3.595,3.9818,3.6685,3.2617,4.1223,3.6342
ENSG00000167182,SP2,2.3652,3.1476,2.8389,3.2967,2.6787,2.3772,2.8508
ENSG00000167186,COQ7,-0.81014,-1.6195,-0.88175,-1.137,-1.3207,-0.74837,-1.4265
ENSG00000167193,CRK,3.1986,3.6339,3.4471,3.8173,3.1914,2.4532,3.3616
ENSG00000167196,FBXO22,3.0053,3.647,3.5379,3.3693,3.53,3.1374,2.9179
ENSG00000167258,CDK12,0.66909,-0.89472,-0.48511,-0.075377,-0.12086,0.34794,0.2263
ENSG00000167264,DUS2,0.90894,0.21907,0.37906,-0.36634,-0.29384,-0.52435,-0.7317
ENSG00000167272,POP5,2.6821,2.9943,2.691,3.5954,2.953,2.9663,2.6113
ENSG00000167283,ATP5L,1.5266,1.4971,1.6676,2.2265,1.5598,1.6288,0.95892
ENSG00000167315,ACAA2,0.61081,0.77637,0.26078,0.044201,0.85492,1.4836,0.34737
ENSG00000167323,STIM1,1.7627,1.5198,1.6665,1.3327,1.4555,1.5078,0.86001
ENSG00000167325,RRM1,2.5259,3.2289,2.7312,3.7102,1.6261,2.4129,2.6713
ENSG00000167363,FN3K,-1.7712,-1.2165,-2.3336,-0.99179,-0.48899,-0.48719,-1.5012
ENSG00000167397,VKORC1,3.9563,4.2502,4.2805,4.1358,4.347,4.1485,3.6313
ENSG00000167447,SMG8,2.5778,2.6796,3.3283,3.136,2.8099,2.4258,2.7915
ENSG00000167460,TPM4,3.6935,3.9339,4.4677,3.9079,3.6905,2.1405,3.6683
ENSG00000167461,RAB8A,3.9123,4.18,4.1964,4.3111,4.0961,3.5373,4.2942
ENSG00000167468,GPX4,1.3441,2.0265,2.2171,2.5005,2.4172,2.0846,1.8309
ENSG00000167470,MIDN,2.8378,3.4882,3.2243,3.6665,3.5552,2.6105,2.4198
ENSG00000167491,GATAD2A,3.0959,4.2465,3.9671,4.1122,3.8663,3.441,3.411
ENSG00000167508,MVD,3.5902,4.5597,4.298,4.6561,4.1503,4.8784,3.7554
ENSG00000167513,CDT1,3.8848,4.7322,4.7302,5.101,3.9369,5.3058,4.4113
ENSG00000167515,TRAPPC2L,0.13239,1.3622,0.17996,0.037554,-0.50139,-1.0628,0.71468
ENSG00000167522,ANKRD11,3.6098,4.084,4.1886,4.375,4.2135,3.8398,4.2143
ENSG00000167526,RPL13,4.0988,5.1139,4.8096,4.2464,4.2748,4.7006,4.1138
ENSG00000167543,TP53I13,1.4137,2.0765,1.2432,0.93658,0.2368,1.0092,0.42142
ENSG00000167548,KMT2D,2.0393,1.267,0.76009,2.7041,1.6739,1.8839,2.4262
ENSG00000167552,TUBA1A,1.2353,2.6033,1.8618,1.4977,-0.37516,0.64044,0.36952
ENSG00000167553,TUBA1C,2.2635,2.2499,2.2847,2.6425,1.6726,0.91381,1.6922
ENSG00000167565,SERTAD3,3.5794,3.6058,3.1909,3.9845,3.4468,3.3041,3.6457
ENSG00000167578,RAB4B,1.2843,1.0549,1.2895,0.82164,1.4142,1.3911,-0.1707
ENSG00000167625,ZNF526,3.6696,3.4481,3.7729,4.1402,3.4649,3.6452,3.6987
ENSG00000167635,ZNF146,3.5696,4.2419,4.0155,3.8318,3.7721,3.5062,3.3308
ENSG00000167645,YIF1B,2.6572,1.8043,2.1748,1.4107,2.5728,3.2428,1.4326
ENSG00000167657,DAPK3,3.7763,4.3684,4.5679,4.4665,3.991,3.8893,4.1421
ENSG00000167658,EEF2,5.3251,6.1636,5.9428,5.8204,5.6586,5.736,5.5293
ENSG00000167670,CHAF1A,3.0338,4.1385,3.6642,4.0586,2.5844,3.5517,1.4921
ENSG00000167671,UBXN6,2.9193,3.5687,3.2963,3.5699,3.1893,3.6934,2.6811
ENSG00000167685,ZNF444,2.9901,4.0951,3.0714,3.7778,3.573,3.3533,3.3613
ENSG00000167695,FAM57A,2.9169,2.7703,2.6992,2.9784,2.6028,2.0596,2.5672
ENSG00000167699,GLOD4,2.4379,3.0924,2.9023,3.4619,3.2841,2.0576,1.3989
ENSG00000167700,MFSD3,2.6436,3.4362,2.7207,2.1211,0.75057,1.9409,1.8286
ENSG00000167721,TSR1,3.2864,3.6351,3.3368,3.9011,3.1745,2.858,2.4931
ENSG00000167740,CYB5D2,0.50396,0.86435,-0.13872,0.9743,0.73012,1.295,-0.040782
ENSG00000167747,C19orf48,4.6022,4.7501,5.1296,5.1414,4.5873,4.544,4.8551
ENSG00000167770,OTUB1,3.9393,3.8799,3.7605,4.1835,3.9236,3.3524,3.4659
ENSG00000167775,CD320,4.1137,4.5963,4.4996,4.7088,4.5656,3.1305,2.7619
ENSG00000167778,SPRYD3,-1.9587,0.31207,-1.3788,0.63995,-2.2317,-2.1277,-1.637
ENSG00000167792,NDUFV1,1.5693,1.8649,1.8544,2.5018,1.8509,2.2785,1.4492
ENSG00000167797,CDK2AP2,2.7007,3.1103,3.6374,3.8917,3.057,3.6018,2.9885
ENSG00000167842,MIS12,1.1629,1.0315,1.5343,1.1817,0.38728,0.84391,-0.27822
ENSG00000167862,MRPL58,3.7415,3.9767,4.4049,4.5553,3.6585,4.0195,3.5857
ENSG00000167863,ATP5H,1.9752,2.2038,2.2666,2.7222,2.5651,1.9871,1.7799
ENSG00000167881,SRP68,4.3973,4.5158,4.7068,4.8995,4.6025,4.1637,4.1076
ENSG00000167900,TK1,3.1493,3.6607,3.3209,3.8166,3.1134,3.4456,2.759
ENSG00000167920,TMEM99,3.0912,3.285,3.3269,2.8666,3.5556,3.5704,2.2813
ENSG00000167925,GHDC,2.1411,0.83534,2.9983,1.394,1.0045,2.1428,1.0872
ENSG00000167930,FAM234A,3.3759,4.3262,3.5725,3.779,3.7857,3.8347,3.8169
ENSG00000167962,ZNF598,3.8272,3.8266,4.2904,4.3082,3.7267,4.0991,3.7124
ENSG00000167965,MLST8,3.5046,4.2668,3.6574,4.1398,3.4149,4.0202,3.5464
ENSG00000167967,E4F1,3.0633,3.6116,3.6763,4.0418,3.382,3.2081,3.2803
ENSG00000167969,ECI1,2.8999,2.7279,2.6992,3.4813,2.1648,2.3808,2.3212
ENSG00000167977,KCTD5,3.3363,3.9195,4.0686,4.4753,4.2265,3.9615,4.0069
ENSG00000167978,SRRM2,2.7498,2.9567,3.1777,3.5882,3.0617,1.9431,2.9113
ENSG00000167985,SDHAF2,3.5725,3.8853,3.7828,4.0279,4.0965,3.8457,3.5637
ENSG00000167986,DDB1,3.4656,3.8735,3.5897,4.0863,3.8987,3.4727,2.9134
ENSG00000167987,VPS37C,3.2158,4.0847,3.934,3.877,3.8906,3.62,3.2976
ENSG00000167996,FTH1,2.8564,3.2393,3.4883,3.4506,2.3981,3.101,3.2194
ENSG00000168000,BSCL2,1.1101,1.577,0.62791,0.26252,1.1168,1.4567,0.12641
ENSG00000168002,POLR2G,0.81293,-0.4772,0.38041,0.35152,-0.2115,0.040224,-0.11292
ENSG00000168003,SLC3A2,4.6402,4.2557,3.781,4.3853,4.2041,3.8731,3.3682
ENSG00000168005,C11orf84,1.6858,3.0713,1.5171,2.8536,1.6568,2.5283,0.35814
ENSG00000168014,C2CD3,3.1037,3.1359,2.0405,3.0637,3.0468,3.4127,3.2809
ENSG00000168028,RPSA,3.8265,3.9549,4.0577,4.0081,3.6509,3.4519,3.0844
ENSG00000168036,CTNNB1,1.7334,3.0086,3.1209,3.2349,2.8824,1.7296,2.6779
ENSG00000168040,FADD,4.6519,4.8236,4.9377,4.8059,4.5394,4.2716,4.569
ENSG00000168056,LTBP3,2.95,2.8819,3.6909,3.5911,3.3894,2.4733,2.8872
ENSG00000168061,SAC3D1,4.0592,3.831,3.8292,4.2343,4.1137,3.5416,3.8178
ENSG00000168066,SF1,3.6858,4.2134,3.5031,4.0983,3.8321,3.6621,3.18
ENSG00000168078,PBK,3.7741,0.88025,3.5225,4.3566,2.8247,3.7352,2.8231
ENSG00000168090,COPS6,4.2076,4.19,4.377,4.5484,3.6938,4.2292,3.8633
ENSG00000168092,PAFAH1B2,0.89852,1.0528,1.04,2.232,1.4262,0.46729,0.090673
ENSG00000168101,NUDT16L1,2.238,2.9095,3.326,3.2492,3.2877,2.7934,2.5526
ENSG00000168118,RAB4A,2.2918,1.8287,1.5155,2.6891,2.9132,1.7924,0.96217
ENSG00000168159,RNF187,3.4313,4.1902,3.814,4.205,3.8767,4.463,3.5299
ENSG00000168175,MAPK1IP1L,3.6964,4.135,4.0086,4.1751,4.1041,3.2313,3.5126
ENSG00000168209,DDIT4,4.4424,4.39,4.2974,4.7435,4.814,5.8154,4.059
ENSG00000168216,LMBRD1,-1.3067,-0.7351,-0.40503,-0.7059,-1.0553,-0.80938,-1.6464
ENSG00000168256,NKIRAS2,2.5089,2.6756,2.6722,2.7771,2.4177,2.4142,1.2051
ENSG00000168259,DNAJC7,1.9022,1.5012,2.5616,2.4298,1.5582,2.0685,-0.30976
ENSG00000168264,IRF2BP2,4.2093,4.0431,4.5272,4.0513,4.971,4.4167,4.4067
ENSG00000168268,NT5DC2,0.74969,2.094,1.6862,2.4159,1.4828,1.8353,1.4375
ENSG00000168273,SMIM4,1.9702,0.94993,0.76892,0.92335,0.75736,0.3231,0.1087
ENSG00000168275,COA6,3.6483,3.4878,2.7575,3.6463,3.4104,3.9077,3.2004
ENSG00000168282,MGAT2,4.0014,3.8075,4.1184,4.3544,4.2698,3.6501,3.6283
ENSG00000168286,THAP11,4.1027,4.6029,4.2821,4.5131,4.6623,4.1069,4.2578
ENSG00000168288,MMADHC,0.34617,0.20364,0.71206,0.44038,0.80404,0.54927,-0.14631
ENSG00000168291,PDHB,2.6793,3.4611,3.5826,3.1112,3.5864,2.6007,3.012
ENSG00000168297,PXK,-2.0917,-1.3231,-2.544,-2.0535,-1.6465,-1.7873,-1.0291
ENSG00000168303,MPLKIP,2.7565,3.4986,4.1306,3.4117,3.4463,3.787,3.4598
ENSG00000168310,IRF2,2.2872,2.7708,3.0573,2.2927,3.3136,2.4366,1.7922
ENSG00000168374,ARF4,2.1311,2.786,2.7952,3.2228,2.7866,3.1766,1.9007
ENSG00000168385,SEPT2,1.2511,1.524,1.7801,2.0026,1.7546,0.73462,1.2186
ENSG00000168393,DTYMK,4.4963,4.3419,4.7957,4.7973,4.4335,4.135,4.4691
ENSG00000168397,ATG4B,3.5106,3.9427,3.7403,4.1328,4.1923,3.6853,3.9385
ENSG00000168411,RFWD3,3.1436,3.8489,3.8009,3.8088,3.5019,2.9706,2.9716
ENSG00000168434,COG7,2.6396,2.2549,2.326,2.7895,2.5408,2.2712,2.0144
ENSG00000168438,CDC40,-0.23743,-0.66564,-0.40137,-0.67758,-0.60471,-0.69263,-1.0784
ENSG00000168439,STIP1,3.6512,4.1527,4.1776,4.466,3.9445,3.4717,3.14
ENSG00000168461,RAB31,-0.015324,2.3386,1.9811,1.1366,0.94024,2.1843,1.7982
ENSG00000168476,REEP4,3.4932,3.7938,3.6283,3.9644,2.9728,3.8377,3.2496
ENSG00000168488,ATXN2L,1.8394,1.9623,1.6612,2.5886,2.2486,2.6758,0.86199
ENSG00000168495,POLR3D,1.6355,3.323,2.5316,3.1523,2.7408,3.0156,1.8479
ENSG00000168496,FEN1,4.5295,4.8334,4.5635,5.0689,3.96,4.5859,4.2228
ENSG00000168522,FNTA,2.9942,3.692,3.4554,3.56,3.5945,3.1494,3.1474
ENSG00000168566,SNRNP48,-3.2796,-3.2994,-3.8146,-3.556,-4.3188,-4.7399,-4.455
ENSG00000168569,TMEM223,3.7313,4.2052,3.8255,4.202,3.6917,3.645,4.0126
ENSG00000168575,SLC20A2,-0.090431,0.15799,0.71414,1.2465,-0.35403,-1.7535,0.096147
ENSG00000168591,TMUB2,2.8045,2.7648,3.5621,3.0992,3.532,2.7842,2.1442
ENSG00000168610,STAT3,-0.58412,0.9378,0.59097,0.29717,1.4744,0.266,0.032087
ENSG00000168615,ADAM9,1.2014,-0.019036,1.2365,2.0276,1.7599,-0.2399,0.78091
ENSG00000168653,NDUFS5,0.79485,0.82701,0.32623,1.5068,1.5381,0.86521,0.38028
ENSG00000168701,TMEM208,-0.79559,1.0522,-0.40787,-0.33269,0.17274,-0.085157,-0.48057
ENSG00000168710,AHCYL1,2.5513,2.4129,1.8791,2.1832,0.94039,2.6036,1.6545
ENSG00000168724,DNAJC21,2.3962,3.0299,3.0471,2.9643,2.5867,3.124,2.6673
ENSG00000168758,SEMA4C,2.7029,4.0836,3.6544,3.545,3.6171,3.8931,3.8598
ENSG00000168763,CNNM3,0.060869,1.69,-0.23405,1.8214,1.7939,1.0729,-0.83889
ENSG00000168795,ZBTB5,2.325,1.7385,1.5957,2.4528,2.0833,2.3032,2.2543
ENSG00000168802,CHTF8,3.8355,4.4095,4.4237,4.6273,4.0947,3.445,3.6289
ENSG00000168813,ZNF507,1.3103,2.0337,1.4368,2.2821,-0.62918,2.0739,1.0649
ENSG00000168818,STX18,2.6852,3.3238,3.8689,3.7175,3.711,2.8611,3.227
ENSG00000168827,GFM1,2.9319,3.2129,3.5968,3.307,3.0386,2.4154,2.774
ENSG00000168872,DDX19A,3.062,3.5751,3.1824,3.6203,3.9014,2.9451,2.5612
ENSG00000168883,USP39,0.049792,0.55837,-0.093648,0.63039,0.62477,-0.52399,-0.6831
ENSG00000168884,TNIP2,2.7428,3.6936,3.2835,3.4212,2.9145,2.8426,2.6473
ENSG00000168887,C2orf68,3.1668,3.0994,3.1408,3.0225,3.1765,2.9083,3.2703
ENSG00000168894,RNF181,0.95784,0.45437,1.1139,0.92408,1.0691,1.1322,0.99362
ENSG00000168904,LRRC28,0.63575,2.1565,1.7161,1.2694,2.2636,-0.11839,-0.019502
ENSG00000168906,MAT2A,1.608,2.1386,1.8923,1.7127,0.46739,-0.14638,0.20993
ENSG00000168924,LETM1,-0.046028,0.82356,0.85734,0.98539,0.55452,0.059701,-0.36283
ENSG00000168936,TMEM129,3.2775,3.9527,3.9501,4.0003,3.6818,3.7152,2.7328
ENSG00000168938,PPIC,-0.27523,0.62532,1.0187,0.5486,0.52646,0.67896,0.75082
ENSG00000168958,MFF,1.9889,1.1553,1.3133,1.8435,1.1572,0.17917,-0.24428
ENSG00000169016,E2F6,1.8893,1.2078,1.4972,1.8929,1.7052,1.3373,0.60477
ENSG00000169018,FEM1B,1.6261,1.0311,2.3529,2.7172,1.6409,1.6303,2.1533
ENSG00000169019,COMMD8,1.0304,0.87134,1.5073,1.1874,1.2086,0.68124,0.24621
ENSG00000169020,ATP5I,3.0347,3.17,3.0313,3.5866,3.466,3.0028,2.2547
ENSG00000169021,UQCRFS1,5.0689,4.8893,4.7563,4.9562,4.6662,4.8492,4.7728
ENSG00000169032,MAP2K1,2.9677,3.0144,3.7086,3.2904,1.8303,2.879,1.0388
ENSG00000169045,HNRNPH1,0.89044,0.73846,1.2827,2.0666,0.81091,0.35001,0.56222
ENSG00000169057,MECP2,2.6574,3.0298,3.3207,3.427,2.8159,3.2594,3.179
ENSG00000169062,UPF3A,0.69456,2.0329,0.36107,1.323,2.1172,1.8543,0.98732
ENSG00000169084,DHRSX,2.9214,3.5083,2.2854,2.7647,3.3207,2.3136,2.7614
ENSG00000169093,ASMTL,2.7231,3.0187,3.3333,3.4941,2.5958,2.6987,2.7309
ENSG00000169100,SLC25A6,4.634,5.5333,4.7735,4.667,4.7763,4.7776,4.6659
ENSG00000169105,CHST14,3.8253,4.0637,4.2978,4.1188,4.0569,3.7441,3.6819
ENSG00000169136,ATF5,3.3685,3.1272,3.0174,3.8991,2.9575,4.5927,2.8737
ENSG00000169139,UBE2V2,3.3162,3.5797,3.8455,3.6492,2.7736,2.8394,3.0183
ENSG00000169180,XPO6,3.0869,3.86,3.9386,4.4566,4.1573,4.1086,3.9886
ENSG00000169188,APEX2,3.724,3.8683,3.6193,4.1329,3.5641,3.7189,3.6282
ENSG00000169189,NSMCE1,0.20322,1.6756,1.5535,2.0024,1.2508,0.77738,-0.099239
ENSG00000169217,CD2BP2,3.5043,3.86,3.9078,3.8284,3.6598,3.4343,3.6083
ENSG00000169221,TBC1D10B,3.6554,3.782,3.9626,4.2199,4.0469,3.8083,3.8234
ENSG00000169223,LMAN2,3.8673,4.4616,4.2908,4.4009,4.411,4.1637,4.1245
ENSG00000169228,RAB24,1.8215,3.1758,2.9925,2.8158,2.8236,3.4377,2.3804
ENSG00000169230,PRELID1,2.056,2.2143,2.4892,2.9256,2.4078,2.1804,1.7917
ENSG00000169241,SLC50A1,3.2813,3.6319,3.855,3.4003,3.1198,3.6599,3.5973
ENSG00000169251,NMD3,2.7551,3.0002,3.9725,3.5976,3.0667,2.4008,3.6606
ENSG00000169288,MRPL1,-0.88461,0.0094696,-0.24809,1.2348,0.2482,-1.145,-0.36887
ENSG00000169299,PGM2,-1.1332,0.064876,1.4991,1.7552,0.31143,1.0195,0.62925
ENSG00000169359,SLC33A1,3.0431,3.567,3.7874,3.5999,3.5643,3.2433,3.4317
ENSG00000169372,CRADD,-1.8196,1.7018,1.2226,1.0414,2.1308,0.56072,0.21512
ENSG00000169375,SIN3A,3.5563,3.7256,3.7575,3.5166,3.2451,3.2072,2.9541
ENSG00000169398,PTK2,2.699,3.5492,4.0432,3.25,2.9826,2.3604,2.7048
ENSG00000169410,PTPN9,1.4538,2.85,2.1821,2.5593,2.012,2.6292,0.92011
ENSG00000169446,MMGT1,-0.53996,-1.1623,-0.21248,-0.13137,-0.15162,0.08746,-0.88717
ENSG00000169490,TM2D2,3.368,3.4816,2.9588,3.297,3.0019,2.546,2.6554
ENSG00000169504,CLIC4,0.0060352,2.2,3.1387,2.193,1.9109,0.82359,1.084
ENSG00000169564,PCBP1,5.2789,5.7048,5.5507,5.62,5.4495,5.1483,4.9943
ENSG00000169567,HINT1,0.82821,0.56595,1.5347,1.1694,0.36131,2.6664,-0.064911
ENSG00000169592,INO80E,1.9437,2.9433,2.915,2.9309,2.1815,3.013,2.2341
ENSG00000169599,NFU1,0.19221,0.26578,0.067566,0.99961,0.10038,0.64884,0.31609
ENSG00000169609,C15orf40,2.7241,3.4533,3.2368,2.3688,3.3044,2.9069,3.2583
ENSG00000169612,FAM103A1,2.8522,3.4861,2.7288,3.456,3.5307,2.7968,3.3099
ENSG00000169627,BOLA2B,1.9307,1.7613,2.7251,2.5122,2.5992,1.7179,1.2851
ENSG00000169660,HEXDC,2.1319,2.533,1.2639,2.5409,2.0791,-0.34276,1.7867
ENSG00000169679,BUB1,2.4614,1.6859,1.8021,2.3139,0.80356,1.0825,1.9066
ENSG00000169682,SPNS1,1.0566,2.6313,0.98,1.5922,2.7852,0.93135,-0.2889
ENSG00000169689,CENPX,4.8309,5.0102,4.7654,5.5656,4.2917,4.779,4.7052
ENSG00000169692,AGPAT2,4.4266,4.441,5.0318,4.9723,4.4342,4.0906,4.603
ENSG00000169696,ASPSCR1,-1.0734,-1.2124,0.67883,-1.4651,-0.19916,-1.0488,-1.3976
ENSG00000169710,FASN,2.8738,3.5488,2.8078,3.2101,1.9573,2.1566,2.5562
ENSG00000169714,CNBP,1.1,1.8361,1.4572,2.2505,1.3204,0.95644,1.1652
ENSG00000169718,DUS1L,3.8825,3.9615,3.883,4.5573,4.3048,4.221,4.1551
ENSG00000169727,GPS1,3.4842,3.5016,4.0814,4.041,3.2548,3.5594,3.228
ENSG00000169733,RFNG,3.5502,3.6599,3.8787,3.8327,3.9616,3.4237,3.1587
ENSG00000169738,DCXR,0.37037,1.1564,1.0217,2.4431,1.0466,0.5958,1.2522
ENSG00000169740,ZNF32,2.833,2.8771,2.2994,3.0724,2.7436,2.3885,2.9666
ENSG00000169750,RAC3,-0.70323,0.73156,0.3363,1.917,-0.17111,0.68221,-0.25759
ENSG00000169756,LIMS1,-0.49615,-1.7161,-0.82943,-1.1755,-1.8695,-1.1645,-0.87619
ENSG00000169764,UGP2,3.8504,5.3361,3.8424,3.8171,3.9119,3.1275,3.8479
ENSG00000169813,HNRNPF,4.1138,4.6932,4.6075,4.8477,4.544,4.3864,4.1843
ENSG00000169857,AVEN,1.6597,2.9555,2.7705,2.4054,2.0087,1.804,1.0551
ENSG00000169871,TRIM56,-0.66561,1.6984,0.69033,0.87675,0.46806,1.4643,0.33556
ENSG00000169895,SYAP1,1.7061,0.69052,1.8346,1.5685,0.8639,0.48931,1.233
ENSG00000169919,GUSB,3.5648,4.285,4.4324,3.8891,3.8597,4.6027,3.9131
ENSG00000169925,BRD3,3.1093,3.5149,3.2488,3.0703,3.0286,2.6323,3.2091
ENSG00000169957,ZNF768,3.7322,4.0995,3.93,4.2441,3.7387,3.759,3.6228
ENSG00000169972,PUSL1,1.4942,2.994,3.2132,3.5501,1.4629,3.0522,2.479
ENSG00000169976,SF3B5,4.9816,5.2703,5.2809,5.4141,5.1,5.3925,5.1111
ENSG00000170027,YWHAG,3.8468,4.4273,3.8622,4.3437,4.1725,2.9786,3.4517
ENSG00000170035,UBE2E3,3.3396,3.7875,4.0587,3.7886,3.8146,3.5172,3.0149
ENSG00000170043,TRAPPC1,3.1856,3.2383,3.5588,3.3294,3.0232,2.1561,2.0808
ENSG00000170089,AC106795.1,2.3595,3.6727,3.1995,2.4169,2.0021,2.1621,2.3964
ENSG00000170142,UBE2E1,1.3222,1.2665,1.0624,1.9544,1.6793,2.1981,0.69088
ENSG00000170144,HNRNPA3,3.6002,4.0631,4.135,4.2618,3.8187,3.7866,3.8676
ENSG00000170185,USP38,-3.6048,-3.3432,-3.5265,-2.1483,-2.3322,-4.3606,-1.9175
ENSG00000170191,NANP,0.036303,-0.97304,-1.0451,-1.1428,0.581,-1.0976,-0.74993
ENSG00000170242,USP47,2.1844,2.3723,2.4797,2.6509,2.1833,2.0372,2.1329
ENSG00000170248,PDCD6IP,3.0234,3.0281,3.3752,3.3692,2.9866,3.2874,2.7387
ENSG00000170260,ZNF212,2.2933,3.0716,2.7576,2.2622,3.1031,2.8216,2.2919
ENSG00000170265,ZNF282,3.2554,3.9639,3.9155,4.0137,4.152,3.8307,3.8892
ENSG00000170266,GLB1,2.7236,3.3794,3.3743,2.9306,3.5577,3.2109,2.8496
ENSG00000170275,CRTAP,1.5132,2.2317,2.4525,1.8898,0.090439,1.2,0.52588
ENSG00000170291,ELP5,0.6976,2.4324,2.3256,2.5752,1.3339,2.1103,0.26824
ENSG00000170296,GABARAP,2.6502,2.1607,3.1739,3.0737,3.022,1.8925,0.58342
ENSG00000170310,STX8,1.3167,0.23931,1.3424,-0.14864,0.11006,0.14008,0.28277
ENSG00000170312,CDK1,1.7214,2.0513,2.5687,2.8991,1.6431,1.8862,1.2315
ENSG00000170315,UBB,2.7651,3.0932,2.871,3.2499,3.0521,2.6317,2.2799
ENSG00000170322,NFRKB,1.4364,2.5526,1.8701,2.5315,0.68017,2.0484,0.90122
ENSG00000170340,B3GNT2,3.7236,4.2578,3.7543,3.9374,4.0846,3.3428,3.5612
ENSG00000170348,TMED10,3.9431,4.4366,4.4217,4.6442,4.5589,4.0597,4.4132
ENSG00000170385,SLC30A1,3.2036,3.1541,3.3336,3.3732,4.1286,3.1924,2.9887
ENSG00000170421,KRT8,2.676,2.3214,3.1682,3.4208,2.5296,2.5936,2.8796
ENSG00000170425,ADORA2B,2.5818,1.8269,3.278,4.0052,3.2557,2.9358,2.851
ENSG00000170445,HARS,3.6809,3.7796,4.0877,4.4326,3.8472,3.4625,3.4822
ENSG00000170468,RIOX1,-0.62774,0.028327,-1.7713,-0.51162,-1.0296,-0.83145,-0.32425
ENSG00000170473,PYM1,2.9562,4.1938,3.3181,3.6316,3.4761,3.0438,3.7203
ENSG00000170502,NUDT9,2.4761,2.7717,2.1889,2.7257,3.094,1.9169,2.1623
ENSG00000170515,PA2G4,3.6365,4.0547,4.1036,4.5261,3.9223,4.059,3.3163
ENSG00000170522,ELOVL6,0.97985,2.3092,2.4625,2.5753,0.2242,2.2217,1.4066
ENSG00000170540,ARL6IP1,2.1312,2.5878,2.1699,2.9823,2.8345,1.9392,1.5785
ENSG00000170584,NUDCD2,2.8458,3.0869,3.1504,3.2512,2.7319,3.309,2.2859
ENSG00000170604,IRF2BP1,4.3099,4.1482,4.0986,4.5708,4.2747,3.8391,4.3622
ENSG00000170606,HSPA4,3.4759,4.5773,4.1737,4.4694,4.2116,4.0901,3.4153
ENSG00000170619,COMMD5,3.2402,4.1118,4.4087,4.1046,3.6303,3.2137,3.4051
ENSG00000170632,ARMC10,2.4355,2.6175,2.7175,2.8382,2.3338,2.5605,2.6986
ENSG00000170633,RNF34,3.2134,3.4874,3.3833,3.7825,3.4735,3.4072,3.4464
ENSG00000170638,TRABD,3.0941,3.7195,3.8846,3.7763,3.1318,3.4385,2.844
ENSG00000170759,KIF5B,1.7454,1.749,1.1049,2.9071,2.0633,1.743,1.8662
ENSG00000170779,CDCA4,3.8206,4.5621,5.1355,4.6898,3.9464,4.2391,3.6996
ENSG00000170802,FOXN2,-2.484,-2.2248,-2.1761,-2.2986,-0.73167,-2.306,-2.6243
ENSG00000170832,USP32,3.0228,3.4628,3.7265,3.4923,2.5222,2.8863,3.9842
ENSG00000170846,AC093323.1,3.3267,3.8544,3.5378,3.9056,4.0633,4.1045,3.6184
ENSG00000170852,KBTBD2,3.2296,3.6215,4.0591,3.6591,3.9061,3.0661,3.41
ENSG00000170854,RIOX2,2.0266,3.0584,3.4922,3.85,3.1614,2.6871,1.864
ENSG00000170855,TRIAP1,3.8445,4.5966,4.279,4.5015,4.5141,3.52,3.9413
ENSG00000170860,LSM3,0.85379,0.58272,0.9829,1.1919,0.56456,1.3581,0.69247
ENSG00000170876,TMEM43,4.0799,4.1905,4.3995,4.4145,4.42,3.8312,4.0937
ENSG00000170881,RNF139,3.4816,3.7461,4.3083,4.1827,4.2006,3.4636,4.2804
ENSG00000170889,RPS9,1.0387,2.0007,2.1915,1.0724,0.66417,0.78193,0.34873
ENSG00000170906,NDUFA3,1.2089,1.1875,1.9805,1.3402,1.4758,1.8809,1.4378
ENSG00000171055,FEZ2,1.8934,2.8565,3.3346,2.2452,2.4925,2.2648,2.421
ENSG00000171067,C11orf24,3.9845,4.1812,3.7262,4.2591,4.3093,4.5896,4.1129
ENSG00000171100,MTM1,-1.0773,-2.1919,-0.79376,-0.24155,0.46833,0.57103,-0.33312
ENSG00000171103,TRMT61B,3.4251,3.8634,3.3962,3.3445,3.3059,2.8058,2.8744
ENSG00000171109,MFN1,-0.34124,0.27038,0.99371,1.4054,-0.10812,0.78868,0.14358
ENSG00000171135,JAGN1,4.1026,4.0887,4.4399,4.4241,4.4178,4.1319,4.2096
ENSG00000171148,TADA3,2.7899,2.9278,3.2413,3.2338,2.7811,3.0441,2.2011
ENSG00000171150,SOCS5,1.6853,2.1187,2.1573,2.4158,1.6583,1.6991,1.9435
ENSG00000171155,C1GALT1C1,3.9089,3.9144,4.5165,3.8191,4.0451,3.2149,4.083
ENSG00000171159,C9orf16,3.3871,4.5425,5.0269,4.8695,3.5837,5.4631,3.888
ENSG00000171161,ZNF672,2.5012,4.1441,4.206,3.9874,3.5305,3.7454,2.9808
ENSG00000171202,TMEM126A,-0.5032,-1.1609,-0.50206,-0.34868,-0.494,-0.69991,-0.93048
ENSG00000171204,TMEM126B,3.2064,3.6217,3.3498,3.4768,3.3432,3.3187,3.3725
ENSG00000171206,TRIM8,3.202,2.9644,4.2715,3.8347,4.0727,2.8755,3.6543
ENSG00000171208,NETO2,4.1362,3.6971,4.1281,3.6331,3.3725,3.2057,3.106
ENSG00000171222,SCAND1,4.0675,4.203,3.8168,3.9526,4.6555,3.7798,4.1736
ENSG00000171223,JUNB,4.3619,3.3214,4.9814,4.9508,4.2693,4.5967,5.2194
ENSG00000171241,SHCBP1,3.1522,2.4952,3.3391,3.6944,2.545,1.2543,1.3744
ENSG00000171262,FAM98B,-1.4344,-1.0254,-0.89879,0.13904,-1.5264,-1.2659,-1.6997
ENSG00000171302,CANT1,3.8186,3.7877,4.6224,4.2349,4.1509,3.6256,3.9848
ENSG00000171307,ZDHHC16,3.6849,3.7766,3.5922,3.7947,3.6787,3.3163,3.4422
ENSG00000171311,EXOSC1,-0.48675,-0.54036,-0.30753,0.091808,0.5359,-0.19788,-0.7567
ENSG00000171314,PGAM1,4.9923,5.6328,5.3026,5.444,4.8502,4.782,4.4887
ENSG00000171421,MRPL36,3.8894,4.0638,4.0008,4.2596,3.8409,3.5659,3.6067
ENSG00000171425,ZNF581,3.7075,4.4246,4.4759,4.3306,4.2332,4.012,4.0111
ENSG00000171443,ZNF524,1.2468,1.9717,1.1469,1.4994,1.1864,1.5385,1.0647
ENSG00000171453,POLR1C,2.9439,3.6211,3.5676,3.9304,3.2969,2.7607,3.1937
ENSG00000171456,ASXL1,2.6001,3.0026,3.6179,2.9194,3.2542,2.509,2.5228
ENSG00000171467,ZNF318,1.6509,1.8432,1.7032,2.5653,2.4015,1.6073,2.2614
ENSG00000171475,WIPF2,0.33188,0.32043,-1.1613,0.59215,-0.23319,-0.90119,-0.88452
ENSG00000171490,RSL1D1,4.158,4.5278,4.5221,4.6026,4.7426,4.1968,3.9142
ENSG00000171492,LRRC8D,3.2829,3.802,3.2927,3.2593,4.34,3.8278,2.9089
ENSG00000171497,PPID,2.2179,0.065357,-0.15945,0.92328,0.96094,-0.11547,0.21702
ENSG00000171503,ETFDH,1.1016,1.441,2.1343,2.2018,1.0959,2.3443,1.2926
ENSG00000171530,TBCA,0.5985,-0.26902,0.13814,-0.00032489,-0.3146,0.30963,-0.13617
ENSG00000171552,BCL2L1,4.4494,4.2193,5.2945,4.7927,5.0641,4.1498,3.5616
ENSG00000171566,PLRG1,0.94953,1.4077,2.3736,2.3783,2.161,0.94505,0.7143
ENSG00000171603,CLSTN1,2.3186,3.5801,3.915,3.436,3.5561,2.2884,3.052
ENSG00000171604,CXXC5,3.7001,4.5796,3.8965,4.1663,4.1914,3.9629,4.5351
ENSG00000171612,SLC25A33,2.4338,3.4582,2.7626,3.5404,3.9863,3.6539,2.5705
ENSG00000171700,RGS19,2.4072,2.6872,2.6617,3.1921,2.5801,2.7923,2.4255
ENSG00000171703,TCEA2,3.1311,3.6288,3.2154,2.744,3.9626,2.7822,3.7009
ENSG00000171720,HDAC3,2.8042,3.4102,3.2319,3.1596,2.7964,3.2453,2.0014
ENSG00000171735,CAMTA1,-0.19016,0.16184,0.047702,0.0013115,0.74359,0.35399,0.37441
ENSG00000171792,RHNO1,3.0907,3.6947,3.4566,3.4405,2.9409,2.8885,2.8738
ENSG00000171793,CTPS1,3.4361,2.7763,2.5928,3.8718,2.5881,3.124,1.1782
ENSG00000171806,METTL18,2.4244,2.8022,3.368,1.894,2.7768,2.5992,3.2297
ENSG00000171813,PWWP2B,3.3106,3.7638,3.8837,3.8071,4.012,3.2492,3.8891
ENSG00000171823,FBXL14,3.6663,3.7125,3.8249,3.6123,4.0218,3.0501,3.2741
ENSG00000171824,EXOSC10,0.75349,1.2551,2.192,1.8238,1.2409,1.3027,1.118
ENSG00000171848,RRM2,1.7905,2.4243,2.7368,3.6425,1.6922,1.413,1.9032
ENSG00000171853,TRAPPC12,3.2303,3.3413,3.4448,3.2391,3.3785,3.5433,3.047
ENSG00000171858,RPS21,3.6628,4.1369,4.1822,4.2543,4.1425,3.6079,2.9511
ENSG00000171861,MRM3,4.3418,3.9522,4.0672,4.5762,3.5617,3.2773,3.4597
ENSG00000171862,PTEN,2.6492,3.0475,3.3212,3.0064,2.77,1.9563,3.0144
ENSG00000171863,RPS7,2.6878,2.6311,2.4647,2.8348,1.9919,2.5313,2.3028
ENSG00000171865,RNASEH1,1.4254,2.0194,2.1905,2.5838,1.5067,1.7823,0.40024
ENSG00000171867,PRNP,2.3054,1.8424,2.2883,2.4596,2.7292,0.58145,0.91298
ENSG00000171928,TVP23B,-0.61965,-1.4361,-0.52146,0.20485,-0.75073,-0.99064,-1.7201
ENSG00000171940,ZNF217,2.2075,1.0706,0.55322,1.7054,-0.17219,0.40217,1.6258
ENSG00000171943,SRGAP2C,-2.6784,-2.7552,-1.6788,-2.2932,-2.8303,-2.769,-2.5283
ENSG00000171953,ATPAF2,2.6115,3.4572,3.1188,3.4813,3.32,2.8861,2.8516
ENSG00000171960,PPIH,0.06511,0.98793,0.91224,1.5379,0.20313,2.087,0.66574
ENSG00000172009,THOP1,2.9043,3.2505,3.7126,3.3227,2.4523,2.9581,2.1382
ENSG00000172037,LAMB2,-1.8222,-2.1415,-1.5856,-0.8193,-0.44682,-1.5553,-2.2137
ENSG00000172046,USP19,2.5894,3.0352,3.0704,2.4147,2.095,2.521,1.4903
ENSG00000172053,QARS,2.5983,2.6627,2.8951,2.7601,2.5054,2.6518,2.1179
ENSG00000172057,ORMDL3,2.6074,3.5955,3.6871,3.0286,3.663,3.4518,2.4996
ENSG00000172086,KRCC1,2.5789,2.6541,3.0539,2.4369,1.6499,2.3859,2.8106
ENSG00000172113,NME6,3.1096,3.2503,3.6562,3.281,3.1604,2.8132,3.0476
ENSG00000172115,CYCS,3.3165,3.208,3.0264,3.5746,2.6451,3.6339,1.7046
ENSG00000172171,TEFM,3.2224,3.2653,2.9804,3.7171,3.303,3.0384,2.6942
ENSG00000172172,MRPL13,0.82902,0.7276,1.2659,1.649,1.0652,0.41805,-0.31671
ENSG00000172216,CEBPB,4.4558,4.3202,4.8717,4.5233,4.9529,4.4591,4.3369
ENSG00000172239,PAIP1,1.7633,0.75136,0.82562,1.6805,1.3513,1.1301,0.068206
ENSG00000172269,DPAGT1,2.8596,3.3568,3.6456,3.1975,2.0968,3.3538,2.9719
ENSG00000172270,BSG,4.7881,5.4657,4.9095,5.2389,5.1058,4.967,4.8696
ENSG00000172301,COPRS,3.1933,3.6606,2.8109,3.566,3.3572,3.0586,2.5597
ENSG00000172315,TP53RK,3.3564,3.7161,3.1527,3.445,3.7072,3.3718,2.9077
ENSG00000172336,POP7,4.2428,4.6777,4.148,4.7413,4.0981,4.1169,4.7938
ENSG00000172340,SUCLG2,2.4489,2.3549,2.8819,2.4393,2.7472,1.5011,1.5333
ENSG00000172354,GNB2,2.7253,3.6746,3.6862,3.3695,3.3625,3.6649,2.6654
ENSG00000172366,MCRIP2,3.0437,3.5208,3.3484,3.8401,3.9485,3.6703,3.3789
ENSG00000172409,CLP1,3.5155,3.5802,3.5812,3.7219,3.331,3.5949,2.7996
ENSG00000172428,COPS9,3.6628,3.9533,4.0783,4.1314,3.5659,3.416,3.6791
ENSG00000172432,GTPBP2,2.6625,3.1074,2.5383,2.9053,2.4643,3.6947,2.4803
ENSG00000172500,FIBP,2.3567,1.6661,2.0397,2.9886,1.8133,1.8674,1.5696
ENSG00000172531,PPP1CA,2.3067,2.7898,2.6082,3.5041,2.8537,2.3727,2.8177
ENSG00000172534,HCFC1,1.0236,2.1036,0.19829,2.6034,1.2137,1.1806,1.0329
ENSG00000172586,CHCHD1,4.0149,4.1512,4.1647,4.1151,3.4086,4.2802,3.5398
ENSG00000172590,MRPL52,1.6051,1.7588,2.8887,1.1597,1.8416,2.0847,1.4879
ENSG00000172613,RAD9A,2.892,3.2261,2.8477,3.0025,3.1852,2.5455,3.6373
ENSG00000172663,TMEM134,-0.08473,1.5326,1.8323,1.535,0.38576,1.5797,1.5757
ENSG00000172725,CORO1B,2.0178,2.2556,2.4264,2.807,2.18,2.4784,1.4436
ENSG00000172732,MUS81,-0.51157,-0.43999,0.098102,-0.015003,-1.1118,-0.79971,0.38113
ENSG00000172757,CFL1,3.5722,4.4254,4.6109,4.2909,3.2358,4.0432,3.7774
ENSG00000172775,FAM192A,3.0211,3.5118,3.4728,3.7241,3.2776,3.3675,3.0914
ENSG00000172809,RPL38,3.1767,2.4169,2.5436,4.2074,2.941,3.6151,3.3178
ENSG00000172831,CES2,0.8535,2.7484,1.0992,2.4746,3.2722,0.76019,1.867
ENSG00000172845,SP3,3.0063,2.8828,3.2766,3.2912,3.297,2.3416,2.7931
ENSG00000172890,NADSYN1,1.096,1.1719,1.1554,1.2659,1.9724,0.9588,1.1876
ENSG00000172893,DHCR7,4.6206,4.9368,4.7465,5.0036,4.744,4.7618,4.5014
ENSG00000172922,RNASEH2C,3.0323,1.8073,2.0486,2.7924,1.5705,1.9088,1.6046
ENSG00000172939,OXSR1,2.7245,3.5558,4.1218,3.4917,3.3538,2.502,2.5081
ENSG00000172977,KAT5,3.2639,3.2991,3.6961,3.7399,3.4292,3.7552,3.0503
ENSG00000173020,GRK2,2.4674,3.2268,1.9888,3.1993,2.2524,1.8192,2.1291
ENSG00000173039,RELA,3.7688,3.5703,4.5078,4.576,4.3181,3.4316,3.9743
ENSG00000173065,FAM222B,-0.77992,-1.5592,-1.3652,0.1085,-0.64672,-1.8816,-1.6192
ENSG00000173085,COQ2,2.2335,2.5559,1.4312,2.6966,-0.022575,2.543,1.0063
ENSG00000173113,TRMT112,3.1192,2.7945,2.7496,3.4721,2.7983,2.7095,2.4126
ENSG00000173120,KDM2A,3.1653,3.5166,3.5112,3.5752,2.9791,3.3216,3.7707
ENSG00000173141,MRPL57,4.2988,4.7559,4.7491,4.6533,4.2311,4.0207,4.0771
ENSG00000173145,NOC3L,2.8065,2.3099,3.2695,3.6584,2.9734,2.6449,1.9184
ENSG00000173153,ESRRA,3.2238,3.3856,3.4919,3.8358,3.386,3.366,3.4687
ENSG00000173163,COMMD1,2.4232,1.6705,2.7169,2.2792,1.8769,2.3306,1.4995
ENSG00000173171,MTX1,3.1411,3.5028,3.5166,3.6207,2.9635,3.0622,3.1238
ENSG00000173207,CKS1B,0.37065,0.38379,0.21929,1.6155,0.39705,0.15765,-0.0043107
ENSG00000173218,VANGL1,-2.8698,-3.1604,-2.9401,-2.2127,-0.91029,-2.3976,-2.7444
ENSG00000173221,GLRX,1.7368,1.1963,2.4671,1.3116,1.849,0.49066,0.53354
ENSG00000173226,IQCB1,-1.1688,-0.23198,-0.73165,-0.15034,-0.97845,-0.40204,-1.2796
ENSG00000173264,GPR137,0.34506,-0.98979,-0.59107,2.0985,0.1627,1.1418,-0.49783
ENSG00000173272,MZT2A,1.6902,1.7808,1.7326,2.0893,1.8158,1.8801,1.4486
ENSG00000173273,TNKS,-0.72175,-1.445,-0.91918,-0.9562,0.16651,-0.57187,-0.78165
ENSG00000173327,MAP3K11,4.0858,4.2466,4.5926,4.4231,4.8212,4.0055,4.1926
ENSG00000173334,TRIB1,3.1415,4.1316,3.6778,4.9743,4.6031,3.3777,3.318
ENSG00000173418,NAA20,2.7103,2.414,2.6447,3.335,2.9206,2.3619,2.4326
ENSG00000173436,MINOS1,-0.67743,-0.14394,-0.5669,-0.54101,-1.2415,0.25499,-0.8543
ENSG00000173442,EHBP1L1,-1.6948,-1.2863,-1.4057,-1.2099,-2.6211,-1.6884,-1.7121
ENSG00000173456,RNF26,3.6747,4.9538,4.9093,4.7307,4.53,4.0509,4.2728
ENSG00000173457,PPP1R14B,2.2024,2.5517,2.512,2.879,1.1586,2.9002,1.5378
ENSG00000173465,SSSCA1,2.2263,2.7825,2.8576,3.5156,2.5748,3.0637,2.215
ENSG00000173473,SMARCC1,2.127,3.1839,2.4151,2.8692,2.0413,2.685,2.306
ENSG00000173486,FKBP2,1.1536,1.4292,1.0008,1.5673,0.35096,2.021,0.48966
ENSG00000173511,VEGFB,3.5468,3.6137,3.8573,3.7552,3.0173,3.8905,3.3966
ENSG00000173542,MOB1B,-1.1637,-0.91255,-0.42013,-0.30762,-1.0073,1.1509,-0.90213
ENSG00000173545,ZNF622,3.5465,4.1282,4.2824,4.3863,4.3105,4.0571,3.5965
ENSG00000173575,CHD2,-0.33323,0.8569,0.15103,1.7712,-0.27883,0.59703,0.079334
ENSG00000173621,LRFN4,3.4971,4.2425,4.2701,4.1763,3.202,3.3436,3.6464
ENSG00000173638,SLC19A1,3.1448,3.7707,3.6379,3.9768,3.8496,3.2532,3.2808
ENSG00000173653,RCE1,2.5881,3.5194,3.6007,3.6822,3.4517,2.939,2.7752
ENSG00000173660,UQCRH,1.8919,2.7132,2.3579,2.514,1.822,3.2791,1.5062
ENSG00000173674,EIF1AX,2.5616,3.2901,1.9935,3.8536,3.0831,2.9895,2.3587
ENSG00000173692,PSMD1,3.3973,3.2027,3.3884,3.9363,3.7897,3.0133,2.2324
ENSG00000173726,TOMM20,1.3208,2.5843,2.4796,2.9044,2.77,2.4358,1.1322
ENSG00000173744,AGFG1,2.606,2.1919,2.4422,2.804,2.9917,1.4857,1.6199
ENSG00000173786,CNP,3.0966,3.7051,3.6323,3.7873,4.1813,2.8792,2.9212
ENSG00000173812,EIF1,1.9724,2.4614,2.9847,3.0627,2.2716,3.7061,1.6894
ENSG00000173848,NET1,2.9389,3.7894,3.4996,3.3559,3.1861,3.4318,3.8651
ENSG00000173890,GPR160,-0.95351,-0.24707,-0.049315,-0.45983,-0.043637,-1.6202,-0.49994
ENSG00000173905,GOLIM4,-0.88523,0.34627,-0.58834,-1.8543,-0.65497,-0.74259,0.52759
ENSG00000173915,USMG5,1.302,1.3221,1.2452,1.5271,1.2793,1.1149,0.68988
ENSG00000173933,RBM4,3.1371,3.9313,3.8836,3.8523,3.2316,3.4341,3.4262
ENSG00000173950,XXYLT1,3.6329,4.178,3.7905,3.6767,3.9632,3.6695,4.1267
ENSG00000173960,UBXN2A,2.6026,2.647,2.5191,2.6473,2.7236,2.2614,1.9947
ENSG00000173992,CCS,3.1623,3.3682,3.1902,3.1877,3.5454,3.0274,2.5102
ENSG00000174021,GNG5,0.69227,0.58938,1.3556,1.5836,1.9844,1.4042,-0.26759
ENSG00000174106,LEMD3,0.024031,-0.20173,-0.62156,0.2728,-0.48698,-0.75956,-0.73733
ENSG00000174109,C16orf91,3.4325,3.5745,4.1583,4.2608,3.7553,3.5178,3.5539
ENSG00000174165,ZDHHC24,0.61181,0.75417,2.2837,1.8513,0.77895,1.8979,0.64461
ENSG00000174173,TRMT10C,3.8624,4.3473,4.1771,4.5689,3.7342,3.4866,3.8504
ENSG00000174177,CTU2,1.8026,2.5477,2.1451,2.8898,2.3835,2.3708,1.9597
ENSG00000174231,PRPF8,0.40775,0.69418,1.0871,0.80749,0.59738,1.0654,0.6117
ENSG00000174238,PITPNA,1.271,2.0484,0.66138,2.2189,0.93189,2.1611,0.50577
ENSG00000174243,DDX23,4.4306,4.6676,4.5299,4.8315,4.1611,4.4128,4.6569
ENSG00000174276,ZNHIT2,3.7746,4.2685,3.5794,4.1933,3.3624,3.4456,3.7767
ENSG00000174371,EXO1,-1.8542,-1.7235,-2.0056,-1.788,-1.8814,-1.7228,-1.8195
ENSG00000174428,GTF2IRD2B,-0.19238,-0.7749,-0.094883,-0.6131,0.62471,-0.57888,1.6082
ENSG00000174437,ATP2A2,3.3844,3.5684,3.1791,4.2717,3.1733,3.2524,2.9294
ENSG00000174442,ZWILCH,3.4434,3.547,3.4253,3.2584,2.934,3.5817,2.5717
ENSG00000174444,RPL4,4.499,4.8062,4.8477,4.8256,4.2568,4.8521,4.0047
ENSG00000174446,SNAPC5,3.2427,2.9986,3.0813,3.1104,2.9651,3.1768,2.8884
ENSG00000174547,MRPL11,2.3567,1.7516,2.0084,2.5175,2.2564,1.7399,1.6628
ENSG00000174574,AKIRIN1,1.9729,3.3167,2.7061,2.9804,3.0361,2.4716,1.3162
ENSG00000174684,B4GAT1,3.2151,3.5477,3.2399,2.8483,4.0802,2.979,2.8277
ENSG00000174695,TMEM167A,3.1559,3.6583,3.4477,3.6043,3.2875,3.2617,2.6074
ENSG00000174720,LARP7,-3.0374,-1.3076,-1.3063,-2.4322,-1.1915,-1.8837,-1.8728
ENSG00000174738,NR1D2,-0.92237,0.50824,0.43307,0.74835,-0.17014,-0.68381,0.7075
ENSG00000174744,BRMS1,4.2344,4.102,4.2401,4.4312,4.2724,3.7254,4.081
ENSG00000174748,RPL15,1.8627,2.5206,2.2263,2.3702,1.9879,2.5938,1.7943
ENSG00000174775,HRAS,2.8783,2.9381,3.8019,3.5633,2.5549,2.6145,2.5627
ENSG00000174780,SRP72,3.4392,3.5679,3.8419,4.011,3.5579,3.534,3.1293
ENSG00000174839,DENND6A,-0.44131,-0.84559,-1.335,-0.82197,-0.72572,-1.8825,-1.4635
ENSG00000174840,PDE12,0.013459,-1.2685,-1.8574,1.5022,-1.377,0.94022,-0.91715
ENSG00000174851,YIF1A,1.3206,0.42014,1.2919,0.90806,1.5059,0.77035,0.41684
ENSG00000174886,NDUFA11,0.10938,0.13288,1.0195,0.80279,0.17379,0.031253,-0.22012
ENSG00000174903,RAB1B,3.2087,3.2549,3.7347,3.6471,3.1863,3.166,2.636
ENSG00000174915,PTDSS2,3.6193,4.5637,4.3701,4.2013,4.4896,3.7783,3.9678
ENSG00000174917,C19orf70,3.2442,3.313,3.9599,4.0037,3.3464,3.639,3.3814
ENSG00000174953,DHX36,3.0941,3.5455,3.889,2.8192,3.1569,2.6172,3.1528
ENSG00000174996,KLC2,0.46854,0.43045,0.2143,1.2095,-0.18401,1.5779,-1.0254
ENSG00000175054,ATR,1.3713,2.026,2.2153,2.3046,1.2017,2.5045,1.1587
ENSG00000175061,LRRC75A-AS1,1.1277,1.6198,2.3106,2.5596,1.4943,2.3023,1.1737
ENSG00000175110,MRPS22,0.33789,0.38447,0.60387,0.50771,0.15904,0.66216,0.37961
ENSG00000175115,PACS1,2.4003,2.5981,2.7165,1.8864,1.2741,1.9185,1.1628
ENSG00000175130,MARCKSL1,3.5183,5.3353,3.8322,4.2644,4.5594,4.0975,3.8176
ENSG00000175137,SH3BP5L,-0.55719,0.19273,0.41108,-0.49361,-0.22138,-0.57217,-1.04
ENSG00000175166,PSMD2,2.5886,4.1759,5.1847,3.8392,2.9523,3.4091,3.7065
ENSG00000175193,PARL,3.114,2.9171,3.8308,3.5853,3.403,3.5615,3.1994
ENSG00000175203,DCTN2,2.4726,2.4204,2.6921,2.5782,2.5197,2.6122,2.6121
ENSG00000175213,ZNF408,2.6019,2.9097,3.3832,3.1898,3.2796,2.4297,3.2311
ENSG00000175215,CTDSP2,3.5625,4.2662,4.5179,3.9797,4.3431,3.4847,3.7624
ENSG00000175216,CKAP5,3.0623,3.91,3.8492,3.761,3.3728,3.3808,3.0741
ENSG00000175220,ARHGAP1,3.3638,3.5653,3.7737,3.7375,3.3228,2.8934,3.464
ENSG00000175224,ATG13,3.2598,3.3438,3.505,3.4921,3.8218,2.7861,3.1243
ENSG00000175279,CENPS,0.94044,0.52924,0.61431,1.3557,2.5335,-0.47871,1.0676
ENSG00000175283,DOLK,3.9426,4.0598,3.7246,4.0715,4.0579,3.4798,4.0253
ENSG00000175324,LSM1,3.5951,3.7653,3.8963,4.1353,3.7796,3.4292,3.3584
ENSG00000175334,BANF1,3.591,4.0177,4.627,4.6104,3.5749,3.8265,3.5331
ENSG00000175348,TMEM9B,1.787,2.2627,3.523,3.5047,3.3812,1.4601,1.8824
ENSG00000175354,PTPN2,0.35229,-0.25362,0.47687,-0.13641,-0.13543,-0.24609,0.94319
ENSG00000175376,EIF1AD,-0.19271,0.75591,-0.61584,0.32651,1.1155,-0.51489,0.45836
ENSG00000175387,SMAD2,2.7085,2.8633,3.0248,3.1287,3.0511,2.2972,2.5191
ENSG00000175390,EIF3F,2.1218,2.9698,2.6266,2.5877,2.3662,2.1644,1.4283
ENSG00000175416,CLTB,1.0613,0.44077,1.439,0.69876,1.0157,0.81177,-0.36358
ENSG00000175467,SART1,1.4965,1.3385,1.858,2.3331,1.1726,1.0702,1.6267
ENSG00000175470,PPP2R2D,3.5572,4.0786,3.9059,4.0166,3.7752,3.727,3.5375
ENSG00000175482,POLD4,4.6923,3.7668,4.8126,3.9547,3.6697,4.4362,4.8121
ENSG00000175550,DRAP1,0.65935,0.10245,0.39639,1.0912,-0.32059,-0.61201,-0.38151
ENSG00000175567,UCP2,0.72176,1.143,-0.24193,-0.5824,-0.19028,1.2743,1.4875
ENSG00000175573,C11orf68,3.4321,3.9217,5.0135,4.2716,3.914,4.1171,3.0367
ENSG00000175575,PAAF1,2.3661,2.7651,3.0833,2.6899,2.9392,2.6428,2.8726
ENSG00000175581,MRPL48,1.5248,0.69759,1.3208,0.98776,1.6648,0.87719,1.0567
ENSG00000175582,RAB6A,1.3493,2.6525,3.2463,3.2333,3.4956,2.461,2.694
ENSG00000175592,FOSL1,2.8713,3.1022,4.668,3.7633,2.1274,2.723,2.1328
ENSG00000175602,CCDC85B,4.6844,4.9677,5.2681,5.4824,4.7187,4.5875,4.6157
ENSG00000175606,TMEM70,3.6178,3.8825,3.6248,4.4337,3.809,3.2484,2.9454
ENSG00000175634,RPS6KB2,1.4815,1.3842,1.3184,1.9889,1.175,1.8169,1.5353
ENSG00000175643,RMI2,3.6989,4.6052,4.0174,3.6036,3.8354,4.0241,4.1993
ENSG00000175701,LINC00116,1.385,2.0465,2.0315,2.1446,1.0084,1.645,2.1929
ENSG00000175727,MLXIP,-3.8077,-3.7611,-3.0025,-4.1519,-4.0247,-3.7724,-4.1823
ENSG00000175756,AURKAIP1,3.5428,4.0033,4.4862,4.8717,3.4151,4.0304,3.5151
ENSG00000175768,TOMM5,4.4651,4.5814,4.4981,4.6831,4.4687,4.3351,4.0269
ENSG00000175792,RUVBL1,3.9931,4.5738,4.766,5.0902,4.3877,4.4405,3.7548
ENSG00000175826,CTDNEP1,4.9009,4.8812,5.0613,5.1976,4.9363,4.5957,4.5459
ENSG00000175854,SWI5,0.86198,1.3366,2.1547,0.52891,0.67438,1.983,0.022839
ENSG00000175895,PLEKHF2,-2.236,-2.8586,-2.1124,-1.6218,-1.5215,-2.5974,-1.5684
ENSG00000175931,UBE2O,3.377,4.2157,3.6782,4.4189,3.5701,3.2568,3.3391
ENSG00000175970,UNC119B,0.98341,2.5344,2.2762,2.4396,1.4721,1.8437,1.4104
ENSG00000176014,TUBB6,4.1064,4.5821,5.7581,4.712,3.54,4.4871,3.8048
ENSG00000176022,B3GALT6,3.9714,4.4252,4.3277,4.339,4.4605,3.9289,4.2785
ENSG00000176058,TPRN,2.7521,3.4611,3.6101,3.8595,4.0816,3.4923,3.6776
ENSG00000176101,SSNA1,1.9085,1.454,2.087,1.9934,2.2453,1.7114,0.7233
ENSG00000176102,CSTF3,-0.76164,0.23253,-0.11873,0.51518,-0.55173,0.21799,-0.43958
ENSG00000176105,YES1,1.6608,2.8302,3.3266,2.7797,3.0051,1.9922,1.3768
ENSG00000176108,CHMP6,3.9037,4.0464,4.3446,4.3016,4.1312,3.1871,3.875
ENSG00000176142,TMEM39A,1.569,3.1136,3.1315,3.1595,3.1654,2.9229,2.7242
ENSG00000176171,BNIP3,2.1318,2.8391,2.4163,1.502,2.821,3.1428,2.5843
ENSG00000176182,MYPOP,2.2603,2.7477,2.3428,3.0371,2.6586,1.7455,2.4444
ENSG00000176209,SMIM19,2.273,3.0104,2.5967,2.6523,2.2152,2.7099,1.7007
ENSG00000176248,ANAPC2,3.5002,3.6267,4.2595,4.2277,3.8659,3.2829,3.953
ENSG00000176261,ZBTB8OS,0.44019,-0.14507,1.3322,2.0295,1.1086,0.52744,1.4891
ENSG00000176340,COX8A,1.5045,0.68147,0.67839,1.2435,0.91991,1.207,0.4798
ENSG00000176386,CDC26,-0.46537,1.9389,1.0026,0.13689,0.052636,0.21313,-0.97113
ENSG00000176390,CRLF3,-0.36781,-0.76851,0.9649,1.39,-0.45367,1.4702,0.83273
ENSG00000176393,RNPEP,2.4127,2.4727,2.8922,3.1029,2.2503,2.97,1.8465
ENSG00000176396,EID2,3.8522,4.1465,3.6623,3.7624,3.623,3.4148,3.3989
ENSG00000176407,KCMF1,1.564,2.6483,1.4943,2.2426,1.8465,1.7622,0.80282
ENSG00000176410,DNAJC30,3.6616,3.2924,3.3911,3.7639,3.7915,2.6604,4.0148
ENSG00000176422,SPRYD4,-0.765,-0.89321,-0.13566,-0.89373,-0.75143,-0.79034,-0.82186
ENSG00000176454,LPCAT4,2.8268,3.0854,3.6226,3.3641,2.9231,2.7306,2.3762
ENSG00000176476,SGF29,-0.30591,-0.24818,-1.0503,-0.19555,0.8532,-0.15567,0.57825
ENSG00000176485,PLA2G16,2.6269,2.9852,2.5175,3.0108,2.0503,2.0002,2.7165
ENSG00000176619,LMNB2,3.9208,4.6802,4.7139,5.1427,4.1495,4.0852,3.9753
ENSG00000176623,RMDN1,-0.44827,0.53412,0.7193,0.85381,0.65935,0.60375,0.54496
ENSG00000176624,MEX3C,-2.4087,-3.4281,-3.3203,-3.7959,-3.5019,-3.046,-3.3446
ENSG00000176715,ACSF3,2.8227,3.0241,3.5117,3.6223,3.3239,2.9113,3.1575
ENSG00000176731,C8orf59,1.0427,0.11881,0.81399,0.82804,-0.27992,-0.32307,-0.021216
ENSG00000176853,FAM91A1,0.078017,0.70531,0.25972,1.5681,1.1559,-0.86662,0.25595
ENSG00000176871,WSB2,2.2461,2.4179,2.8753,2.8439,2.5255,2.3296,2.4754
ENSG00000176890,TYMS,1.6059,1.5256,2.6758,2.7545,2.1647,2.1853,0.49116
ENSG00000176894,PXMP2,0.93249,0.97792,2.7064,2.6658,2.7507,2.1547,1.5416
ENSG00000176903,PNMA1,3.9745,4.3963,4.3421,4.1665,4.0788,3.5914,3.7648
ENSG00000176912,TYMSOS,2.5515,3.5472,3.6862,2.6463,3.4464,3.3307,2.0702
ENSG00000176915,ANKLE2,3.1053,3.5502,3.7465,3.8092,3.1928,3.126,2.7103
ENSG00000176946,THAP4,3.787,4.3244,4.5076,4.6022,4.3564,3.7121,3.8711
ENSG00000176953,NFATC2IP,2.8431,3.335,2.9756,3.068,2.3832,2.7399,2.6331
ENSG00000176973,FAM89B,2.7142,3.0699,3.1274,3.4858,2.8315,2.8664,3.3964
ENSG00000176974,SHMT1,3.2486,3.581,3.3163,3.5982,3.3931,3.175,3.4424
ENSG00000176986,SEC24C,3.5265,3.9097,3.962,3.7958,3.6886,3.7462,3.4463
ENSG00000177030,DEAF1,3.5022,4.1571,4.4936,3.8322,4.0612,4.0676,3.739
ENSG00000177051,FBXO46,1.2013,2.5346,2.3074,2.2537,0.93504,2.3001,1.0671
ENSG00000177054,ZDHHC13,2.0082,1.9425,2.0931,2.4919,0.76734,2.1188,2.2083
ENSG00000177084,POLE,2.7452,2.7602,2.3887,3.4529,2.0697,2.8458,2.7637
ENSG00000177105,RHOG,4.3626,4.3449,4.7135,4.8268,4.4818,4.966,3.8877
ENSG00000177119,ANO6,-0.92481,0.89675,1.153,0.6821,1.0146,0.36055,0.33308
ENSG00000177156,TALDO1,2.9475,2.2002,2.6246,2.5846,1.9934,2.0691,1.4246
ENSG00000177169,ULK1,3.9211,4.1437,4.0882,3.4835,3.737,3.591,4.237
ENSG00000177189,RPS6KA3,2.9738,2.7576,2.5162,3.2225,4.2573,2.7565,2.3976
ENSG00000177192,PUS1,3.8649,4.2022,4.0184,4.3754,3.75,3.5311,3.7342
ENSG00000177225,GATD1,-0.62653,-0.60111,-0.17743,0.84984,1.9191,1.5298,-1.7454
ENSG00000177239,MAN1B1,3.7419,4.0814,4.5371,4.403,4.1722,3.8249,3.7266
ENSG00000177352,CCDC71,3.3401,4.0486,4.0832,3.8923,3.5473,3.4526,3.7774
ENSG00000177383,MAGEF1,2.8638,3.7542,3.1255,3.6413,2.9792,2.7362,3.2886
ENSG00000177410,ZFAS1,1.0571,-0.42497,0.19114,1.2546,0.84182,0.29527,-0.46652
ENSG00000177426,TGIF1,4.1087,4.8332,4.6085,4.7842,4.3776,3.8904,4.1576
ENSG00000177469,CAVIN1,4.0193,3.5829,4.7898,3.8204,2.3958,2.9823,1.5669
ENSG00000177479,ARIH2,3.3227,3.8811,4.0047,3.8917,3.7854,3.2685,3.0017
ENSG00000177485,ZBTB33,-1.0351,-0.67203,-1.2028,-0.67779,-1.4948,0.31714,-1.4935
ENSG00000177542,SLC25A22,2.8378,3.3424,2.5116,3.4626,2.2571,2.6843,1.5903
ENSG00000177556,ATOX1,1.8763,2.2009,2.8591,1.8104,1.3331,2.2033,1.6341
ENSG00000177576,C18orf32,3.2563,3.7987,3.0983,3.9568,3.7801,3.5627,3.3652
ENSG00000177600,RPLP2,2.693,2.5656,2.8019,3.0859,2.8402,2.9764,2.2205
ENSG00000177606,JUN,3.4582,3.4502,4.8626,3.3093,3.8746,3.5347,3.6778
ENSG00000177613,CSTF2T,1.9218,2.6073,2.1955,2.3431,2.2541,2.0068,-0.015714
ENSG00000177646,ACAD9,3.2739,3.7577,4.3223,4.0067,3.4995,3.2205,4.0151
ENSG00000177666,PNPLA2,4.1534,4.034,4.9077,4.6263,5.1171,4.3235,4.3747
ENSG00000177674,AGTRAP,4.0378,4.2986,4.2625,4.1853,3.9785,3.8492,3.9048
ENSG00000177697,CD151,3.4439,2.6176,2.5555,3.8185,2.4956,2.4973,2.4387
ENSG00000177700,POLR2L,3.7853,3.3605,3.4496,3.8586,3.1159,2.809,3.283
ENSG00000177728,TMEM94,3.0823,3.7423,3.9878,3.4024,3.5518,3.2466,3.2302
ENSG00000177731,FLII,0.21866,0.98943,1.4996,1.0124,0.38907,0.73523,0.19492
ENSG00000177732,SOX12,3.7993,4.2659,3.9004,4.0892,4.4219,3.3408,3.7731
ENSG00000177733,HNRNPA0,4.5399,5.1091,4.9801,5.0347,4.9504,4.4881,4.3892
ENSG00000177830,CHID1,2.3734,2.2123,1.7647,2.5951,1.946,2.0153,2.291
ENSG00000177854,TMEM187,3.4837,3.3283,3.9644,3.7426,3.2291,3.4399,3.7539
ENSG00000177868,SVBP,1.9733,3.4106,2.2376,3.0326,3.1848,3.4186,1.9783
ENSG00000177879,AP3S1,-0.73373,0.28023,-0.0062454,2.3253,0.97446,1.6495,-0.91383
ENSG00000177885,GRB2,2.9948,2.7524,3.2475,3.1815,2.9467,2.0696,2.7914
ENSG00000177889,UBE2N,3.1249,3.6987,3.8982,3.8332,3.2372,3.4831,2.9893
ENSG00000177917,ARL6IP6,0.70657,1.3349,2.3112,2.2973,2.0147,2.3216,0.39357
ENSG00000177951,BET1L,3.5541,3.8198,4.1775,4.1293,3.9833,3.2218,3.5455
ENSG00000177954,RPS27,1.8295,2.1074,2.1456,2.2264,2.1738,2.0449,1.6196
ENSG00000177963,RIC8A,4.1293,4.2387,4.5462,3.9195,3.7854,4.0516,3.7305
ENSG00000177971,IMP3,4.2472,4.5381,4.2596,4.6216,4.1902,3.9605,3.9517
ENSG00000178035,IMPDH2,1.5211,1.9904,2.009,2.4419,1.5356,1.3597,1.319
ENSG00000178057,NDUFAF3,1.724,1.4676,0.95323,0.6584,0.20045,0.36681,0.18113
ENSG00000178074,C2orf69,-2.609,-2.2843,-2.5444,-1.6419,-2.376,-2.3236,-1.8578
ENSG00000178104,PDE4DIP,1.5354,1.9939,2.0623,1.6842,1.6852,3.1836,1.9212
ENSG00000178105,DDX10,3.154,3.8857,3.9284,4.1632,3.1796,3.4246,2.8761
ENSG00000178127,NDUFV2,1.8433,1.6599,2.269,2.2104,2.1616,2.3903,1.6222
ENSG00000178149,DALRD3,1.9061,1.5697,0.90139,0.83639,-0.028228,0.64695,0.066699
ENSG00000178188,SH2B1,1.8525,2.153,0.96605,1.7437,0.13947,1.5112,-0.95881
ENSG00000178202,KDELC2,-1.0487,-1.7097,-1.2438,1.046,-1.5489,-1.7051,-1.7987
ENSG00000178234,GALNT11,2.0269,2.1875,2.4558,2.4971,1.6788,2.9648,2.577
ENSG00000178252,WDR6,3.4116,4.0097,3.8667,3.8436,3.3994,2.821,3.235
ENSG00000178307,TMEM11,3.778,3.7984,3.7405,4.1054,3.6595,3.5048,3.7248
ENSG00000178381,ZFAND2A,1.7453,2.0641,1.7698,0.75112,2.1532,1.6076,1.0939
ENSG00000178397,FAM220A,1.8538,2.3403,1.1344,2.5835,0.57032,1.3823,1.6185
ENSG00000178425,NT5DC1,1.5153,2.4383,1.7739,2.4323,1.5825,1.1565,1.4833
ENSG00000178449,COX14,3.7493,3.9223,3.7116,3.6662,4.0696,3.9123,4.1534
ENSG00000178585,CTNNBIP1,-1.8934,-0.70107,-0.093808,-1.5661,-0.76334,-1.5956,-1.2789
ENSG00000178605,GTPBP6,2.9871,3.7059,2.8877,2.9238,2.9644,2.7801,3.5317
ENSG00000178691,SUZ12,2.5369,2.8944,2.3794,3.2886,2.5258,2.4816,1.7367
ENSG00000178719,GRINA,3.2112,3.9082,3.6466,3.8502,3.4614,3.1049,2.9792
ENSG00000178741,COX5A,3.4924,2.6232,1.6535,3.6343,2.8724,3.5888,2.5656
ENSG00000178802,MPI,2.1002,3.6222,3.5379,3.4516,3.1036,2.5762,2.7479
ENSG00000178896,EXOSC4,4.3667,4.1792,4.6754,5.1887,4.3682,4.2729,4.1552
ENSG00000178913,TAF7,3.7998,4.3436,4.6356,4.2,4.4297,3.9646,4.204
ENSG00000178921,PFAS,0.9909,1.7624,1.0157,1.8981,0.62558,1.3678,0.021491
ENSG00000178927,C17orf62,4.2053,4.0636,4.3055,4.1489,4.0726,3.628,3.9889
ENSG00000178950,GAK,1.5721,1.3435,1.7173,2.3114,1.2645,0.56584,1.6424
ENSG00000178952,TUFM,3.3405,3.8176,4.2619,4.4187,3.9465,4.0586,2.9872
ENSG00000178966,RMI1,-0.4853,1.6241,1.0308,1.8548,0.24656,0.26844,0.77332
ENSG00000178974,FBXO34,3.1507,3.2856,3.7197,3.6121,3.1304,3.4314,3.6251
ENSG00000178980,SELENOW,1.4054,2.5052,1.3271,2.6543,1.2342,2.4806,1.2559
ENSG00000178982,EIF3K,0.021385,0.64997,0.31289,0.03249,-0.60921,0.14613,-0.073194
ENSG00000178988,MRFAP1L1,3.3644,4.2565,3.921,4.1898,4.1147,3.7318,3.923
ENSG00000178996,SNX18,0.90427,-0.58678,0.28324,-0.040681,-1.0915,-0.74704,-1.2865
ENSG00000178999,AURKB,1.8152,1.9752,1.1826,1.4896,0.26665,-0.0074838,1.0078
ENSG00000179010,MRFAP1,4.4717,4.9146,4.9682,5.1191,4.8572,4.3204,4.8212
ENSG00000179021,C3orf38,3.5331,3.9223,4.0917,3.9888,3.746,3.5242,3.7679
ENSG00000179041,RRS1,4.4007,4.6713,4.677,4.7029,4.4046,3.7999,4.1056
ENSG00000179051,RCC2,3.6163,5.0209,4.5687,4.3306,3.7514,3.7644,3.9355
ENSG00000179085,DPM3,2.6205,2.7442,3.138,3.3879,2.5664,1.8862,3.9937
ENSG00000179091,CYC1,1.6887,1.1995,1.7437,2.9484,1.0124,1.0481,0.9968
ENSG00000179115,FARSA,3.2497,3.784,3.8202,4.2107,3.5134,3.9057,3.4263
ENSG00000179119,SPTY2D1,0.14213,-0.8387,-0.78702,0.59425,-1.1073,-0.76297,-0.78197
ENSG00000179134,SAMD4B,3.054,3.2621,3.1404,3.2024,2.3167,1.9818,2.3581
ENSG00000179151,EDC3,-0.48373,-0.93517,-0.82643,-0.55681,-1.3633,0.086102,-1.4778
ENSG00000179195,ZNF664,-1.1163,-1.1773,-1.1302,-0.1957,-0.86046,-0.84953,-1.2557
ENSG00000179218,CALR,5.1499,5.8371,5.9579,5.8967,5.4694,5.6952,5.4253
ENSG00000179262,RAD23A,1.0421,1.1842,2.0132,1.9858,1.2613,1.6771,1.7559
ENSG00000179271,GADD45GIP1,2.1678,2.8316,2.6905,3.0129,2.5554,1.7507,1.8675
ENSG00000179295,PTPN11,0.65437,-0.50346,0.045522,0.66367,-0.23689,-0.56943,0.20489
ENSG00000179335,CLK3,1.0947,1.812,1.1187,1.3332,0.98188,1.2482,1.451
ENSG00000179364,PACS2,2.6792,2.9409,3.3819,2.7072,3.0486,2.2858,2.8744
ENSG00000179387,ELMOD2,0.40671,0.88872,0.15196,0.2602,0.2242,1.1301,0.14581
ENSG00000179409,GEMIN4,4.0739,4.1093,3.7071,4.3999,3.3906,3.2208,3.2684
ENSG00000179526,SHARPIN,2.7292,2.9522,3.7863,3.0624,3.6748,3.5117,2.3883
ENSG00000179562,GCC1,2.6651,2.3935,2.5772,3.4341,3.0679,3.1306,2.2164
ENSG00000179588,ZFPM1,3.8803,3.9833,3.9406,4.3512,4.3715,3.8177,4.304
ENSG00000179604,CDC42EP4,4.166,3.7671,4.7809,4.2191,4.389,3.5986,3.8648
ENSG00000179632,MAF1,3.8403,4.05,4.7097,4.3997,4.1082,4.3357,4.1072
ENSG00000179750,APOBEC3B,1.8987,0.81797,2.4747,2.0743,1.8565,1.7698,1.9858
ENSG00000179820,MYADM,3.7872,3.6663,4.3158,3.2528,3.613,3.2546,3.158
ENSG00000179862,CITED4,4.5368,4.2923,4.9317,3.5427,4.6886,3.6594,5.392
ENSG00000179889,PDXDC1,2.0743,2.1824,1.0054,1.5772,1.9416,1.5742,2.0437
ENSG00000179918,SEPHS2,4.5222,4.7666,4.5648,4.5932,5.3946,4.5535,4.8667
ENSG00000179922,ZNF784,2.5268,2.9346,1.8639,2.2408,2.426,2.6943,2.1907
ENSG00000179933,C14orf119,3.9237,4.3187,4.2233,4.1216,4.4778,3.6982,4.0859
ENSG00000179943,FIZ1,3.7442,3.9069,3.8078,4.0919,3.8682,3.8422,3.716
ENSG00000179950,PUF60,4.499,4.684,5.0085,5.0244,4.3383,3.8231,4.1938
ENSG00000179958,DCTPP1,4.7158,4.8058,4.6229,5.2281,4.6969,4.1037,4.4957
ENSG00000180098,TRNAU1AP,2.5423,3.3718,2.8346,3.1235,2.724,3.51,2.0295
ENSG00000180104,EXOC3,3.1598,3.5886,3.6641,3.4746,3.1415,3.3034,2.9578
ENSG00000180182,MED14,2.6564,2.3092,2.2046,2.7032,2.1193,2.2568,1.6807
ENSG00000180185,FAHD1,3.1231,3.0391,3.009,3.4865,3.3899,2.002,3.0199
ENSG00000180198,RCC1,2.9858,4.0954,3.8762,4.6712,3.632,3.2243,3.7448
ENSG00000180228,PRKRA,0.033853,0.93956,1.6912,0.92166,0.46135,0.82796,0.53897
ENSG00000180304,OAZ2,3.2528,4.8779,3.9656,3.974,3.4284,3.3407,3.4677
ENSG00000180329,CCDC43,-0.56729,0.67657,-0.64543,0.70545,-0.1024,1.047,0.016368
ENSG00000180357,ZNF609,-0.11445,0.89182,-0.056381,0.84908,0.040268,1.213,-0.71409
ENSG00000180370,PAK2,3.1716,3.6519,4.1616,3.7206,3.8415,3.2712,3.804
ENSG00000180398,MCFD2,2.2665,2.866,3.432,3.1583,3.2271,2.6623,1.662
ENSG00000180628,PCGF5,-2.7901,-2.8495,-2.7274,-3.0988,-2.3276,-2.94,-2.6213
ENSG00000180694,TMEM64,-1.1168,-1.8887,-1.5034,-0.67154,-2.2419,-1.851,-0.79816
ENSG00000180817,PPA1,0.64971,0.6264,0.61941,1.9135,0.78025,1.0226,0.64865
ENSG00000180822,PSMG4,1.4851,1.2837,2.6588,2.2765,2.0335,3.2016,0.018196
ENSG00000180879,SSR4,3.6137,3.6833,3.3509,3.347,3.1003,4.2639,3.0374
ENSG00000180900,SCRIB,0.97202,0.98286,2.6054,2.12,0.4511,0.83847,0.0037928
ENSG00000180901,KCTD2,1.9239,3.2487,2.3133,3.1515,2.6334,1.1002,0.88229
ENSG00000180917,CMTR2,-1.279,-2.3628,-1.8066,-1.4355,-1.0968,-1.9295,-0.68582
ENSG00000180953,ST20,3.0426,3.0812,2.4078,1.9628,2.1353,2.0254,3.1619
ENSG00000180957,PITPNB,1.7636,1.8136,1.5505,2.7912,1.3952,1.0375,1.0338
ENSG00000180992,MRPL14,4.6452,5.0819,5.3206,5.4137,5.4054,5.152,5.0729
ENSG00000181019,NQO1,2.4864,1.3391,2.3499,2.4653,2.3695,1.6744,2.3708
ENSG00000181026,AEN,0.71822,2.0706,1.6523,1.3717,2.072,-0.091157,0.62362
ENSG00000181029,TRAPPC5,3.8565,4.0804,3.7746,4.5217,3.9718,3.249,3.9672
ENSG00000181038,METTL23,4.1045,3.6598,4.3695,4.2111,3.8213,3.9074,3.0209
ENSG00000181061,HIGD1A,0.63079,0.93764,0.81726,0.97111,1.0601,0.80347,0.22085
ENSG00000181090,EHMT1,2.389,3.5693,3.0374,2.7769,2.5157,2.5054,2.8142
ENSG00000181163,NPM1,1.2758,1.7258,1.7247,1.9959,1.5281,1.6125,1.0043
ENSG00000181192,DHTKD1,-0.1138,0.52158,-0.058746,0.35305,0.47527,1.1543,0.48409
ENSG00000181220,ZNF746,0.78865,-0.35117,-0.9075,0.29077,0.4251,-0.29371,0.78822
ENSG00000181222,POLR2A,2.1108,1.7822,1.3975,2.3371,1.8843,1.4819,2.1877
ENSG00000181274,FRAT2,3.111,4.282,3.3973,2.7702,3.2534,3.3786,3.2781
ENSG00000181404,WASHC1,2.8531,3.375,4.0551,3.5691,3.523,3.4519,1.271
ENSG00000181467,RAP2B,3.2512,3.8208,4.117,4.127,3.5142,3.6488,3.7204
ENSG00000181472,ZBTB2,2.6343,2.9233,2.6309,2.9571,2.6579,2.5272,2.5503
ENSG00000181555,SETD2,2.6128,1.6619,3.1171,3.0387,2.3663,3.0929,2.9448
ENSG00000181588,MEX3D,1.9113,1.5469,-0.14613,1.7892,1.0412,0.4104,0.5115
ENSG00000181610,MRPS23,3.2827,3.3261,3.1564,4.0196,3.8152,3.5867,3.4405
ENSG00000181625,SLX1B,3.7902,4.1152,4.2461,4.3606,3.897,3.8996,3.8687
ENSG00000181649,PHLDA2,3.0023,2.9876,4.5715,4.948,3.1089,3.3095,3.6013
ENSG00000181704,YIPF6,-0.008878,1.1352,-0.0904,0.19813,-0.18036,0.0055837,0.19462
ENSG00000181788,SIAH2,2.7345,3.439,4.0329,3.9405,4.3877,3.0963,4.0205
ENSG00000181789,COPG1,1.2953,1.4529,2.3651,1.839,1.2374,1.2737,0.67287
ENSG00000181817,LSM10,3.6047,4.1251,3.8786,4.2869,3.9436,3.73,3.2835
ENSG00000181827,RFX7,1.928,2.3036,0.0072765,0.88424,0.060433,2.0927,1.5195
ENSG00000181830,SLC35C1,2.9584,3.6841,3.5516,3.7715,3.6953,3.2151,4.3823
ENSG00000181904,C5orf24,0.037866,0.12944,2.1573,2.1808,2.6186,1.8398,0.63779
ENSG00000181915,ADO,3.196,3.9822,3.542,3.9659,3.8729,2.9627,2.9504
ENSG00000181924,COA4,4.2896,4.2524,4.2024,4.4077,4.0337,4.1082,4.1605
ENSG00000181929,PRKAG1,-0.90789,-0.76804,-0.40559,0.44993,-0.85064,-0.68851,0.32507
ENSG00000181938,GINS3,-0.038379,-1.133,-0.1429,-0.63429,-1.4926,-1.2712,-2.0999
ENSG00000181991,MRPS11,2.8904,3.0466,2.7036,2.9823,3.2587,2.7112,2.0898
ENSG00000182004,SNRPE,0.67004,0.018943,0.15455,0.78629,0.073886,0.44142,0.60248
ENSG00000182054,IDH2,0.55275,0.59586,0.36809,0.26022,0.74064,0.96182,0.83202
ENSG00000182087,TMEM259,4.1855,4.4308,4.7067,4.695,4.5286,4.2401,3.7436
ENSG00000182093,WRB,2.4073,2.3433,2.3623,2.6626,2.5605,2.2584,2.266
ENSG00000182108,DEXI,4.2234,4.4903,4.2989,4.4603,4.8171,3.942,3.7427
ENSG00000182117,NOP10,5.0019,5.1994,5.0463,5.4118,4.8816,4.8923,4.8153
ENSG00000182149,IST1,3.8701,4.5286,4.5017,4.2328,4.5827,3.6749,4.0535
ENSG00000182154,MRPL41,3.6884,4.3985,4.3177,4.4013,4.168,3.9333,4.6575
ENSG00000182158,CREB3L2,0.041075,1.3972,1.8275,0.04275,1.4119,0.14399,0.78764
ENSG00000182173,TSEN54,3.9414,4.052,3.9789,4.753,4.1014,3.702,4.6059
ENSG00000182180,MRPS16,2.406,3.4801,3.2783,3.3891,3.068,3.1426,2.5998
ENSG00000182196,ARL6IP4,1.6697,2.4062,1.3077,0.58371,1.2138,1.8294,2.642
ENSG00000182197,EXT1,3.0557,3.1483,4.6546,3.3516,3.4653,2.5937,2.6004
ENSG00000182199,SHMT2,2.0741,2.9095,2.9008,3.3329,2.7085,2.0931,1.1526
ENSG00000182208,MOB2,3.446,3.7516,3.7517,3.4904,3.8961,3.9334,3.9251
ENSG00000182220,ATP6AP2,1.3282,1.7749,0.58116,1.9158,1.1425,1.7455,0.84134
ENSG00000182307,C8orf33,2.2468,2.489,2.6618,2.8456,1.5869,1.6081,2.199
ENSG00000182325,FBXL6,1.1855,0.56324,1.9241,3.1744,0.89766,1.8074,2.5602
ENSG00000182446,NPLOC4,4.0325,3.9672,4.4526,4.4619,4.3396,3.7031,3.6151
ENSG00000182481,KPNA2,2.4521,2.771,3.1157,2.961,1.752,2.0945,1.1169
ENSG00000182484,WASH6P,0.42935,2.9453,3.1238,2.9903,2.9041,2.3958,0.84708
ENSG00000182512,GLRX5,4.1804,4.6478,4.5829,4.6436,4.9087,4.392,4.242
ENSG00000182518,FAM104B,2.0727,2.559,2.5108,2.5988,2.0812,2.6082,2.3366
ENSG00000182534,MXRA7,-0.63298,-0.82072,1.1553,0.084385,0.95611,-1.4246,-0.48458
ENSG00000182544,MFSD5,3.8994,3.8999,3.8823,4.2607,3.8655,3.516,3.9385
ENSG00000182551,ADI1,2.3652,2.9631,2.6149,3.5782,3.3623,2.3412,2.299
ENSG00000182552,RWDD4,-0.13767,-0.40843,0.77294,0.49916,0.77885,-1.1299,-0.67737
ENSG00000182628,SKA2,2.0815,2.4473,2.9686,2.8251,2.1786,1.9575,2.4663
ENSG00000182670,TTC3,1.1443,0.55514,0.50927,0.83303,1.7248,-0.0012817,0.98196
ENSG00000182704,TSKU,4.7104,3.9798,4.0097,3.3761,3.7464,3.3356,3.9318
ENSG00000182712,CMC4,1.3923,1.7901,1.0795,1.8289,1.5886,1.285,0.77595
ENSG00000182718,ANXA2,2.7267,0.75929,3.1002,3.1013,1.025,1.7448,1.4954
ENSG00000182768,NGRN,4.2947,4.1972,3.9593,4.8579,4.5945,4.1584,4.1111
ENSG00000182774,RPS17,2.3843,2.6342,2.9242,2.7705,2.0092,3.0517,0.88913
ENSG00000182810,DDX28,3.4544,3.9278,3.8653,4.125,3.9022,3.4529,3.5892
ENSG00000182827,ACBD3,2.6285,2.6361,2.8807,3.2422,3.0616,2.926,2.1962
ENSG00000182831,C16orf72,3.464,3.8346,3.8644,3.8693,4.0176,3.5945,3.5291
ENSG00000182871,COL18A1,2.7892,3.5513,2.9048,2.8343,2.8532,1.6392,2.593
ENSG00000182872,RBM10,2.0255,1.1992,1.1254,1.8229,-1.4002,1.4121,0.25175
ENSG00000182899,RPL35A,2.6636,2.1811,2.4739,2.4895,2.4666,2.1498,1.8548
ENSG00000182934,SRPRA,3.182,3.652,3.6132,4.1278,3.483,3.5491,3.2394
ENSG00000182944,EWSR1,0.5895,1.4844,1.6894,1.964,0.64657,0.59358,0.37537
ENSG00000182952,HMGN4,3.7366,4.2454,4.3332,4.4346,3.8209,3.799,3.6998
ENSG00000182973,CNOT10,0.60831,0.51321,1.3313,2.1958,1.0282,1.2812,-0.15282
ENSG00000182979,MTA1,3.4487,4.1478,4.2753,4.2979,3.936,3.5213,3.9206
ENSG00000183010,PYCR1,4.1158,4.5921,4.3399,5.2112,4.9658,4.9349,3.8812
ENSG00000183011,NAA38,3.3385,2.7865,2.7571,3.6831,2.9116,1.5217,2.9271
ENSG00000183048,SLC25A10,3.3245,3.3132,2.9969,4.0912,3.4771,2.9112,3.7019
ENSG00000183077,AFMID,1.6072,1.2845,0.59898,2.7457,1.6744,2.2633,1.0903
ENSG00000183155,RABIF,2.3843,2.9653,2.7211,2.8087,3.1785,2.5369,3.1376
ENSG00000183161,FANCF,2.9817,4.0382,3.1609,3.2896,3.74,2.77,3.4437
ENSG00000183172,SMDT1,1.0317,-0.24136,0.99599,-1.0218,-0.0084696,0.23018,0.36795
ENSG00000183207,RUVBL2,2.5992,2.1059,2.086,3.3437,1.7303,2.4169,2.0755
ENSG00000183255,PTTG1IP,3.6932,4.3444,5.0389,4.3291,4.8416,3.8193,4.2185
ENSG00000183258,DDX41,3.3981,3.4663,3.1913,3.5509,2.7571,3.2982,2.4997
ENSG00000183283,DAZAP2,-0.34736,-0.34445,0.10279,0.67725,0.74459,0.22822,-0.10097
ENSG00000183291,SELENOF,0.55947,0.91034,1.3288,1.693,1.1105,1.2083,0.20545
ENSG00000183336,BOLA2,2.4658,1.9797,1.5258,3.0479,2.3394,1.4975,1.1982
ENSG00000183431,SF3A3,2.9424,3.5851,3.4061,3.8909,3.1017,3.2372,1.924
ENSG00000183444,OR7E38P,2.817,2.1053,3.6014,2.8502,3.3107,2.7092,2.2443
ENSG00000183475,ASB7,2.6854,2.3741,2.6028,3.1463,2.9024,2.1845,2.1377
ENSG00000183495,EP400,-0.75847,0.054613,-0.7729,-0.67186,-1.278,-0.16479,-0.027866
ENSG00000183513,COA5,2.8303,2.7741,2.4414,2.7448,2.2986,2.7216,2.2771
ENSG00000183520,UTP11,0.73052,0.011941,0.53042,1.5952,0.31752,0.43195,-0.029893
ENSG00000183527,PSMG1,-1.6368,-0.23666,-0.35693,-0.65772,0.16767,-0.66856,-0.679
ENSG00000183576,SETD3,2.8237,3.4579,3.3399,3.2811,3.6591,2.6899,3.3594
ENSG00000183604,SMG1P5,0.29871,0.56587,-0.46842,0.4438,-0.72786,0.11014,-0.98423
ENSG00000183605,SFXN4,1.918,1.7797,2.6363,3.3246,2.8162,2.09,1.8691
ENSG00000183617,MRPL54,3.3933,3.8415,4.1524,4.128,3.8473,4.0895,3.6157
ENSG00000183624,HMCES,2.7636,3.2582,3.4102,3.8686,3.2497,2.8409,3.6428
ENSG00000183648,NDUFB1,1.9005,1.9373,1.9529,1.9619,0.79092,1.1453,1.6631
ENSG00000183684,ALYREF,3.368,3.3985,3.3006,4.4204,3.1712,3.348,2.9636
ENSG00000183723,CMTM4,-0.15276,-0.26354,-0.21332,0.72249,-0.69518,-0.67882,-0.7571
ENSG00000183726,TMEM50A,3.5425,4.0754,4.0524,3.932,4.3016,4.0621,3.78
ENSG00000183735,TBK1,0.98389,0.49696,0.0070906,1.3059,0.43786,-0.35289,0.55188
ENSG00000183751,TBL3,2.8123,2.3956,2.7016,3.0518,2.4525,2.4575,1.849
ENSG00000183763,TRAIP,3.3201,3.6637,3.6422,3.9401,3.1901,3.3367,3.6124
ENSG00000183765,CHEK2,0.48776,0.88813,1.5116,1.1857,1.5887,-0.014238,0.77105
ENSG00000183828,NUDT14,1.894,2.4769,0.86622,2.7978,1.855,2.6549,1.2927
ENSG00000183864,TOB2,1.4719,3.2342,2.7212,3.4232,2.5752,2.2833,3.3476
ENSG00000183891,TTC32,-2.7144,-3.1516,-0.86653,-0.51871,-2.8228,-0.80983,-2.0239
ENSG00000183955,KMT5A,2.0436,2.7721,3.2697,3.2662,2.4195,3.2146,1.9588
ENSG00000183978,COA3,4.2866,4.2697,4.3708,4.25,4.5359,3.9186,4.2663
ENSG00000184007,PTP4A2,3.7822,3.1851,3.5852,4.2794,3.7326,3.5066,3.7129
ENSG00000184009,ACTG1,6.0108,6.5726,6.5289,6.2528,5.9824,5.9814,6.0472
ENSG00000184014,DENND5A,2.9436,3.7516,3.9167,3.6312,3.4421,3.4389,2.8739
ENSG00000184047,DIABLO,3.3778,3.9378,3.3193,3.4679,3.4884,3.556,3.3017
ENSG00000184056,VPS33B,-1.0164,-1.2953,-1.0507,-0.25822,-0.93627,-0.81754,-0.50736
ENSG00000184076,UQCR10,4.4635,4.4389,4.5384,4.8514,4.5397,4.3798,4.6519
ENSG00000184110,EIF3C,2.0335,2.3767,2.9489,3.1522,2.3358,2.1307,2.5304
ENSG00000184117,NIPSNAP1,3.1372,3.9583,3.2162,3.8406,2.8653,2.9888,2.8885
ENSG00000184162,NR2C2AP,2.8847,2.7287,2.9325,3.4826,2.518,2.5808,2.9383
ENSG00000184164,CRELD2,0.12528,-0.088771,0.48721,1.9455,-0.31496,1.3388,0.36382
ENSG00000184178,SCFD2,-1.8217,-2.1837,-2.0066,-2.2792,-2.7372,-1.4593,-1.8925
ENSG00000184182,UBE2F,2.8852,3.7159,3.8313,3.3952,3.7054,3.4147,3.4736
ENSG00000184203,PPP1R2,0.87957,1.8093,2.3781,2.8689,2.4565,2.1626,0.67186
ENSG00000184205,TSPYL2,-2.3422,-2.4706,-2.7703,-2.3378,-1.8088,-2.3817,-3.0126
ENSG00000184207,PGP,4.6386,4.7208,4.2047,4.8873,4.1725,4.4425,4.2711
ENSG00000184216,IRAK1,4.4487,2.8343,4.3768,4.6184,3.4312,3.8121,3.4742
ENSG00000184220,CMSS1,2.7376,2.8184,3.3528,2.9531,2.4553,2.5256,1.1117
ENSG00000184277,TM2D3,-1.1025,-1.1512,-1.2888,-0.40411,-0.39532,-0.27808,-0.51372
ENSG00000184281,TSSC4,3.8794,4.0336,4.2057,4.2993,4.1119,3.6391,3.577
ENSG00000184363,PKP3,0.53783,-0.093401,0.90673,2.7921,0.87059,1.6088,1.774
ENSG00000184428,TOP1MT,0.13104,0.65128,0.81923,-0.72726,0.99885,-1.2137,-2.0674
ENSG00000184432,COPB2,3.7363,4.1574,4.7466,4.2723,4.1541,4.3239,4.0126
ENSG00000184436,THAP7,3.3095,3.3864,3.3504,3.9942,3.2333,4.2798,3.6793
ENSG00000184508,HDDC3,2.5471,2.5514,2.6137,2.7002,2.8086,2.8171,2.3948
ENSG00000184517,ZFP1,-2.5458,-2.6675,-1.172,-0.82739,-2.4248,-1.184,-0.79645
ENSG00000184575,XPOT,3.2643,3.6825,4.0315,3.9768,3.6513,3.732,3.0496
ENSG00000184640,SEPT9,1.4203,1.584,1.0545,2.1358,1.5633,1.7141,1.6806
ENSG00000184752,NDUFA12,2.3308,1.621,1.9603,1.7995,1.7815,1.9836,0.45069
ENSG00000184787,UBE2G2,3.2564,3.0348,3.1765,3.6785,1.9937,3.2835,1.7639
ENSG00000184831,APOO,0.62435,1.1031,0.18698,0.47564,-0.54801,0.19699,-0.47069
ENSG00000184840,TMED9,4.83,5.1681,5.3305,5.3726,5.4973,5.364,5.0889
ENSG00000184857,TMEM186,3.3086,3.8486,3.9732,3.883,3.9401,3.2677,3.3041
ENSG00000184863,RBM33,2.4401,2.3409,2.5941,2.6957,2.2316,1.7107,1.0553
ENSG00000184897,H1FX,4.4066,4.98,4.9867,4.7748,4.3108,4.6585,5.0696
ENSG00000184900,SUMO3,2.2245,2.8787,3.2827,2.5586,2.7048,2.5574,2.3627
ENSG00000184903,IMMP2L,0.26563,0.69218,-1.3683,0.037225,-1.5186,-0.44289,-0.06665
ENSG00000184924,PTRHD1,1.2388,1.2046,1.515,1.6593,1.1737,1.8595,1.1891
ENSG00000184967,NOC4L,0.19148,0.53244,1.1944,1.5735,0.48645,0.18032,0.60239
ENSG00000184983,NDUFA6,-0.74703,1.8008,1.2066,0.4391,0.99602,-0.40282,0.97707
ENSG00000184990,SIVA1,3.9169,3.6302,3.4612,4.1692,3.2125,3.057,3.9836
ENSG00000184992,BRI3BP,-1.2252,-1.1077,-0.87817,-0.31912,-0.3371,-0.94431,0.18033
ENSG00000185000,DGAT1,1.0158,0.9435,0.8682,1.8053,1.6028,0.68172,0.97858
ENSG00000185009,AP3M1,0.66052,0.85892,1.7449,2.4179,0.55602,1.8487,0.98489
ENSG00000185033,SEMA4B,3.5167,3.3286,4.2955,3.3693,3.0333,3.7208,3.1509
ENSG00000185043,CIB1,1.9118,0.76248,2.2858,1.9866,1.6149,1.9883,1.8265
ENSG00000185049,NELFA,2.4642,3.2192,2.8412,3.713,3.0599,3.1698,2.5674
ENSG00000185085,INTS5,3.7736,4.2316,4.3822,4.501,3.9178,4.0436,3.3369
ENSG00000185088,RPS27L,-1.24,-1.7684,-1.1781,-1.5864,-1.302,-1.6409,-2.2729
ENSG00000185104,FAF1,-0.4528,0.94423,1.4363,1.1241,-0.55262,1.3166,-0.0019766
ENSG00000185115,NSMCE3,3.6039,3.9128,3.7774,3.7159,3.649,3.4276,3.1214
ENSG00000185122,HSF1,4.3973,4.5763,5.0182,4.9899,4.6767,4.4293,4.1008
ENSG00000185127,C6orf120,2.7376,3.5545,3.5568,3.3982,3.6939,2.8302,3.0576
ENSG00000185164,NOMO2,3.3715,3.8482,3.7333,3.9724,4.7485,3.4815,3.4288
ENSG00000185201,IFITM2,1.3303,2.3729,2.8941,2.7482,2.3237,2.171,2.2136
ENSG00000185236,RAB11B,4.3028,4.834,4.7667,4.8916,4.6673,4.4368,3.2246
ENSG00000185238,PRMT3,-1.129,-0.45687,0.69172,-0.29439,-0.72699,0.9312,-0.76603
ENSG00000185262,UBALD2,3.5419,3.7704,5.2127,4.2721,4.0616,4.6597,3.9588
ENSG00000185298,CCDC137,3.8282,4.1285,3.8541,4.4275,4.007,3.6681,3.2965
ENSG00000185359,HGS,2.7112,3.2879,4.0005,4.1937,3.2755,3.5053,3.1247
ENSG00000185414,MRPL30,2.0149,2.8262,2.4256,2.1675,2.2405,1.6814,1.1426
ENSG00000185420,SMYD3,0.18876,0.40964,0.10817,1.0513,0.18212,0.28043,-0.31814
ENSG00000185475,TMEM179B,-0.060307,-0.49799,0.3253,1.2374,-0.28993,-0.17806,0.28343
ENSG00000185480,PARPBP,2.8556,3.0175,2.6714,2.8209,2.5624,1.6386,2.4465
ENSG00000185504,FAAP100,3.4831,4.1436,3.0033,4.1568,3.7905,3.6403,3.4431
ENSG00000185591,SP1,-1.0599,-1.2264,0.30654,-1.4175,-0.21672,-1.5695,-1.3126
ENSG00000185608,MRPL40,0.92801,0.37064,1.6853,1.811,0.37252,1.9063,0.43276
ENSG00000185624,P4HB,5.2721,5.239,5.4958,5.8111,5.9192,5.4632,5.0448
ENSG00000185627,PSMD13,3.6241,3.9774,4.0319,4.368,3.4073,3.9929,2.9261
ENSG00000185650,ZFP36L1,3.1105,3.883,4.4165,3.7783,2.4457,3.223,3.5652
ENSG00000185651,UBE2L3,4.318,4.9209,4.6507,4.9364,4.6248,5.2376,4.613
ENSG00000185658,BRWD1,0.61279,-0.63854,-0.97149,-0.87577,-0.29514,-0.9337,1.4849
ENSG00000185721,DRG1,3.2207,3.5722,3.2676,3.8844,3.6682,2.9425,2.5887
ENSG00000185722,ANKFY1,2.7177,3.167,2.5408,2.8112,2.7048,2.1122,2.1458
ENSG00000185728,YTHDF3,-1.096,-1.2948,-1.0938,-0.92827,-1.4898,-1.5487,-1.0677
ENSG00000185787,MORF4L1,0.3025,1.3162,1.0333,0.93471,1.4556,1.2529,0.057664
ENSG00000185800,DMWD,2.8732,2.9731,2.709,3.1538,2.8353,2.7989,2.476
ENSG00000185803,SLC52A2,3.91,4.0081,4.2826,4.4412,4.158,3.6533,3.4893
ENSG00000185808,PIGP,1.2909,0.80743,0.96806,1.2795,1.1619,1.6215,1.2285
ENSG00000185813,PCYT2,3.4989,4.4676,4.3121,4.525,5.0821,4.2041,3.9064
ENSG00000185825,BCAP31,1.0498,1.2972,1.7532,1.6098,0.97363,1.2569,1.2713
ENSG00000185864,NPIPB4,-1.6062,-0.24046,-0.69411,-0.75877,-0.069699,0.07088,-0.18987
ENSG00000185883,ATP6V0C,3.6626,4.1102,4.2595,4.2384,3.806,4.3444,3.6408
ENSG00000185896,LAMP1,0.33009,1.1583,1.2758,1.8962,1.5385,-0.33005,-0.029651
ENSG00000185947,ZNF267,2.5253,3.2887,2.9178,3.2765,2.6671,2.336,2.8979
ENSG00000185963,BICD2,0.96818,0.26425,-1.2816,2.7161,-0.94617,0.97353,-0.69263
ENSG00000185973,TMLHE,-0.037443,-0.73132,0.78629,0.87918,0.042802,0.66117,0.33854
ENSG00000186010,NDUFA13,2.3309,2.7256,3.2493,3.0592,3.1192,3.0688,2.216
ENSG00000186063,AIDA,3.431,3.906,3.9984,3.667,3.4016,3.0455,2.9352
ENSG00000186111,PIP5K1C,3.4628,4.2473,4.357,4.3646,4.0641,3.6672,3.9169
ENSG00000186130,ZBTB6,-1.0199,-0.44742,-1.3819,-0.40659,-1.7216,-0.52744,-0.45317
ENSG00000186141,POLR3C,1.1751,2.2763,1.6745,1.182,0.25933,0.81826,0.60393
ENSG00000186174,BCL9L,-0.38592,0.4498,-0.31285,-0.32581,-2.1524,-2.337,-0.92528
ENSG00000186184,POLR1D,4.8895,5.124,5.3757,5.3929,5.5631,5.0405,4.7313
ENSG00000186187,ZNRF1,2.8397,3.4886,3.2638,3.2258,2.8961,2.9762,3.5233
ENSG00000186193,SAPCD2,4.1794,4.2412,4.3939,5.1252,4.2811,3.7483,4.3767
ENSG00000186222,BLOC1S4,3.3316,4.1403,3.753,4.0939,4.2495,3.9762,3.7095
ENSG00000186283,TOR3A,4.1021,3.8626,3.6641,4.3564,4.0891,3.8285,3.9086
ENSG00000186298,PPP1CC,2.8885,3.8043,3.5676,3.8125,3.2284,3.4377,2.7913
ENSG00000186312,CA5BP1,0.32221,1.9847,1.781,2.9091,2.1284,3.0401,2.7813
ENSG00000186350,RXRA,3.5536,3.6785,3.428,3.8745,3.8571,2.5935,4.5708
ENSG00000186395,KRT10,1.2216,0.37905,0.3204,1.4731,0.47082,1.4052,0.80126
ENSG00000186416,NKRF,2.4609,2.8324,3.0889,3.406,2.5081,2.5072,2.5563
ENSG00000186432,KPNA4,0.98955,1.5358,1.0171,1.5106,1.0211,1.3207,1.392
ENSG00000186468,RPS23,1.8241,1.8875,2.0338,2.114,2.0102,2.4954,2.373
ENSG00000186501,TMEM222,3.3026,3.6302,3.6895,3.6534,3.4759,3.31,3.2874
ENSG00000186566,GPATCH8,1.8999,1.8285,1.9341,2.5316,1.9108,1.3522,2.0122
ENSG00000186577,SMIM29,-0.14048,0.79356,0.87037,0.20338,0.59432,0.67091,-0.050172
ENSG00000186591,UBE2H,2.4485,2.9243,3.3726,3.2612,2.7374,2.9983,2.6143
ENSG00000186625,KATNA1,0.55615,1.2601,1.784,1.1224,0.40328,1.6128,0.19374
ENSG00000186635,ARAP1,0.31531,1.1178,1.2172,-0.37142,0.4398,-0.10727,-0.70839
ENSG00000186660,ZFP91,-1.2713,-1.6594,-1.532,-1.4011,-1.818,-0.93965,-1.2748
ENSG00000186665,C17orf58,2.68,2.8491,2.6471,3.3243,2.5382,2.7972,3.0257
ENSG00000186687,LYRM7,-2.1256,-2.4659,-2.2581,-1.4241,-2.9432,-2.0309,-1.5417
ENSG00000186716,BCR,2.5959,4.4135,3.6785,3.6765,3.824,2.4032,3.2508
ENSG00000186767,SPIN4,-1.7416,-2.1201,-1.1198,-0.7663,-0.65512,-0.077159,-2.3949
ENSG00000186787,SPIN2B,-0.71572,0.20093,1.2066,-0.077026,-0.46876,1.1292,-0.45716
ENSG00000186815,TPCN1,0.1436,1.9325,1.078,2.4093,0.64015,2.1406,-0.62156
ENSG00000186834,HEXIM1,4.048,3.3003,3.585,4.1281,4.0765,3.499,3.508
ENSG00000186908,ZDHHC17,-0.52243,0.10215,-0.32268,-0.049482,-0.016342,-0.49311,-0.18169
ENSG00000186918,ZNF395,-1.6253,-1.8351,-2.3455,-0.99019,-1.4914,-2.3285,-2.6514
ENSG00000187051,RPS19BP1,0.78783,2.1811,2.5145,2.4874,2.0,1.9859,2.161
ENSG00000187079,TEAD1,-0.67332,-0.95968,-1.1501,-0.37323,-0.77494,-1.845,-2.0126
ENSG00000187109,NAP1L1,0.12951,1.0631,0.57207,1.0724,0.41694,1.1041,0.4787
ENSG00000187118,CMC1,2.6594,2.5558,2.9642,2.9541,3.0002,2.9076,2.0914
ENSG00000187147,RNF220,0.085877,1.0798,0.1742,1.8734,1.2377,0.90736,-0.53757
ENSG00000187193,MT1X,-0.32184,-0.37472,-0.28684,0.30748,0.14184,0.79726,-0.3117
ENSG00000187257,RSBN1L,3.4534,3.5075,3.1727,3.6388,3.2289,3.6147,3.0832
ENSG00000187325,TAF9B,0.4541,0.99694,1.968,0.96309,0.46473,0.029305,0.33185
ENSG00000187446,CHP1,-0.042934,0.77578,0.61442,-0.40894,0.11328,0.040006,-0.74567
ENSG00000187514,PTMA,3.0605,3.3521,3.2797,3.6283,3.0708,2.7776,2.7054
ENSG00000187522,HSPA14,-0.5711,0.089835,-0.51582,0.8196,0.17425,1.7572,0.22892
ENSG00000187555,USP7,2.6296,3.2036,2.8974,3.4353,3.5406,2.4868,1.8228
ENSG00000187608,ISG15,1.6865,3.329,2.5298,3.8825,1.9984,2.8996,3.2262
ENSG00000187713,TMEM203,4.2903,4.623,4.8519,4.824,4.4421,4.3644,4.4923
ENSG00000187735,TCEA1,1.3796,1.5415,2.2539,1.5273,1.3992,0.67457,0.17829
ENSG00000187741,FANCA,1.9921,0.68661,1.5553,2.369,1.6212,0.19049,2.0682
ENSG00000187778,MCRS1,2.2903,3.216,2.1699,2.2532,1.7958,2.5812,1.5882
ENSG00000187837,HIST1H1C,-1.1768,-0.798,-0.78378,-1.3779,-1.3383,-0.15235,-1.0359
ENSG00000187840,EIF4EBP1,4.593,5.0095,4.9307,4.9753,5.1469,4.9343,4.3078
ENSG00000187866,FAM122A,2.3171,2.95,3.3653,2.335,2.8708,2.9954,2.9758
ENSG00000187954,CYHR1,3.572,3.6283,3.9714,3.8069,3.6571,3.4145,3.4092
ENSG00000188010,MORN2,1.5857,1.0419,0.68341,1.9629,-0.29836,0.99246,1.9211
ENSG00000188021,UBQLN2,3.4629,3.8128,3.6816,3.7371,3.5588,2.9362,3.4359
ENSG00000188157,AGRN,3.8815,4.6226,4.8517,3.2726,3.9494,3.5859,3.7084
ENSG00000188186,LAMTOR4,2.6438,3.2428,3.0488,3.042,1.9937,3.256,2.413
ENSG00000188191,PRKAR1B,-4.3232,-3.5287,-3.9078,-3.6265,0.3071,-3.6144,-0.53058
ENSG00000188229,TUBB4B,4.2903,4.4273,5.0721,4.8133,4.0298,4.6085,4.2865
ENSG00000188242,PP7080,3.2155,3.0172,3.3931,3.9046,3.6241,3.2089,3.2422
ENSG00000188243,COMMD6,2.8698,3.141,4.0813,3.8785,2.6862,3.5759,3.1054
ENSG00000188313,PLSCR1,-0.25866,-0.5126,0.052641,0.82011,-0.73428,0.68747,-0.18244
ENSG00000188342,GTF2F2,0.39955,1.6607,1.3876,2.6301,1.2282,1.7071,1.2169
ENSG00000188486,H2AFX,4.6111,4.9293,5.0657,5.3845,4.4733,4.8228,4.9372
ENSG00000188493,C19orf54,-0.2505,-1.217,-0.18481,-0.84704,-0.075583,0.29844,-0.04389
ENSG00000188522,FAM83G,3.0235,3.2537,3.3885,3.8254,3.3451,3.0012,3.1462
ENSG00000188529,SRSF10,2.8727,2.766,2.6355,3.4858,2.3203,1.4665,2.357
ENSG00000188554,NBR1,2.354,1.9878,3.9036,3.0538,3.5196,2.5474,2.4239
ENSG00000188566,NDOR1,0.11254,0.73045,1.5918,0.64137,0.42406,-0.3253,0.51697
ENSG00000188603,CLN3,1.9177,2.8027,2.7322,2.7945,3.5807,2.0549,2.5462
ENSG00000188612,SUMO2,2.5382,2.8951,2.9618,3.3294,3.1243,2.4303,1.7018
ENSG00000188643,S100A16,3.6844,2.9748,4.9734,3.9007,2.815,2.3245,2.6763
ENSG00000188647,PTAR1,1.2365,2.4519,2.0242,1.6065,1.2525,1.9752,1.3827
ENSG00000188690,UROS,2.2842,2.0317,2.7654,2.7031,2.1536,2.4231,1.6106
ENSG00000188706,ZDHHC9,2.3975,2.6466,3.086,2.6931,3.3657,2.7393,2.7016
ENSG00000188725,SMIM15,3.6887,3.817,4.0049,4.0273,3.5788,3.4001,3.5886
ENSG00000188739,RBM34,2.5589,3.1627,2.7991,3.125,3.0205,2.9292,2.2265
ENSG00000188846,RPL14,0.093047,0.36376,0.60134,0.82385,0.36129,1.0994,-0.2685
ENSG00000188895,MSL1,3.5845,3.4582,3.6666,4.2016,3.917,3.3677,3.2515
ENSG00000188917,TRMT2B,-1.2417,-1.0377,-0.21143,-1.5777,-1.7245,-2.2953,-1.5749
ENSG00000188938,FAM120AOS,2.8198,3.1124,3.0517,3.2706,2.0419,3.0175,3.4508
ENSG00000188976,NOC2L,-0.35137,1.2309,0.59408,1.3811,-0.027574,0.0080172,0.56405
ENSG00000188986,NELFB,4.0078,4.4307,4.8244,4.6869,4.3676,4.2556,4.2684
ENSG00000189043,NDUFA4,0.94291,1.0651,1.0228,0.61061,0.87468,0.59776,0.57886
ENSG00000189046,ALKBH2,2.7478,2.878,2.6708,3.5448,3.3067,2.7695,3.1163
ENSG00000189050,RNFT1,1.08,0.32822,0.81117,1.6496,0.99571,1.5364,1.8434
ENSG00000189067,LITAF,3.6689,3.2378,3.0408,3.0124,3.9777,2.5051,3.0765
ENSG00000189077,TMEM120A,1.8013,-0.91415,-0.44996,-0.035297,1.083,-0.2177,0.97972
ENSG00000189091,SF3B3,3.7315,4.2117,4.3099,4.1839,4.0324,3.3602,4.0468
ENSG00000189159,JPT1,3.4965,3.8135,3.5331,4.0869,2.9674,3.0126,3.2558
ENSG00000189171,S100A13,0.6351,1.6679,2.8664,2.6411,0.77922,1.6885,1.2347
ENSG00000189227,C15orf61,2.9886,3.1356,3.3461,3.5324,3.3255,4.1805,3.0727
ENSG00000189241,TSPYL1,1.2,1.8196,2.1217,2.7185,2.2663,1.1035,1.8225
ENSG00000189266,PNRC2,1.5152,3.436,3.2856,2.8373,2.5268,3.1924,1.7591
ENSG00000189306,RRP7A,4.0631,4.374,4.5938,4.5835,4.098,3.4915,3.6733
ENSG00000189319,FAM53B,-1.394,-0.13569,-1.6553,-2.084,-1.4142,-2.3568,-2.9236
ENSG00000189376,C8orf76,2.9441,3.5415,4.0174,4.167,3.4545,3.2499,3.5163
ENSG00000189403,HMGB1,1.6259,1.0537,2.1183,2.8384,0.77728,1.1131,0.75465
ENSG00000196072,BLOC1S2,3.5276,3.8437,3.7826,4.1157,3.8777,3.0632,3.3197
ENSG00000196141,SPATS2L,-0.91026,1.0442,0.26573,1.2557,1.3211,-0.68309,-0.36607
ENSG00000196151,WDSUB1,2.9444,2.6267,2.589,2.842,2.72,2.9564,2.2434
ENSG00000196214,ZNF766,2.5344,2.999,2.9466,2.9216,0.81965,2.5744,2.4501
ENSG00000196230,TUBB,2.5096,4.2085,4.3675,3.8221,3.3321,1.9123,1.5068
ENSG00000196235,SUPT5H,2.3669,2.2493,2.53,2.8049,2.0162,2.398,1.8588
ENSG00000196262,PPIA,2.9449,3.2477,3.3098,3.7047,3.2099,3.1301,2.5338
ENSG00000196290,NIF3L1,3.5687,4.0565,3.7376,4.2451,3.892,3.0502,3.5746
ENSG00000196305,IARS,0.97456,1.048,1.2351,1.786,0.59944,1.4794,0.60451
ENSG00000196313,POM121,2.3053,2.7042,2.7325,2.8417,2.8497,2.5569,2.4764
ENSG00000196352,CD55,1.8421,1.6171,2.2919,2.1731,2.1312,2.6064,0.4422
ENSG00000196363,WDR5,3.0141,3.6824,3.8355,4.0319,3.6413,3.5603,3.402
ENSG00000196365,LONP1,3.8123,4.4514,4.252,4.141,4.336,4.3349,3.3239
ENSG00000196372,ASB13,2.2474,1.9497,2.7391,2.7144,1.9619,0.028891,2.3037
ENSG00000196396,PTPN1,1.5413,1.5857,2.2436,1.5387,1.1764,0.53542,1.4816
ENSG00000196411,EPHB4,2.3506,4.2186,2.8994,3.733,3.7064,2.7872,3.1745
ENSG00000196419,XRCC6,3.0525,3.9382,3.726,4.5464,3.7167,3.3187,2.3611
ENSG00000196449,YRDC,0.76811,0.59114,1.8783,2.7295,1.5852,1.471,0.36299
ENSG00000196453,ZNF777,3.8419,4.5413,3.4097,4.5761,4.2636,4.4435,4.429
ENSG00000196455,PIK3R4,0.66002,-0.084403,0.2407,0.91944,0.3405,-0.43645,-0.6964
ENSG00000196465,MYL6B,3.0518,3.932,3.9479,3.9377,2.9208,3.5001,3.0538
ENSG00000196470,SIAH1,2.4211,3.3666,3.2704,2.4802,3.2814,2.567,2.9341
ENSG00000196497,IPO4,3.5129,3.7025,3.4872,3.7026,3.488,3.1461,3.3132
ENSG00000196498,NCOR2,3.6076,3.5611,4.3365,3.7376,3.3725,3.4987,3.6085
ENSG00000196504,PRPF40A,3.4848,3.6934,3.7089,4.2978,3.7477,3.5903,3.1963
ENSG00000196510,ANAPC7,3.9422,4.1591,4.0411,4.3184,3.9739,4.1298,3.6542
ENSG00000196531,NACA,0.884,2.3673,2.1372,2.288,0.89266,1.8771,1.5775
ENSG00000196544,BORCS6,3.6205,3.7878,3.9499,3.9384,4.1963,3.9546,3.9604
ENSG00000196576,PLXNB2,-0.062584,-1.5275,-0.82953,-0.53324,-1.5458,-0.70802,-0.16174
ENSG00000196591,HDAC2,2.8019,4.1724,3.823,3.9552,3.5707,3.6279,3.2069
ENSG00000196642,RABL6,4.3607,4.8773,4.4457,4.6263,4.4299,4.4882,4.3717
ENSG00000196655,TRAPPC4,0.58067,0.56368,0.92854,1.5729,0.92104,0.94854,0.48338
ENSG00000196683,TOMM7,1.6978,0.30008,2.0838,1.7801,-0.24658,2.3458,-0.024307
ENSG00000196704,AMZ2,2.185,1.7901,1.8836,2.6349,1.8497,1.9268,1.6713
ENSG00000196715,VKORC1L1,3.6042,3.9565,3.9518,3.8844,3.4333,3.4478,3.2651
ENSG00000196743,GM2A,1.2731,2.3894,3.1483,2.271,2.1355,3.1078,0.37961
ENSG00000196756,SNHG17,2.7954,1.3883,1.8826,2.0675,1.8881,0.41772,1.743
ENSG00000196792,STRN3,2.592,2.6488,2.4705,3.186,3.4197,1.5743,2.2445
ENSG00000196821,C6orf106,2.4198,2.896,2.1847,1.3895,2.1927,1.8048,1.6543
ENSG00000196850,PPTC7,-0.44067,0.50002,0.5371,0.7048,0.77138,-1.0384,-1.568
ENSG00000196873,CBWD3,-0.36618,-1.0145,-0.33377,0.054757,-0.7151,-1.553,-0.86365
ENSG00000196914,ARHGEF12,-0.31953,-1.2347,-1.1775,-0.13924,-0.51099,0.12784,-0.79568
ENSG00000196923,PDLIM7,-0.58367,1.1599,1.2097,1.4002,0.38242,-0.09388,-0.71336
ENSG00000196924,FLNA,2.6301,3.4014,2.8549,2.7615,1.5592,2.4259,1.8983
ENSG00000196937,FAM3C,0.68919,1.2326,1.4919,2.4949,0.95098,1.194,0.080522
ENSG00000196943,NOP9,-0.61592,-0.40448,1.3279,0.090662,-0.63126,-0.82505,0.9121
ENSG00000196961,AP2A1,3.7991,4.1532,4.1052,4.1027,4.0572,4.0403,3.1403
ENSG00000196976,LAGE3,1.0085,1.1798,0.28047,1.4186,-0.068072,1.5053,1.4809
ENSG00000196998,WDR45,3.093,2.905,3.3651,2.9162,3.4031,3.0169,3.038
ENSG00000197006,METTL9,3.4166,4.5548,4.4308,3.5391,4.1428,3.8288,3.8177
ENSG00000197019,SERTAD1,4.2878,4.1466,4.1014,4.1918,3.7793,4.1139,4.2849
ENSG00000197021,CXorf40B,1.8957,2.7314,2.1109,2.2119,2.0798,2.5715,2.2986
ENSG00000197045,GMFB,0.20859,-0.30528,-0.40194,0.47727,-0.84621,0.39032,-0.21806
ENSG00000197063,MAFG,1.0732,0.26297,1.554,1.3714,1.0078,2.0351,-1.2468
ENSG00000197070,ARRDC1,2.3213,2.7655,3.7982,3.3808,3.0467,2.0277,2.5197
ENSG00000197081,IGF2R,1.8849,3.2458,3.1201,2.2295,3.8625,2.9262,1.2826
ENSG00000197102,DYNC1H1,1.7009,1.8636,2.3795,1.9828,0.93623,1.0058,1.6982
ENSG00000197111,PCBP2,2.3106,2.7681,2.996,3.0659,3.3187,2.5237,2.1045
ENSG00000197136,PCNX3,3.3147,3.1642,3.5517,3.7283,4.0631,3.3919,3.1969
ENSG00000197157,SND1,3.3707,2.7964,2.0412,2.2564,2.8835,2.5385,1.6742
ENSG00000197170,PSMD12,3.003,2.5082,2.5469,3.9972,2.6296,2.5672,2.9944
ENSG00000197217,ENTPD4,1.0247,2.2169,2.7022,2.2177,1.9811,1.6309,1.7544
ENSG00000197223,C1D,-0.3953,-0.53752,-0.41993,-0.50936,-0.75305,-0.33953,-0.87574
ENSG00000197256,KANK2,2.612,3.0108,3.5552,3.3,2.5538,2.0722,2.6776
ENSG00000197265,GTF2E2,2.616,2.8173,2.7758,3.2599,2.7687,2.1504,1.9765
ENSG00000197275,RAD54B,-1.2064,-0.097327,-0.96026,-1.2883,-0.99297,-0.133,-0.84973
ENSG00000197312,DDI2,-2.2243,-2.2375,-1.2586,-2.1058,-1.9964,-2.1521,-1.3507
ENSG00000197323,TRIM33,-0.81364,0.76752,1.4875,1.1689,0.10194,0.21785,0.82206
ENSG00000197324,LRP10,4.1499,3.8431,4.7668,4.0648,4.0465,3.7541,3.9857
ENSG00000197345,MRPL21,0.11466,0.063298,0.71357,0.4634,0.38771,0.23665,-0.17533
ENSG00000197386,HTT,2.588,3.3987,3.2678,2.268,3.0561,2.6828,2.7613
ENSG00000197417,SHPK,2.0563,2.4987,1.5865,2.3683,0.5212,-0.9097,1.748
ENSG00000197448,GSTK1,3.001,2.955,3.0803,3.4891,3.1505,3.4625,3.0707
ENSG00000197451,HNRNPAB,2.2069,2.2354,2.7033,3.0327,0.99577,2.1778,1.0924
ENSG00000197483,ZNF628,2.5934,3.1449,3.1004,3.0801,2.8906,2.5569,2.9664
ENSG00000197498,RPF2,1.6102,2.045,2.1044,2.6712,1.7874,1.1574,1.243
ENSG00000197548,ATG7,2.1659,1.5128,2.3689,2.3633,1.7661,1.7463,1.5841
ENSG00000197579,TOPORS,1.4419,1.6476,2.2194,1.7688,1.5327,0.65601,0.27096
ENSG00000197622,CDC42SE1,2.723,2.2924,3.0248,3.1948,2.9432,3.2872,3.0884
ENSG00000197694,SPTAN1,-0.43336,0.44251,0.2758,1.0887,1.5651,-0.4491,0.46604
ENSG00000197712,FAM114A1,1.8827,-0.14852,0.88493,0.54481,0.74557,-0.37465,0.13662
ENSG00000197713,RPE,-0.2801,-0.192,-0.63099,1.2195,-0.439,-0.66106,-1.378
ENSG00000197728,RPS26,3.021,2.4575,2.9858,3.6779,2.463,2.9645,2.5936
ENSG00000197746,PSAP,2.3869,3.2716,2.4737,3.0057,2.8767,3.2273,2.6052
ENSG00000197756,RPL37A,3.5,2.6962,3.4146,3.9235,3.7288,3.5968,3.321
ENSG00000197771,MCMBP,1.9638,2.6112,2.2801,3.2601,2.4071,1.9505,2.1171
ENSG00000197780,TAF13,-0.68759,-1.6543,-1.1809,-0.17112,0.23632,-1.0794,-0.79741
ENSG00000197785,ATAD3A,-2.1775,-0.47804,-1.0271,0.1944,-0.97157,0.10905,-1.5806
ENSG00000197858,GPAA1,2.9158,2.7627,4.0238,3.6245,2.6928,1.8236,2.4218
ENSG00000197879,MYO1C,3.0805,2.4353,2.821,3.3788,1.9627,2.5997,2.692
ENSG00000197894,ADH5,1.0247,2.2005,1.8044,2.4554,1.6673,1.786,0.82527
ENSG00000197912,SPG7,3.5016,4.2948,4.0568,3.692,4.0276,3.3019,3.7194
ENSG00000197930,ERO1A,1.5134,1.0175,2.6092,2.3048,1.6961,1.8435,0.036977
ENSG00000197956,S100A6,2.2316,0.018597,2.4832,2.5487,0.73588,0.78662,-0.11658
ENSG00000197958,RPL12,1.9452,2.0569,2.0976,2.3359,2.222,2.1523,1.5129
ENSG00000197965,MPZL1,3.8633,3.8543,3.7701,3.6938,3.9254,3.2377,3.2738
ENSG00000197976,AKAP17A,3.3339,4.337,3.0692,3.7158,3.6099,3.6634,3.7516
ENSG00000197982,C1orf122,3.6542,4.2909,3.9449,4.4696,4.3847,4.0187,3.579
ENSG00000198000,NOL8,1.757,1.6092,2.2676,2.7096,1.8324,2.207,0.69162
ENSG00000198015,MRPL42,-0.2168,0.25509,0.35084,1.0728,1.1898,-0.28647,0.7092
ENSG00000198026,ZNF335,2.7688,1.8747,3.0395,2.9984,2.3428,2.7173,2.8398
ENSG00000198034,RPS4X,1.592,1.9023,1.9735,1.6592,1.3698,2.0123,1.4088
ENSG00000198042,MAK16,0.49077,1.3942,-0.037727,1.3893,0.62597,0.45596,1.3694
ENSG00000198055,GRK6,1.8917,3.1543,2.3637,3.5044,2.5543,2.9904,2.6836
ENSG00000198056,PRIM1,0.68967,1.6416,0.8892,1.9099,-0.31558,0.88768,0.84799
ENSG00000198060,MARCH5,0.93884,1.3425,2.1077,2.1508,2.1439,2.4109,1.1821
ENSG00000198087,CD2AP,0.15298,0.22201,0.012027,-0.05674,0.50396,0.13442,-0.6006
ENSG00000198130,HIBCH,0.83728,2.4493,2.5075,1.9351,1.7114,2.4578,1.3537
ENSG00000198146,ZNF770,1.116,1.8367,0.97605,1.0268,1.3325,1.2513,0.57934
ENSG00000198162,MAN1A2,0.68056,-1.177,-0.18495,-0.060301,-1.1046,-0.90639,-0.036401
ENSG00000198168,SVIP,0.35479,0.046598,0.39969,0.34326,1.0629,-0.26366,-0.56968
ENSG00000198171,DDRGK1,3.4632,3.6019,2.9544,3.6753,4.1179,3.4976,2.6169
ENSG00000198176,TFDP1,3.3658,3.8137,4.1949,4.1989,3.688,3.315,3.738
ENSG00000198189,HSD17B11,1.6225,1.1206,2.4299,2.8379,2.5172,3.4273,1.9243
ENSG00000198218,QRICH1,3.6175,4.0997,4.3267,4.2928,3.9139,3.5178,3.4344
ENSG00000198231,DDX42,3.4917,3.7418,3.9003,4.0449,4.0554,3.1784,3.3564
ENSG00000198242,RPL23A,1.7242,1.5799,1.7645,1.8304,2.2507,2.0184,1.0878
ENSG00000198252,STYX,-2.4805,-2.9212,-2.3327,-2.6404,-2.1943,-2.0107,-2.1057
ENSG00000198258,UBL5,0.81966,1.542,1.5448,2.32,1.0649,1.4263,1.0451
ENSG00000198276,UCKL1,1.6816,2.0012,1.7997,2.9056,2.4736,2.4026,0.98799
ENSG00000198355,PIM3,3.2494,4.1982,4.3327,4.7325,4.4414,3.6187,3.9223
ENSG00000198356,ASNA1,1.0741,1.3517,1.459,1.5872,1.1287,0.62453,1.521
ENSG00000198363,ASPH,1.2466,-0.41956,1.1675,1.3498,-0.29728,0.57636,-0.31735
ENSG00000198369,SPRED2,3.0727,2.6445,3.6297,3.3759,3.4883,2.7001,2.8564
ENSG00000198380,GFPT1,1.7489,0.90245,1.5964,2.1373,2.4372,1.6736,2.5016
ENSG00000198382,UVRAG,-1.753,-2.6429,-2.7825,-2.8127,-2.5701,-2.3795,-2.3767
ENSG00000198408,MGEA5,2.8321,3.4938,3.5407,3.6786,3.0375,2.7048,2.2312
ENSG00000198420,TCAF1,2.981,3.5391,3.4853,3.838,3.8016,3.337,3.6949
ENSG00000198431,TXNRD1,4.3029,3.5706,4.6603,4.0852,3.2921,3.2455,3.116
ENSG00000198464,ZNF480,0.7356,1.0972,0.43406,1.9156,1.425,0.36546,0.72046
ENSG00000198492,YTHDF2,3.986,4.9348,4.6045,4.7603,4.6123,4.0398,4.0725
ENSG00000198498,TMA16,1.6895,2.2807,2.4609,2.9552,2.2118,1.9648,1.1066
ENSG00000198517,MAFK,3.9746,3.5843,4.2375,3.8755,3.3703,3.5754,3.483
ENSG00000198522,GPN1,3.236,3.5074,3.7088,3.3719,3.0805,2.9607,2.7423
ENSG00000198546,ZNF511,3.5831,4.1105,3.7588,3.9951,3.7536,3.9282,3.3066
ENSG00000198554,WDHD1,2.3555,2.9707,2.355,2.7774,1.9119,1.4128,2.1659
ENSG00000198585,NUDT16,3.3468,3.7995,3.9617,3.3152,3.6094,3.4408,3.4182
ENSG00000198586,TLK1,0.41177,1.0159,0.14608,1.4431,1.1359,0.81956,-0.27429
ENSG00000198612,COPS8,0.53279,0.22828,0.44318,0.82518,1.1365,0.30888,0.34482
ENSG00000198663,C6orf89,-0.29901,-0.76875,1.0715,0.18346,-0.51212,1.4616,-0.6217
ENSG00000198668,CALM1,3.8761,4.2688,3.9351,4.2441,3.6414,3.1567,4.0549
ENSG00000198677,TTC37,0.2445,0.55047,0.2096,-0.11526,0.014237,0.23717,-0.27484
ENSG00000198700,IPO9,3.5503,4.2368,3.8132,4.3649,3.7088,3.6846,3.4737
ENSG00000198712,MT-CO2,0.96908,1.3929,1.5241,1.5761,1.5244,0.84318,0.63225
ENSG00000198715,GLMP,3.2305,3.631,3.2133,3.3165,3.5114,2.7315,2.8791
ENSG00000198721,ECI2,0.9865,2.1762,1.8714,1.5979,1.3568,0.88356,0.16884
ENSG00000198727,MT-CYB,2.0851,2.915,2.8283,2.6429,2.5426,2.3894,1.9432
ENSG00000198730,CTR9,2.6455,3.1085,2.91,4.0811,2.8363,2.1442,2.6171
ENSG00000198736,MSRB1,3.7601,4.4138,2.4846,4.0757,4.3335,3.3001,4.2142
ENSG00000198743,SLC5A3,0.69607,-0.11511,0.04116,-0.53835,-0.70612,0.88693,-0.47122
ENSG00000198752,CDC42BPB,3.4621,3.6128,3.9144,3.6397,3.6846,2.632,3.1184
ENSG00000198755,RPL10A,3.442,4.0088,4.2956,4.2386,3.6923,4.0896,3.5597
ENSG00000198763,MT-ND2,-0.11298,0.45614,0.29804,0.53571,0.40891,-0.26556,-0.71045
ENSG00000198783,ZNF830,2.0395,2.4956,1.8658,2.1328,2.0988,1.449,2.2959
ENSG00000198786,MT-ND5,0.71774,1.7739,2.2502,1.2028,1.064,0.56133,0.28561
ENSG00000198791,CNOT7,2.1966,2.2868,1.7809,2.7354,1.8938,1.8189,1.8093
ENSG00000198792,TMEM184B,-0.14146,2.507,0.71816,1.8915,0.86962,0.35259,-0.30227
ENSG00000198793,MTOR,2.1594,2.9555,3.1294,3.3997,2.9619,2.7111,2.2391
ENSG00000198804,MT-CO1,1.3444,2.17,2.2856,1.7469,1.81,1.3269,1.1149
ENSG00000198805,PNP,4.2493,4.5937,4.8196,4.5943,3.9228,4.244,3.8883
ENSG00000198816,ZNF358,3.5562,4.393,4.3403,3.4227,3.6254,3.552,3.718
ENSG00000198818,SFT2D1,2.0016,1.3384,1.4563,1.7403,1.6903,1.625,0.40497
ENSG00000198824,CHAMP1,0.29586,0.084858,-0.19039,1.1557,-1.1056,-1.0541,-0.44411
ENSG00000198826,ARHGAP11A,2.2354,2.0974,2.7196,2.7032,1.5461,1.4041,1.8713
ENSG00000198830,HMGN2,2.8987,3.7982,3.5662,4.0985,1.8828,4.1966,3.228
ENSG00000198833,UBE2J1,0.93146,0.94608,2.5474,2.4133,2.2564,2.0387,1.6222
ENSG00000198836,OPA1,-1.8824,-1.9602,-1.5937,-1.7765,-2.0936,-1.8444,-2.0802
ENSG00000198837,DENND4B,2.2789,2.3952,2.476,2.7886,2.4481,2.0835,1.7686
ENSG00000198839,ZNF277,1.6083,2.0925,2.4049,2.8075,2.4231,2.7509,2.0918
ENSG00000198840,MT-ND3,2.374,0.87477,0.14282,3.0796,2.3867,3.1466,1.3677
ENSG00000198841,KTI12,3.5305,3.7756,3.9448,3.9277,3.8171,3.4361,3.5776
ENSG00000198843,SELENOT,0.83707,1.3918,1.809,1.7199,1.6395,1.1285,0.81357
ENSG00000198856,OSTC,3.5212,4.6132,4.6068,4.5651,4.2918,4.5819,3.8643
ENSG00000198858,R3HDM4,2.2412,3.3921,3.5865,3.3104,3.12,3.4495,2.5694
ENSG00000198860,TSEN15,-1.2802,-1.3417,-0.91426,-1.2043,-0.64819,0.32604,-0.70934
ENSG00000198863,RUNDC1,2.7556,2.8151,2.911,3.194,3.1542,2.4274,3.0131
ENSG00000198876,DCAF12,-0.48761,0.062132,1.5738,1.2569,1.1052,-0.96466,1.6426
ENSG00000198886,MT-ND4,1.6646,1.9091,1.718,1.8005,1.4286,1.4424,1.191
ENSG00000198887,SMC5,-1.2562,-1.1126,-0.97422,-1.2768,0.051749,-0.89215,-1.4803
ENSG00000198888,MT-ND1,2.1073,2.0666,2.1336,2.2352,3.4232,1.512,0.73959
ENSG00000198894,CIPC,0.71202,1.7904,1.5048,1.9965,1.1926,1.2106,1.0639
ENSG00000198898,CAPZA2,3.0155,3.636,2.8751,3.8438,3.6608,3.3425,2.3837
ENSG00000198899,MT-ATP6,2.5057,2.8166,2.9093,4.3099,2.2704,2.6628,1.9419
ENSG00000198900,TOP1,1.4323,1.9395,1.9955,3.1419,2.3557,1.856,1.6881
ENSG00000198901,PRC1,2.5929,2.2924,3.298,3.3149,1.9369,2.5173,1.1074
ENSG00000198909,MAP3K3,2.4162,2.8504,2.8481,2.7274,2.1278,2.452,2.9493
ENSG00000198911,SREBF2,1.5075,1.7838,2.2828,2.7798,1.9812,2.0801,-0.10957
ENSG00000198912,C1orf174,3.4574,3.7905,3.8991,4.1235,3.4475,3.1616,3.2575
ENSG00000198917,SPOUT1,2.974,3.9482,3.7122,4.0401,3.383,2.8738,3.9233
ENSG00000198918,RPL39,1.6967,2.0144,2.0912,2.1726,1.7563,1.9189,1.4727
ENSG00000198924,DCLRE1A,-1.0116,-1.4611,-2.1399,-0.26875,-0.97646,-0.96094,-1.3547
ENSG00000198925,ATG9A,3.0611,3.6769,3.606,4.0158,4.0468,3.1672,1.9752
ENSG00000198931,APRT,1.8426,1.496,1.7175,2.2894,1.2356,1.3922,0.8906
ENSG00000198937,CCDC167,2.5358,2.5161,2.9829,2.6984,0.93448,2.5046,1.9776
ENSG00000198938,MT-CO3,0.16152,1.5045,1.5053,1.6724,1.6815,1.1081,-0.31623
ENSG00000198951,NAGA,2.9633,3.5774,3.7835,3.5911,3.1438,3.4527,3.5172
ENSG00000198952,SMG5,2.364,3.5535,3.4129,3.2661,3.4276,3.0064,2.3617
ENSG00000198954,KIF1BP,2.3886,2.6997,2.6548,2.6425,2.0052,1.2706,0.32713
ENSG00000198960,ARMCX6,3.007,3.2436,3.8563,3.8533,3.1001,3.1966,3.8482
ENSG00000198961,PJA2,0.38064,0.70612,0.53094,1.2902,0.46844,-0.014976,-0.18112
ENSG00000198964,SGMS1,-1.4352,-1.6678,-1.5341,-0.95355,-1.7939,-1.5501,-0.78481
ENSG00000203667,COX20,1.23,1.9938,0.49068,2.3822,1.9264,1.9218,0.70158
ENSG00000203668,CHML,1.2109,0.23479,0.47412,-0.66879,0.38436,1.115,0.16973
ENSG00000203760,CENPW,1.0705,-0.14661,0.68902,0.94376,0.033529,0.34045,-0.80152
ENSG00000203778,FAM229B,-1.0198,-1.1659,-0.14528,-1.4734,-1.8644,-1.7999,-0.065694
ENSG00000203791,EEF1AKMT2,1.7578,1.9687,2.5582,2.5779,2.1307,2.4631,1.9983
ENSG00000203875,SNHG5,2.6622,3.1545,3.2897,2.3367,2.937,2.5768,2.5768
ENSG00000203879,GDI1,-0.043709,-0.27427,1.1236,0.69342,0.6919,0.04226,0.55791
ENSG00000203880,PCMTD2,-1.0208,-1.2294,-0.30858,-0.071677,0.047251,-2.7451,-1.0191
ENSG00000204070,SYS1,3.7808,3.7299,4.1604,3.8709,4.4024,3.3052,3.9884
ENSG00000204138,PHACTR4,-0.92335,-0.96386,-0.8007,-1.0272,-1.3147,-1.092,-0.66465
ENSG00000204160,ZDHHC18,2.8621,3.4402,3.317,3.5592,2.8937,3.4047,2.3639
ENSG00000204178,TMEM57,2.1726,2.5004,2.7093,2.7549,2.5684,2.0439,2.3475
ENSG00000204237,OXLD1,3.7061,4.1126,4.2256,4.2245,3.8653,3.8728,4.166
ENSG00000204272,NBDY,1.6372,1.8752,2.1929,2.573,0.18321,-0.31425,0.84118
ENSG00000204308,RNF5,-0.20928,0.50841,0.046496,0.64315,-0.92559,-0.32775,-0.70281
ENSG00000204316,MRPL38,4.0336,4.0392,4.0812,4.4987,3.8373,3.7223,3.6005
ENSG00000204356,NELFE,-0.18488,0.82616,0.4277,0.67545,-0.43152,0.15588,0.782
ENSG00000204370,SDHD,0.7655,1.1909,1.3053,2.1239,1.3292,1.9991,0.30648
ENSG00000204387,C6orf48,0.91631,0.37013,2.2918,1.941,1.4134,1.4949,0.70704
ENSG00000204392,LSM2,0.30331,1.887,1.5329,1.1756,0.068461,0.82082,-0.47454
ENSG00000204394,VARS,1.1085,1.7713,1.0971,1.8419,0.83436,0.32585,-0.65536
ENSG00000204463,BAG6,0.91899,0.64582,0.85045,0.81356,0.98278,0.17581,-0.055345
ENSG00000204568,MRPS18B,0.82913,1.8168,2.0688,2.0896,0.88885,0.59614,0.29915
ENSG00000204628,RACK1,4.0491,4.3593,4.5233,4.6038,4.0745,4.4733,3.6197
ENSG00000204673,AKT1S1,2.9368,2.8806,2.7666,3.0217,2.4523,1.0757,2.3602
ENSG00000204713,TRIM27,0.69498,0.35351,2.5333,0.66682,1.3038,2.2232,0.36787
ENSG00000204822,MRPL53,3.6394,3.4951,4.0192,3.9405,3.089,3.7132,3.5842
ENSG00000204843,DCTN1,1.2217,1.1563,1.7367,1.2272,0.68479,0.06232,0.23446
ENSG00000204856,FAM216A,-0.41558,-0.053991,-0.30871,0.9145,0.16634,-0.096326,-0.99784
ENSG00000204899,MZT1,0.26247,-0.062184,0.6222,0.6353,-0.064468,0.28086,-0.10665
ENSG00000204922,UQCC3,4.1285,3.9466,3.7136,4.5139,3.828,3.6617,4.2141
ENSG00000204954,C12orf73,-0.50639,0.64909,-0.049383,-0.51256,-0.14114,1.0931,-0.38262
ENSG00000205060,SLC35B4,2.3949,2.0915,2.2373,1.859,2.3506,2.498,1.988
ENSG00000205133,TRIQK,-2.4945,-2.3472,-2.1899,-2.0803,-2.3688,-2.0779,-2.4706
ENSG00000205138,SDHAF1,4.0676,4.1213,3.716,4.1875,4.1477,4.2864,3.9873
ENSG00000205155,PSENEN,1.4372,-0.016292,0.18715,0.70565,0.7252,0.53679,-0.85932
ENSG00000205220,PSMB10,-0.97055,0.81489,0.76995,1.5829,0.90423,-0.38904,0.18297
ENSG00000205250,E2F4,3.7424,4.2606,4.3586,4.6597,4.2501,3.9848,3.7848
ENSG00000205268,PDE7A,1.3346,2.1829,1.7919,1.6995,1.3179,1.5217,0.97988
ENSG00000205302,SNX2,1.7595,2.3611,2.1894,2.0576,0.89621,2.0174,1.223
ENSG00000205323,SARNP,0.22045,0.81536,0.63234,0.78025,-0.47399,1.4857,0.078489
ENSG00000205339,IPO7,3.6878,4.314,4.4379,4.3468,4.1738,3.436,3.8006
ENSG00000205352,PRR13,1.6882,1.7109,2.0446,2.4108,1.9256,1.494,1.3885
ENSG00000205531,NAP1L4,3.5014,3.9259,3.9687,4.1653,3.8395,3.4159,3.4146
ENSG00000205542,TMSB4X,4.5774,5.3518,5.2656,4.588,0.51922,5.1455,4.2138
ENSG00000205544,TMEM256,-0.092786,0.25943,0.51369,0.4786,-0.64395,0.70153,-0.33727
ENSG00000205581,HMGN1,0.97802,1.5316,1.1557,1.5084,1.3104,1.4368,1.5167
ENSG00000205609,EIF3CL,0.98525,1.058,2.1349,1.4735,0.64325,1.4569,1.803
ENSG00000205629,LCMT1,-0.59594,0.040662,0.086109,-0.50707,-0.26694,-0.7659,-0.81201
ENSG00000205670,SMIM11A,-1.5462,-0.59688,0.0088191,-0.59716,-0.60816,-0.86112,-1.5963
ENSG00000205758,CRYZL1,-1.1972,-0.11224,0.11435,-0.39019,0.46878,0.96043,-1.0404
ENSG00000205765,C5orf51,-0.63026,-1.4018,0.61913,-1.381,-1.6768,0.46778,-1.294
ENSG00000205903,ZNF316,2.1005,1.9268,1.9873,2.6086,1.5023,2.5128,2.4799
ENSG00000205937,RNPS1,0.30708,1.2595,1.6223,2.0916,1.5067,0.49576,0.66842
ENSG00000205981,DNAJC19,-0.35335,0.97664,1.2287,1.3758,0.96292,1.0567,0.7853
ENSG00000206053,JPT2,3.5354,4.1705,4.2879,4.0154,3.7249,3.1767,3.7441
ENSG00000210082,MT-RNR2,2.676,3.2358,3.2545,3.0091,3.0636,2.3713,1.6431
ENSG00000211450,SELENOH,0.63167,1.9581,1.6878,2.2191,0.49007,1.725,1.0991
ENSG00000211456,SACM1L,2.9556,2.8494,2.2664,2.9797,2.2992,1.9981,1.3647
ENSG00000211459,MT-RNR1,2.6854,3.5452,3.2506,3.165,3.0306,2.7913,2.4697
ENSG00000211460,TSN,2.7565,3.2549,2.8439,3.6,3.1507,2.6648,2.6907
ENSG00000211584,SLC48A1,0.02085,-0.99713,-0.85257,-0.62292,-1.3829,0.83741,-0.50692
ENSG00000212907,MT-ND4L,-3.2904,-3.0492,-2.9971,-3.2644,-3.0195,-3.411,-3.641
ENSG00000213015,ZNF580,3.3988,2.9669,3.6957,3.6124,3.541,3.2064,2.5454
ENSG00000213024,NUP62,4.3823,4.69,4.6526,4.8253,4.0619,3.8916,4.0523
ENSG00000213066,FGFR1OP,0.86531,1.1163,0.50939,1.2114,0.22497,-0.60558,-0.93697
ENSG00000213079,SCAF8,0.83235,0.6631,1.3633,1.0222,0.99282,1.3756,0.71928
ENSG00000213160,KLHL23,0.4839,-0.0496,-1.1355,0.38262,-0.13192,-0.27517,-0.25814
ENSG00000213246,SUPT4H1,4.4962,4.5706,4.8724,4.8743,4.9913,4.35,4.6621
ENSG00000213281,NRAS,1.818,2.162,1.5065,1.5126,2.0206,1.1142,1.4241
ENSG00000213337,ANKRD39,3.2746,3.9164,3.6841,4.4747,3.6335,3.9749,4.1338
ENSG00000213339,QTRT1,1.9088,1.9077,1.4365,2.2113,0.62553,1.6342,-0.33269
ENSG00000213341,CHUK,0.54827,-0.62883,0.1298,1.7568,0.62818,-0.11162,0.65045
ENSG00000213397,HAUS7,3.3825,3.2951,2.4503,3.205,2.027,2.906,1.1944
ENSG00000213465,ARL2,1.4371,2.4508,2.3114,2.0555,1.6685,2.0715,0.71444
ENSG00000213523,SRA1,3.1885,3.6369,3.87,3.7205,3.3966,3.3988,2.7045
ENSG00000213551,DNAJC9,2.8334,2.6903,2.4182,3.5412,2.4182,3.1398,2.3237
ENSG00000213563,C8orf82,3.6876,3.7177,4.1493,4.2197,3.7439,3.6024,3.9506
ENSG00000213585,VDAC1,2.226,2.5594,2.6199,3.2357,2.7373,2.3188,2.2911
ENSG00000213593,TMX2,2.9156,3.0907,2.9253,3.3464,2.9512,2.9128,1.5017
ENSG00000213614,HEXA,1.5876,0.82248,1.7318,0.95311,2.4135,0.83923,1.1543
ENSG00000213619,NDUFS3,0.039707,0.80247,0.31485,1.1537,0.39116,0.091351,-0.047097
ENSG00000213625,LEPROT,1.7888,2.7433,3.0847,2.652,2.7206,2.7948,1.6143
ENSG00000213639,PPP1CB,2.6179,2.4717,2.6928,3.18,2.6866,2.273,2.2029
ENSG00000213719,CLIC1,3.9136,5.527,6.1866,4.9477,4.9288,4.5825,3.8566
ENSG00000213741,RPS29,3.5522,3.5249,3.7053,3.7823,3.5852,3.4698,3.1094
ENSG00000213753,CENPBD1P1,3.0669,2.9967,3.2967,2.8435,1.9789,2.4528,2.498
ENSG00000213782,DDX47,3.2323,3.9223,4.1073,4.1089,3.3272,2.2566,3.0311
ENSG00000213923,CSNK1E,2.8568,3.5238,3.8346,3.2967,3.1384,2.4231,2.6803
ENSG00000213977,TAX1BP3,4.2451,3.7263,4.0866,3.6766,3.2843,3.1128,3.8013
ENSG00000213995,NAXD,2.9864,3.3497,3.4339,3.5155,3.1444,3.0418,3.5642
ENSG00000214022,REPIN1,3.7624,4.1797,3.7312,4.2585,4.4105,4.0985,4.0414
ENSG00000214026,MRPL23,1.9775,0.87405,1.5179,1.6668,1.7884,0.10917,-0.16568
ENSG00000214046,SMIM7,1.2661,2.1303,1.177,2.262,1.3366,1.2579,2.5378
ENSG00000214063,TSPAN4,0.80468,1.6051,2.0632,1.1421,0.82541,-1.0426,0.70591
ENSG00000214078,CPNE1,1.9822,1.6351,2.6445,2.3247,2.2177,1.2311,1.0013
ENSG00000214087,ARL16,2.5554,3.2469,3.4684,3.2426,1.6072,1.5669,1.9789
ENSG00000214113,LYRM4,3.0813,3.4533,3.4041,3.4495,3.5652,3.677,2.3664
ENSG00000214114,MYCBP,1.7133,1.7602,2.5554,3.0788,1.9198,1.1854,1.7559
ENSG00000214160,ALG3,2.9463,2.9843,3.5314,3.6198,3.3154,2.4691,2.5621
ENSG00000214194,SMIM30,3.352,3.7901,4.0622,4.2002,3.1602,4.1993,3.546
ENSG00000214253,FIS1,1.8126,2.1854,2.0415,2.7203,1.0067,1.5414,2.0027
ENSG00000214413,BBIP1,0.52164,0.24807,1.0513,0.97448,0.60463,0.17241,-0.42153
ENSG00000214517,PPME1,1.8097,2.4394,0.68303,2.1742,0.69251,1.7302,1.518
ENSG00000214530,STARD10,2.5273,2.7707,2.4867,3.732,4.533,2.7236,4.5149
ENSG00000214706,IFRD2,3.6123,3.9185,4.4805,4.3008,3.5959,3.7204,3.6534
ENSG00000214717,ZBED1,1.3835,2.6037,2.195,2.5158,3.3529,1.8836,2.351
ENSG00000214736,TOMM6,1.142,0.76389,0.98869,1.738,0.46181,-0.044138,-0.45939
ENSG00000214753,HNRNPUL2,1.0877,1.8058,2.2166,1.9461,1.6833,1.2094,1.3684
ENSG00000215021,PHB2,3.9349,4.3947,4.6135,4.7464,4.0932,4.1326,3.52
ENSG00000215114,UBXN2B,-0.85934,-0.69479,-1.2738,-0.38408,-0.73216,-1.3492,-0.43951
ENSG00000215251,FASTKD5,4.0074,3.9606,3.4895,3.9644,4.0867,3.524,3.3026
ENSG00000215301,DDX3X,1.9762,1.4821,1.895,1.8487,2.0039,1.4449,1.9938
ENSG00000215305,VPS16,-0.041671,1.0937,0.53945,0.42998,-0.22971,0.76896,0.039372
ENSG00000215712,TMEM242,2.9264,3.4842,3.5383,3.2787,3.465,3.7923,2.5363
ENSG00000215717,TMEM167B,-0.53918,-1.3731,-0.61257,-0.24341,-0.48738,-0.75459,-1.3414
ENSG00000215784,FAM72D,-1.1669,-1.9627,-2.1472,-1.4617,-2.2767,-0.53815,-1.5696
ENSG00000216490,IFI30,-0.51265,-0.59369,-1.0313,0.3819,-0.22049,0.38419,-0.61966
ENSG00000217555,CKLF,-1.1025,-1.5306,-1.4958,-1.3977,-1.0049,-1.4888,-1.3572
ENSG00000217930,PAM16,2.6236,2.0431,2.1491,3.0154,2.3807,2.7968,1.9715
ENSG00000218739,CEBPZOS,-3.2486,-2.41,-3.435,-3.3688,-3.2424,-3.0817,-3.0035
ENSG00000218891,ZNF579,4.2077,4.1842,4.4602,4.7727,4.2502,3.9849,3.9542
ENSG00000219200,RNASEK,3.8816,3.9016,4.5725,4.0233,3.5865,3.8197,3.4312
ENSG00000220205,VAMP2,1.8346,2.4848,2.2346,1.9453,1.949,2.21,1.5249
ENSG00000221823,PPP3R1,-0.16411,0.40267,-0.096511,2.5355,-1.0501,0.75407,1.0281
ENSG00000221829,FANCG,3.3385,3.6619,3.7221,4.0267,2.8805,2.7906,3.4839
ENSG00000221869,CEBPD,3.8651,2.8534,4.0865,3.7974,4.501,3.5222,3.993
ENSG00000221909,FAM200A,1.5283,2.2868,2.0283,2.2487,2.5372,1.1423,2.0727
ENSG00000221914,PPP2R2A,3.6691,4.1373,4.4905,4.4038,3.9123,3.4583,3.4211
ENSG00000221944,TIGD1,0.68057,1.8156,1.5698,0.34728,2.0243,0.50777,2.0257
ENSG00000221983,UBA52,3.3606,3.7339,4.6054,4.2174,3.5417,4.4148,3.5433
ENSG00000223478,AL441992.1,-0.069704,1.2391,0.29692,1.2476,-0.44847,0.31837,1.3174
ENSG00000223496,EXOSC6,3.7585,3.8387,3.8102,4.0609,4.2575,3.3853,3.6462
ENSG00000224032,EPB41L4A-AS1,1.2116,2.1725,2.9532,2.1775,1.1436,2.5259,1.43
ENSG00000224051,CPTP,4.0073,4.191,4.4509,4.0656,4.3619,4.0008,3.7463
ENSG00000224470,ATXN1L,-0.89672,-0.47891,-0.8964,-0.24694,-1.2654,-1.4618,-0.53398
ENSG00000224531,SMIM13,2.9135,2.5785,3.3065,3.3955,2.9479,2.8176,2.9415
ENSG00000224877,NDUFAF8,2.5063,2.5295,2.6108,2.8144,2.0432,1.5736,1.8446
ENSG00000225151,GOLGA2P7,3.6145,4.3774,4.1549,3.8439,3.4945,3.8999,3.8016
ENSG00000225470,JPX,2.0201,2.9036,2.799,0.5814,1.713,2.1776,1.4652
ENSG00000225484,NUTM2B-AS1,1.7115,1.9717,2.291,0.98418,1.8359,2.8,0.86866
ENSG00000225630,MTND2P28,-0.10468,-2.222,-1.7144,-0.35309,0.3468,-1.0725,-0.8205
ENSG00000225663,MCRIP1,3.5557,4.3806,4.3636,3.7567,3.3808,3.585,3.2885
ENSG00000225733,FGD5-AS1,3.0503,3.3991,4.0468,3.0582,3.6272,2.9853,2.8585
ENSG00000225921,NOL7,2.8406,3.3383,2.7591,3.5533,3.5515,3.3177,2.6697
ENSG00000225973,PIGBOS1,3.1455,2.5729,3.1207,3.0608,3.2278,3.4837,2.9524
ENSG00000226479,TMEM185B,3.6126,3.0088,3.7607,3.7012,2.9887,2.8826,3.3979
ENSG00000226950,DANCR,1.7095,2.1809,1.4598,2.2892,2.7018,0.1106,0.97384
ENSG00000227345,PARG,0.69068,1.7379,1.1892,2.4863,1.8228,0.69668,2.0868
ENSG00000227500,SCAMP4,3.5194,3.0693,3.7449,3.3813,3.7376,2.8772,2.6986
ENSG00000228253,MT-ATP8,-0.36819,-0.071619,-0.093145,-0.10879,0.043475,-0.64032,-1.0367
ENSG00000228300,C19orf24,3.9398,3.9436,3.6838,4.6135,4.177,4.0694,3.6923
ENSG00000228474,OST4,2.2176,2.5888,2.8909,2.4827,1.9804,2.6227,2.4262
ENSG00000228716,DHFR,1.4724,1.8469,1.964,2.5496,1.1065,2.555,0.48146
ENSG00000229117,RPL41,5.0607,5.6328,5.6341,5.4034,4.7924,5.4801,5.0799
ENSG00000229833,PET100,2.7235,2.8259,3.0659,3.4575,1.409,2.7233,2.5537
ENSG00000230124,ACBD6,3.0961,3.3853,4.1899,3.9124,2.7843,4.0196,3.0124
ENSG00000230551,AC021078.1,1.1843,1.6316,2.1982,2.861,2.3626,1.9772,2.4286
ENSG00000230989,HSBP1,1.864,1.7533,1.9505,2.6223,1.9996,1.9308,1.8886
ENSG00000231500,RPS18,1.6272,2.8014,2.966,2.6426,2.4109,2.4999,1.7461
ENSG00000232098,AC012313.1,3.2994,2.928,2.9447,3.497,3.411,3.8553,3.4835
ENSG00000232112,TMA7,1.1092,0.46869,0.72592,1.6659,0.93123,0.32834,0.57177
ENSG00000232119,MCTS1,-0.45518,-0.65858,-0.32716,-0.32445,-0.64452,0.048565,-0.48529
ENSG00000232388,SMIM26,4.0299,4.1841,3.6634,4.0856,4.282,4.098,4.2569
ENSG00000232442,MHENCR,-0.72016,-0.18874,0.33949,-0.87057,-0.32433,0.41683,0.24618
ENSG00000232533,AC093673.1,2.764,3.6012,3.4462,3.3784,3.5606,3.1974,2.9791
ENSG00000232838,PET117,3.5076,3.4243,3.3054,3.7318,3.8454,3.0909,3.0612
ENSG00000233016,SNHG7,3.3263,3.4961,3.9665,4.0365,3.4351,3.4891,3.2905
ENSG00000233369,GTF2IP4,3.2388,4.3332,3.3784,3.7226,3.6732,3.1115,4.1079
ENSG00000233461,AL445524.1,-1.317,-1.5568,-2.1493,-0.28478,-1.502,0.69997,-2.1429
ENSG00000233927,RPS28,1.3545,0.38732,0.62632,1.4203,1.0756,1.1504,0.77748
ENSG00000234449,FAM239A,-0.91599,0.63014,-0.35305,1.0166,-0.82373,-0.81257,-0.54997
ENSG00000234545,FAM133B,2.3633,2.9484,2.6268,3.0061,2.9231,1.9821,2.3037
ENSG00000234608,MAPKAPK5-AS1,2.3266,3.0476,3.3827,2.7756,1.8341,2.9724,2.5434
ENSG00000234741,GAS5,0.78198,2.0627,2.1092,0.85269,1.5054,2.6743,1.4824
ENSG00000235173,HGH1,3.6051,4.0171,3.9984,4.1763,3.5095,3.6554,3.2199
ENSG00000235453,SMIM27,0.32686,1.4146,1.5032,0.11193,0.89457,1.0317,0.38216
ENSG00000235823,OLMALINC,1.4523,1.8383,1.0104,3.1844,1.9148,1.6686,0.64431
ENSG00000236287,ZBED5,3.518,3.9319,3.354,3.4191,3.174,3.4534,3.3647
ENSG00000236618,PITPNA-AS1,4.0087,3.982,3.6642,4.1525,3.4722,3.641,3.8528
ENSG00000237190,CDKN2AIPNL,3.7413,4.1258,4.0257,4.2643,2.6995,3.1339,3.3283
ENSG00000237649,KIFC1,3.1868,4.5236,4.715,4.2299,2.8668,3.7898,3.6015
ENSG00000237973,MTCO1P12,0.046812,1.1533,0.62777,0.73267,-0.26002,0.35956,0.91916
ENSG00000238227,TMEM250,4.1582,4.6217,4.6821,4.4218,4.3128,3.8903,3.8887
ENSG00000239264,TXNDC5,3.7027,4.2892,4.4409,4.3957,4.6816,3.1573,3.3394
ENSG00000239305,RNF103,3.3707,2.5194,3.408,2.9542,3.6204,2.3526,2.7219
ENSG00000239306,RBM14,3.8527,4.0382,3.9907,4.0395,3.1277,3.4898,2.9823
ENSG00000239382,ALKBH6,2.8043,1.5762,2.7734,3.0725,1.6272,2.8955,2.8349
ENSG00000239672,NME1,3.6136,3.3093,3.4202,4.4516,3.2301,3.2151,3.4171
ENSG00000239779,WBP1,3.0687,3.5395,3.2108,2.8548,2.7601,2.2787,3.1298
ENSG00000239789,MRPS17,3.656,4.0183,4.121,4.1717,3.553,3.12,3.3014
ENSG00000239857,GET4,2.3098,3.3522,2.9514,3.0452,3.2773,3.2457,3.0497
ENSG00000239900,ADSL,-0.44193,-0.070921,-0.22793,0.13949,-0.16464,-0.71416,-0.68503
ENSG00000240024,LINC00888,-0.56754,0.56882,1.166,0.54227,1.0551,-0.091434,-0.29298
ENSG00000240230,COX19,-1.0314,0.42111,0.8011,0.53227,0.17001,-0.0068471,-0.46839
ENSG00000240344,PPIL3,1.4739,1.841,2.1395,2.4088,1.6387,1.7644,1.9345
ENSG00000240682,ISY1,-0.040314,0.36539,0.4789,0.18054,-0.16198,0.44328,-0.33249
ENSG00000240849,TMEM189,2.2171,1.1499,1.5612,1.6405,2.0835,1.8888,1.3413
ENSG00000240857,RDH14,3.8803,4.0958,3.9573,3.8864,4.283,3.0414,3.8828
ENSG00000240972,MIF,1.1958,1.4088,1.7521,1.4031,1.1652,0.57829,0.64577
ENSG00000241127,YAE1D1,3.2804,3.7404,3.3551,3.4339,3.3845,2.7444,3.2438
ENSG00000241258,CRCP,-1.3031,-0.6755,-1.7916,-1.6099,-1.5514,-0.79598,-1.8022
ENSG00000241343,RPL36A,3.4591,3.4256,3.8958,3.7365,3.6868,3.8453,3.3762
ENSG00000241360,PDXP,3.2431,4.2553,3.6693,4.5402,4.4271,3.7623,3.1801
ENSG00000241468,ATP5J2,2.5533,2.5248,2.4078,3.3066,2.3245,2.0887,2.45
ENSG00000241553,ARPC4,1.5487,1.6796,1.9258,1.8375,0.47288,0.98875,0.83193
ENSG00000241685,ARPC1A,2.8883,2.4967,3.2914,3.2758,3.3286,2.5013,2.6058
ENSG00000241837,ATP5O,1.4171,2.1841,2.3312,2.2451,2.2733,2.2962,0.96468
ENSG00000241878,PISD,0.63831,2.5339,0.089654,0.63424,0.9857,1.3935,0.70141
ENSG00000241973,PI4KA,1.0127,2.5172,3.0283,2.9531,3.4006,3.7936,3.0942
ENSG00000242028,HYPK,-0.48996,0.76873,0.99443,2.3727,1.4499,0.31178,0.86547
ENSG00000242114,MTFP1,4.5764,5.147,4.5287,4.8462,4.2912,4.6075,4.5369
ENSG00000242125,SNHG3,-1.1516,-0.056048,0.28643,-0.31016,-0.54705,0.40829,-1.5915
ENSG00000242247,ARFGAP3,0.52363,2.2715,1.6496,2.0519,2.4872,2.8109,1.4958
ENSG00000242259,C22orf39,-2.4377,-2.8007,-3.0028,-2.2623,-2.6171,-2.4498,-2.4298
ENSG00000242372,EIF6,3.686,4.3952,4.4569,4.5338,3.9952,4.0238,3.7718
ENSG00000242485,MRPL20,4.3285,4.6929,4.6388,4.9806,4.2629,4.4093,4.4452
ENSG00000242616,GNG10,1.4702,0.18615,1.035,2.3451,0.56309,1.7742,1.3808
ENSG00000243147,MRPL33,3.2615,3.0063,3.9276,3.5425,2.8728,3.1994,2.637
ENSG00000243156,MICAL3,-0.97387,-1.829,-1.0856,-1.3874,-2.1768,-1.1052,-1.9262
ENSG00000243317,STMP1,2.5084,3.0716,2.7271,3.2966,2.6962,2.7372,3.0736
ENSG00000243449,C4orf48,2.4351,1.9847,2.499,2.7398,1.9747,2.6472,2.2848
ENSG00000243678,NME2,3.7902,3.6331,4.3261,4.4664,4.0379,3.6601,3.213
ENSG00000243725,TTC4,3.5163,4.034,3.8228,4.0654,3.6383,3.9196,3.631
ENSG00000243749,TMEM35B,1.3029,1.949,3.3419,2.2122,1.234,2.5705,2.2547
ENSG00000243927,MRPS6,2.2153,3.3089,2.7659,3.0471,2.6456,2.1946,2.3379
ENSG00000243989,ACY1,2.5089,2.7048,2.6904,2.3551,2.7549,3.3566,2.2951
ENSG00000244005,NFS1,3.7037,3.2726,3.7478,3.7125,3.8702,3.3495,3.0582
ENSG00000244038,DDOST,-0.12042,-0.14868,-0.1661,0.20364,-0.088565,-0.04979,0.012236
ENSG00000244045,TMEM199,3.129,3.1841,3.2551,3.7259,3.534,2.6641,3.3316
ENSG00000244115,DNAJC25-GNG10,-2.1068,-1.1616,-2.2198,-1.2769,-1.8432,-0.57458,-1.4969
ENSG00000244187,TMEM141,2.4805,1.6692,2.5714,2.6569,1.6084,3.0551,2.5244
ENSG00000244462,RBM12,2.7437,3.7029,3.2937,3.8821,3.5198,2.5127,2.9324
ENSG00000244687,UBE2V1,2.7169,3.5487,3.7033,3.5975,3.525,3.1858,3.3503
ENSG00000244754,N4BP2L2,-1.5575,-2.0783,-1.1722,-1.0902,-1.5855,-2.0832,-2.1039
ENSG00000245910,SNHG6,0.43573,-0.34931,-0.012598,1.1456,0.13408,0.86757,0.68816
ENSG00000245937,LINC01184,-2.8232,-2.5215,-2.1602,-1.5155,-2.4764,-2.3402,-2.5217
ENSG00000246067,RAB30-AS1,-2.4774,-2.7044,-2.2369,-2.31,-2.6636,-2.783,-2.5074
ENSG00000247077,PGAM5,3.2557,4.1866,3.5586,4.6137,3.2867,2.9257,3.5865
ENSG00000247315,ZCCHC3,2.8188,3.3217,2.7157,2.5868,3.6043,1.9299,0.78356
ENSG00000247556,OIP5-AS1,2.5478,3.3339,2.636,2.8725,3.0936,3.1797,2.9846
ENSG00000247596,TWF2,4.1171,4.7135,5.2061,4.7428,4.7156,4.504,3.9546
ENSG00000248098,BCKDHA,3.3147,3.2169,3.6299,2.5269,2.0987,3.5909,2.8375
ENSG00000248275,TRIM52-AS1,2.1298,2.5703,2.8048,3.0379,2.6581,2.8291,3.028
ENSG00000248333,CDK11B,2.1872,2.7143,2.4951,2.3534,2.5454,1.9646,2.2889
ENSG00000248487,ABHD14A,3.0364,3.0494,3.3228,3.3901,3.7676,2.8947,2.1393
ENSG00000248527,MTATP6P1,1.1083,0.99432,1.4309,1.5658,1.0489,-1.2697,1.0945
ENSG00000249859,PVT1,1.3713,0.85441,1.5021,1.1431,1.0572,1.2938,0.72738
ENSG00000249915,PDCD6,2.2456,3.0343,3.026,2.9798,2.675,3.8747,3.2765
ENSG00000250317,SMIM20,2.9649,3.8938,3.3187,3.4534,3.2053,3.5014,3.1396
ENSG00000250479,CHCHD10,2.6549,2.2008,3.1155,2.6744,2.2812,1.0594,1.4122
ENSG00000251022,THAP9-AS1,2.9274,3.4224,3.6873,3.8138,3.4985,3.4708,3.1419
ENSG00000253352,TUG1,3.1094,3.9251,3.6818,3.4381,3.8417,3.4447,3.9396
ENSG00000253719,ATXN7L3B,2.4442,3.817,3.7796,3.5109,3.3893,3.015,3.0801
ENSG00000253729,PRKDC,3.5637,4.0368,4.5817,4.1878,3.6238,3.5709,3.1391
ENSG00000253738,OTUD6B-AS1,-1.0925,-0.46366,-1.1332,-1.179,-0.4966,-0.43252,-1.1036
ENSG00000253797,UTP14C,0.14139,0.48547,0.86528,1.6315,0.32821,0.36127,0.064569
ENSG00000254087,LYN,2.8364,4.2066,4.1084,4.2636,3.0626,3.9785,3.5585
ENSG00000254093,PINX1,2.7407,3.2944,3.0536,3.6705,2.8736,2.7243,2.2559
ENSG00000254505,CHMP4A,-0.18212,-0.35774,0.33645,1.4644,0.50717,0.22578,-0.18843
ENSG00000254635,WAC-AS1,1.3028,-0.47829,-0.51591,-0.84862,-1.172,-0.33545,-0.38795
ENSG00000254772,EEF1G,3.1456,3.0546,3.1138,3.1954,2.8578,3.4512,2.9059
ENSG00000254858,MPV17L2,3.5223,3.623,3.3718,3.9097,3.2635,3.0653,3.2658
ENSG00000254986,DPP3,3.2624,3.7277,3.1548,3.8157,3.1918,3.4682,2.9967
ENSG00000254999,BRK1,1.7432,2.1547,3.1675,2.307,0.26605,3.2977,1.3867
ENSG00000255112,CHMP1B,4.1209,4.3029,4.9184,4.2818,4.4127,3.4032,3.9777
ENSG00000255508,AP002990.1,2.1742,0.41826,0.59716,2.3899,2.1502,2.5558,1.7945
ENSG00000255529,POLR2M,2.8075,2.8759,3.0974,2.8954,2.7739,2.4068,2.0629
ENSG00000255717,SNHG1,1.9661,1.823,2.1915,2.5936,1.9615,2.8926,0.7646
ENSG00000256028,AC026362.1,1.568,2.1958,1.0419,0.18459,-0.94238,0.61062,-1.1797
ENSG00000256053,APOPT1,3.3638,3.647,3.3213,3.6737,3.8958,3.0746,3.3902
ENSG00000256060,TRAPPC2B,2.7187,3.0946,3.4726,3.3527,3.4338,2.5509,3.6866
ENSG00000256235,SMIM3,-1.1867,-0.86636,-1.6202,-1.1178,-2.4177,-1.6599,-1.2834
ENSG00000256269,HMBS,2.8135,3.714,3.624,3.5043,2.5859,2.8354,3.0414
ENSG00000256525,POLG2,1.8765,0.43259,1.5895,1.6202,1.0578,1.8638,0.78506
ENSG00000257103,LSM14A,1.633,2.4551,2.594,1.9793,2.3777,2.128,1.0087
ENSG00000257167,TMPO-AS1,3.0552,3.5333,2.9475,3.3951,2.9751,2.6956,3.0888
ENSG00000257218,GATC,0.14129,2.2659,2.7646,1.1484,0.13375,1.6424,0.63237
ENSG00000257267,ZNF271P,0.56637,-2.0117,-1.0755,-0.37558,-0.65888,-0.61069,-1.7968
ENSG00000257315,ZBED6,-1.4544,-1.3247,-1.5956,-1.0329,-1.4178,-1.4401,-1.6869
ENSG00000257365,FNTB,1.7385,1.8102,1.3781,2.3172,1.7441,1.2104,2.1403
ENSG00000257704,INAFM1,-1.1209,-1.6221,-1.3305,-0.47719,-1.0366,0.6797,-0.41197
ENSG00000257727,CNPY2,2.6341,3.0699,2.7282,2.8424,3.453,2.3811,2.2423
ENSG00000257923,CUX1,-0.23438,-0.5199,-0.52719,1.6302,-0.75998,-0.77168,0.48111
ENSG00000258289,CHURC1,0.45675,-0.81619,0.12671,-0.75392,0.28308,-0.83689,-0.86442
ENSG00000258315,C17orf49,2.6926,2.4246,3.044,2.6481,-0.45572,2.2013,1.1911
ENSG00000258429,PDF,4.3945,4.514,3.9408,5.0043,4.7021,3.9591,4.0983
ENSG00000258790,AL121594.3,-0.054328,0.89312,0.53204,0.92357,-0.098872,0.04468,0.94577
ENSG00000258947,TUBB3,-0.084927,0.6341,-0.40551,1.1122,0.12966,-1.5316,-0.094405
ENSG00000259040,BLOC1S5-TXNDC5,2.6795,3.0822,3.0856,3.3066,3.5501,2.8971,2.8092
ENSG00000259494,MRPL46,3.4014,3.355,3.2213,3.7818,3.7767,3.3352,3.2713
ENSG00000259956,RBM15B,3.5654,4.6461,4.3936,4.1089,3.8886,3.6875,3.9276
ENSG00000260032,NORAD,1.3439,1.1415,1.6839,1.7109,1.984,0.94929,0.8552
ENSG00000260260,SNHG19,1.1312,0.3359,0.035032,2.2704,1.2679,1.4031,1.8197
ENSG00000260272,AC093525.2,0.64916,0.94947,2.8182,1.8228,1.6775,2.8462,1.6346
ENSG00000261061,AC092718.4,-1.1037,-0.60112,-1.2611,-1.6592,-0.44453,-1.3458,-1.704
ENSG00000261221,ZNF865,3.9717,3.9639,3.8464,4.1977,3.8968,4.0307,3.7667
ENSG00000261236,BOP1,4.746,4.7634,5.1833,5.2381,4.4222,4.5972,4.1938
ENSG00000261408,TEN1-CDK3,3.0046,3.2166,2.9329,3.4591,2.9667,2.433,2.479
ENSG00000261740,BOLA2-SMG1P6,2.2801,2.5792,2.7685,2.6687,1.5458,1.3387,1.381
ENSG00000262664,OVCA2,3.7755,3.4186,3.9305,3.9406,3.494,2.5736,3.9276
ENSG00000262814,MRPL12,4.9031,4.8577,4.9445,5.4555,4.8064,4.6115,4.4925
ENSG00000262919,CCNQ,3.9237,3.9223,3.7765,4.5149,3.7378,3.851,4.0934
ENSG00000263001,GTF2I,3.5201,4.3277,3.8264,4.0508,3.9863,3.203,3.5697
ENSG00000263465,SRSF8,3.4202,3.9414,3.8281,4.4178,4.3357,3.7605,3.3463
ENSG00000264364,DYNLL2,2.7804,3.6647,3.1902,4.093,3.3439,2.7165,3.551
ENSG00000264772,AC016876.2,3.1327,3.9632,3.734,3.8629,2.5651,2.7628,2.7956
ENSG00000265241,RBM8A,2.3461,3.7588,3.2976,3.8329,2.6998,3.6424,2.9106
ENSG00000265354,TIMM23,4.0,3.9849,3.8808,4.2628,3.9676,3.9902,3.6905
ENSG00000265479,DTX2P1-UPK3BP1-PMS2P11,2.8264,3.116,2.7025,3.4072,2.7703,3.1558,3.0181
ENSG00000265491,RNF115,2.5885,2.5268,2.9633,2.7762,2.4035,2.3354,2.9853
ENSG00000265681,RPL17,1.6882,1.9754,1.8246,2.4151,1.7605,1.4537,0.93211
ENSG00000265808,SEC22B,0.084454,1.0422,1.5334,1.0258,1.4589,0.82103,1.0816
ENSG00000266028,SRGAP2,2.7887,3.0089,2.8926,3.1841,3.1627,3.083,3.1456
ENSG00000266412,NCOA4,3.0094,3.3154,4.1678,3.825,4.0089,3.1494,3.2483
ENSG00000266472,MRPS21,3.0973,3.4094,3.2295,3.3931,3.1262,2.7301,3.0788
ENSG00000266962,AC067852.2,3.2059,3.3661,3.9804,3.6736,3.6086,2.8929,2.457
ENSG00000267100,ILF3-AS1,2.3217,3.1883,3.3703,3.399,2.8429,3.0976,2.9853
ENSG00000267426,AC087289.3,0.061063,0.67236,1.8114,1.2958,1.5135,2.1267,0.22829
ENSG00000267673,FDX2,3.2738,3.9172,3.7027,3.8917,3.3209,3.5748,3.6306
ENSG00000267796,LIN37,1.1095,0.42622,1.8888,1.0075,0.94588,-0.59591,-0.074449
ENSG00000267855,NDUFA7,1.8514,1.9825,1.752,2.4167,1.5428,1.8565,1.1373
ENSG00000269335,IKBKG,2.7844,3.0083,3.0596,2.8028,3.1341,3.1482,3.0381
ENSG00000269858,EGLN2,4.1957,4.6413,4.4425,4.3063,3.9671,3.9009,3.6262
ENSG00000269893,SNHG8,2.673,3.607,3.9967,3.3218,3.5683,3.9309,3.2905
ENSG00000270170,NCBP2-AS2,4.0898,4.6258,4.5795,4.5431,4.5445,4.368,4.7231
ENSG00000270617,URGCP-MRPS24,-0.74622,-0.43144,-0.54838,0.51919,-0.777,-0.22296,-0.46537
ENSG00000270647,TAF15,0.48826,2.0472,1.7622,3.1275,1.7349,1.2471,-0.95346
ENSG00000271303,SRXN1,4.3937,3.3605,3.6919,4.0538,3.8864,3.2277,1.8335
ENSG00000272047,GTF2H5,2.8641,3.7125,3.3337,3.5017,3.0074,3.7381,2.9015
ENSG00000272325,NUDT3,1.7885,2.693,2.8736,3.0928,2.6453,2.2027,1.792
ENSG00000272333,KMT2B,2.8815,2.9005,3.0691,2.7895,2.9409,2.8889,2.5748
ENSG00000272391,POM121C,3.428,3.6022,3.2994,4.1068,3.7549,3.2427,2.8534
ENSG00000272447,AL135925.1,1.5687,3.2423,2.3692,2.6507,3.6521,2.9018,1.6504
ENSG00000272617,COG8,3.3929,4.1223,3.7965,4.102,3.8565,3.3366,3.0399
ENSG00000272752,STAG3L5P-PVRIG2P-PILRB,1.8657,2.9839,1.8607,2.7894,1.8444,2.7303,2.5165
ENSG00000272779,AC245060.4,-0.27793,0.55655,-0.55511,1.0493,0.089371,0.46169,-0.55342
ENSG00000272886,DCP1A,-2.1234,-0.69512,-0.51308,-2.0642,-0.5853,-2.3743,-2.2787
ENSG00000272888,LINC01578,3.5047,4.1899,3.9896,3.8252,3.9359,4.1078,4.005
ENSG00000273590,SMIM11B,-0.87683,0.27288,-0.23839,-0.43414,-0.17628,-0.39185,-1.7738
ENSG00000273611,ZNHIT3,1.9458,2.9435,2.3812,3.0705,2.6063,2.6398,2.278
ENSG00000273749,CYFIP1,1.6408,1.1704,2.2302,2.2452,1.7584,1.6873,1.1421
ENSG00000273841,TAF9,0.65175,-0.30885,0.88654,0.37125,-0.38135,0.70422,-0.75241
ENSG00000273899,NOL12,1.2368,1.3619,1.5472,0.77919,0.41665,0.85823,-0.89859
ENSG00000274523,RCC1L,4.3037,4.6497,4.173,4.7722,4.5875,4.6784,3.8592
ENSG00000274605,AL355338.1,2.6649,2.9514,2.8313,3.2865,1.3662,1.8712,0.63964
ENSG00000275052,PPP4R3B,0.010971,0.65157,2.2215,2.6265,2.2327,0.86,0.21969
ENSG00000275464,FP565260.1,2.8282,3.6844,3.3238,3.5618,2.7067,2.3539,3.3511
ENSG00000275700,AATF,1.4531,1.4101,1.3707,2.3271,0.42324,0.34343,-0.16949
ENSG00000275895,U2AF1L5,-0.28147,-0.13297,0.13207,0.015672,-0.08744,-0.28338,0.055907
ENSG00000276043,UHRF1,3.235,3.3381,3.8827,4.1508,3.3111,3.0405,3.1361
ENSG00000276045,ORAI1,4.3378,4.4181,4.7499,4.6285,4.2602,4.1039,4.4093
ENSG00000276293,PIP4K2B,0.47212,0.34385,0.0086144,-0.73168,-0.80518,0.52336,-1.1875
ENSG00000276345,AC004556.1,0.51681,0.89009,0.055777,-0.52024,-0.13753,1.0649,-0.50815
ENSG00000277258,PCGF2,0.58118,1.4822,0.93441,0.27761,-0.52821,0.39527,-0.88895
ENSG00000277443,MARCKS,0.11384,0.595,0.56401,1.0321,0.28642,-1.0607,-0.66573
ENSG00000277791,PSMB3,1.532,1.6107,1.6759,1.6713,0.93873,1.4203,0.22544
ENSG00000277957,SENP3-EIF4A1,0.70933,0.7396,0.25181,1.4962,-0.094395,1.048,0.51309
ENSG00000277972,CISD3,2.975,2.7413,3.5197,3.215,3.0636,2.593,2.479
ENSG00000278311,GGNBP2,1.4482,0.70241,-0.33695,1.9374,1.1061,2.1163,-0.57717
ENSG00000278615,C11orf98,3.4081,3.9626,3.1569,3.8151,2.6196,2.4245,3.1921
ENSG00000280071,FP565260.6,3.2573,4.3102,3.7829,3.551,3.5706,3.6652,3.7503
ENSG00000280789,PAGR1,3.9979,4.4133,3.6313,4.4425,4.0901,3.6519,4.0457
ENSG00000280987,MATR3,-0.056198,1.2919,1.1755,1.2621,0.50362,-0.43999,0.82345
ENSG00000281649,EBLN3P,3.3611,3.3213,3.7886,3.6417,3.7418,2.9327,3.3986
ENSG00000282034,AC106886.5,3.0379,2.9168,2.7077,3.2355,3.242,2.8622,3.1236
ENSG00000283103,AC010642.2,1.3446,-0.84433,1.438,1.5776,0.36289,2.465,-0.82622
ENSG00000283907,AD000090.1,-2.9912,-3.3219,-2.0796,-0.92102,-2.1085,-3.3893,-3.263
ENSG00000284116,AL772307.1,-0.37391,-2.0173,0.10075,-0.56697,0.27171,0.65169,-1.4183
ENSG00000284707,AC079781.5,2.0339,2.6119,2.6339,3.1741,2.9619,3.4801,2.0267
